1000000000 5344 60990002548
8 30 3939699
8 44 547129
8 84 547129
8 98 3939699
10 16 43694016
10 32 43694016
10 44 2737400
10 48 43694016
10 56 1376190
10 60 1353812
10 64 43694016
10 68 1353812
10 72 1376190
10 80 43694016
10 84 2737400
10 96 43694016
10 112 43694016
12 16 34749827
12 28 4713024
12 30 6718331
12 32 34749827
12 38 4079912
12 40 2963070
12 42 5884616
12 44 4152878
12 46 5377625
12 48 25555201
12 52 1620900
12 54 7150709
12 58 4984965
12 60 27295
12 64 25555201
12 68 27295
12 70 4984965
12 74 7150709
12 76 1620900
12 80 25555201
12 82 5377625
12 84 4152878
12 86 5884616
12 88 2963070
12 90 4079912
12 96 34749827
12 98 6718331
12 100 4713024
12 112 34749827
14 16 44409333
14 22 14622479
14 24 7757933
14 26 19321623
14 32 44409333
14 36 3319868
14 38 15050330
14 40 14530186
14 42 772740
14 44 15095889
14 48 35214708
14 50 2891183
14 52 9914306
14 54 14055736
14 56 7698811
14 58 13950870
14 60 6222257
14 62 8522339
14 64 35214708
14 66 8522339
14 68 6222257
14 70 13950870
14 72 7698811
14 74 14055736
14 76 9914306
14 78 2891183
14 80 35214708
14 84 15095889
14 86 772740
14 88 14530186
14 90 15050330
14 92 3319868
14 96 44409333
14 102 19321623
14 104 7757933
14 106 14622479
14 112 44409333
16 10 43694016
16 12 34749827
16 14 44409333
16 16 150535134
16 18 2230954
16 20 11329787
16 22 9830331
16 24 19885608
16 26 24957007
16 28 48027852
16 30 43694016
16 34 4098178
16 36 12498765
16 38 17195783
16 40 30593515
16 42 29397446
16 44 27990523
16 46 9813357
16 48 1001715
16 50 2878723
16 52 14020665
16 54 23876971
16 56 27353777
16 58 29045404
16 60 17373267
16 62 7468227
16 64 1633625
16 66 7468227
16 68 17373267
16 70 29045404
16 72 27353777
16 74 23876971
16 76 14020665
16 78 2878723
16 80 1001715
16 82 9813357
16 84 27990523
16 86 29397446
16 88 30593515
16 90 17195783
16 92 12498765
16 94 4098178
16 98 43694016
16 100 48027852
16 102 24957007
16 104 19885608
16 106 9830331
16 108 11329787
16 110 2230954
16 112 150535134
16 114 44409333
16 116 34749827
16 118 43694016
18 16 2230954
18 32 1115477
18 34 832603
18 46 1499958
18 48 1115477
18 50 1852671
18 52 535712
18 62 777182
18 64 1935778
18 66 777182
18 76 535712
18 78 1852671
18 80 1115477
18 82 1499958
18 94 832603
18 96 1115477
18 112 2230954
20 16 11329787
20 30 222407
20 32 4187931
20 36 2884522
20 46 1946455
20 48 4187931
20 54 1740
20 56 832603
20 60 2014706
20 64 4187931
20 68 2014706
20 72 832603
20 74 1740
20 80 4187931
20 82 1946455
20 92 2884522
20 96 4187931
20 98 222407
20 112 11329787
22 14 14622479
22 16 9830331
22 28 832603
22 32 9479409
22 40 2434032
22 42 8647784
22 44 7676735
22 46 1778907
22 48 8436908
22 50 1033235
22 56 7986972
22 58 11607967
22 60 3003453
22 62 2626970
22 64 7316618
22 66 2626970
22 68 3003453
22 70 11607967
22 72 7986972
22 78 1033235
22 80 8436908
22 82 1778907
22 84 7676735
22 86 8647784
22 88 2434032
22 96 9479409
22 100 832603
22 112 9830331
22 114 14622479
24 14 7757933
24 16 19885608
24 26 1145381
24 28 25456964
24 32 21251133
24 40 13318442
24 42 1679679
24 44 11275991
24 48 9014223
24 52 1640867
24 54 25366212
24 56 17333551
24 58 24657364
24 60 12326321
24 64 9239460
24 68 12326321
24 70 24657364
24 72 17333551
24 74 25366212
24 76 1640867
24 80 9014223
24 84 11275991
24 86 1679679
24 88 13318442
24 96 21251133
24 100 25456964
24 102 1145381
24 112 19885608
24 114 7757933
26 14 19321623
26 16 24957007
26 24 1145381
26 26 3000398
26 28 6931068
26 32 32207728
26 40 279951
26 42 27593399
26 48 32558649
26 54 16033603
26 56 7407332
26 58 6388136
26 60 1252559
26 64 32558649
26 68 1252559
26 70 6388136
26 72 7407332
26 74 16033603
26 80 32558649
26 86 27593399
26 88 279951
26 96 32207728
26 100 6931068
26 102 3000398
26 104 1145381
26 112 24957007
26 114 19321623
28 12 4713024
28 16 48027852
28 22 832603
28 24 25456964
28 26 6931068
28 32 31500535
28 36 6156954
28 40 18025349
28 42 834719
28 44 4859188
28 48 31500535
28 52 7640842
28 54 2356208
28 56 26193173
28 60 9089011
28 64 32306118
28 68 9089011
28 72 26193173
28 74 2356208
28 76 7640842
28 80 31500535
28 84 4859188
28 86 834719
28 88 18025349
28 92 6156954
28 96 31500535
28 102 6931068
28 104 25456964
28 106 832603
28 112 48027852
28 116 4713024
30 8 3939699
30 12 6718331
30 16 43694016
30 20 222407
30 30 2238481
30 32 48652530
30 36 3546466
30 38 10505744
30 40 1283732
30 44 16806045
30 46 5028101
30 48 52297353
30 50 5348241
30 52 8321416
30 54 906840
30 56 890016
30 58 8147780
30 60 8753725
30 62 2018956
30 64 53238819
30 66 2018956
30 68 8753725
30 70 8147780
30 72 890016
30 74 906840
30 76 8321416
30 78 5348241
30 80 52297353
30 82 5028101
30 84 16806045
30 88 1283732
30 90 10505744
30 92 3546466
30 96 48652530
30 98 2238481
30 108 222407
30 112 43694016
30 116 6718331
30 120 3939699
32 10 43694016
32 12 34749827
32 14 44409333
32 18 1115477
32 20 4187931
32 22 9479409
32 24 21251133
32 26 32207728
32 28 31500535
32 30 48652530
32 32 764555
32 34 1017761
32 36 1942475
32 38 14811809
32 40 19976525
32 42 50845547
32 44 15286637
32 46 9781981
32 48 165764
32 50 1563117
32 52 6495850
32 54 20770745
32 56 27515752
32 58 32827310
32 60 13691456
32 62 3978795
32 64 1080626
32 66 3978795
32 68 13691456
32 70 32827310
32 72 27515752
32 74 20770745
32 76 6495850
32 78 1563117
32 80 165764
32 82 9781981
32 84 15286637
32 86 50845547
32 88 19976525
32 90 14811809
32 92 1942475
32 94 1017761
32 96 764555
32 98 48652530
32 100 31500535
32 102 32207728
32 104 21251133
32 106 9479409
32 108 4187931
32 110 1115477
32 114 44409333
32 116 34749827
32 118 43694016
34 16 4098178
34 18 832603
34 32 1017761
34 36 17385
34 38 2425917
34 46 2980329
34 48 1202920
34 60 1544697
34 64 988111
34 68 1544697
34 80 1202920
34 82 2980329
34 90 2425917
34 92 17385
34 96 1017761
34 110 832603
34 112 4098178
36 14 3319868
36 16 12498765
36 20 2884522
36 28 6156954
36 30 3546466
36 32 1942475
36 34 17385
36 36 5590285
36 40 4338797
36 42 201232
36 44 8787067
36 48 3162694
36 50 220205
36 52 2011297
36 54 101287
36 56 4203898
36 60 1190117
36 62 730031
36 64 3162694
36 66 730031
36 68 1190117
36 72 4203898
36 74 101287
36 76 2011297
36 78 220205
36 80 3162694
36 84 8787067
36 86 201232
36 88 4338797
36 92 5590285
36 94 17385
36 96 1942475
36 98 3546466
36 100 6156954
36 108 2884522
36 112 12498765
36 114 3319868
38 12 4079912
38 14 15050330
38 16 17195783
38 30 10505744
38 32 14811809
38 34 2425917
38 38 3159084
38 40 220375
38 42 24212524
38 44 696555
38 46 3354203
38 48 11899451
38 50 631680
38 52 2310287
38 56 7029040
38 58 9610945
38 60 10726121
38 62 1991276
38 64 11481701
38 66 1991276
38 68 10726121
38 70 9610945
38 72 7029040
38 76 2310287
38 78 631680
38 80 11899451
38 82 3354203
38 84 696555
38 86 24212524
38 88 220375
38 90 3159084
38 94 2425917
38 96 14811809
38 98 10505744
38 112 17195783
38 114 15050330
38 116 4079912
40 12 2963070
40 14 14530186
40 16 30593515
40 22 2434032
40 24 13318442
40 26 279951
40 28 18025349
40 30 1283732
40 32 19976525
40 36 4338797
40 38 220375
40 42 2311549
40 44 9008154
40 46 4454645
40 48 18839127
40 52 5468441
40 54 6465793
40 56 18152695
40 60 3103578
40 64 18522011
40 68 3103578
40 72 18152695
40 74 6465793
40 76 5468441
40 80 18839127
40 82 4454645
40 84 9008154
40 86 2311549
40 90 220375
40 92 4338797
40 96 19976525
40 98 1283732
40 100 18025349
40 102 279951
40 104 13318442
40 106 2434032
40 112 30593515
40 114 14530186
40 116 2963070
42 12 5884616
42 14 772740
42 16 29397446
42 22 8647784
42 24 1679679
42 26 27593399
42 28 834719
42 32 50845547
42 36 201232
42 38 24212524
42 40 2311549
42 42 24425392
42 44 3805695
42 48 53535885
42 52 2275591
42 54 30444889
42 58 16649762
42 60 4051696
42 64 54193013
42 68 4051696
42 70 16649762
42 74 30444889
42 76 2275591
42 80 53535885
42 84 3805695
42 86 24425392
42 88 2311549
42 90 24212524
42 92 201232
42 96 50845547
42 100 834719
42 102 27593399
42 104 1679679
42 106 8647784
42 112 29397446
42 114 772740
42 116 5884616
44 8 547129
44 10 2737400
44 12 4152878
44 14 15095889
44 16 27990523
44 22 7676735
44 24 11275991
44 28 4859188
44 30 16806045
44 32 15286637
44 36 8787067
44 38 696555
44 40 9008154
44 42 3805695
44 44 10272332
44 48 13149383
44 50 17385
44 52 7786862
44 54 4809598
44 56 3940205
44 58 3551876
44 60 9021119
44 62 525815
44 64 13223567
44 66 525815
44 68 9021119
44 70 3551876
44 72 3940205
44 74 4809598
44 76 7786862
44 78 17385
44 80 13149383
44 84 10272332
44 86 3805695
44 88 9008154
44 90 696555
44 92 8787067
44 96 15286637
44 98 16806045
44 100 4859188
44 104 11275991
44 106 7676735
44 112 27990523
44 114 15095889
44 116 4152878
44 118 2737400
44 120 547129
46 12 5377625
46 16 9813357
46 18 1499958
46 20 1946455
46 22 1778907
46 30 5028101
46 32 9781981
46 34 2980329
46 38 3354203
46 40 4454645
46 46 220222
46 48 13348521
46 50 2980329
46 54 888552
46 58 1266417
46 60 23071
46 62 5050841
46 64 14168525
46 66 5050841
46 68 23071
46 70 1266417
46 74 888552
46 78 2980329
46 80 13348521
46 82 220222
46 88 4454645
46 90 3354203
46 94 2980329
46 96 9781981
46 98 5028101
46 106 1778907
46 108 1946455
46 110 1499958
46 112 9813357
46 116 5377625
48 10 43694016
48 12 25555201
48 14 35214708
48 16 1001715
48 18 1115477
48 20 4187931
48 22 8436908
48 24 9014223
48 26 32558649
48 28 31500535
48 30 52297353
48 32 165764
48 34 1202920
48 36 3162694
48 38 11899451
48 40 18839127
48 42 53535885
48 44 13149383
48 46 13348521
48 48 214810
48 50 1219398
48 52 6658791
48 54 18523669
48 56 27515752
48 58 32305938
48 60 12005328
48 62 3566270
48 64 298631
48 66 3566270
48 68 12005328
48 70 32305938
48 72 27515752
48 74 18523669
48 76 6658791
48 78 1219398
48 80 214810
48 82 13348521
48 84 13149383
48 86 53535885
48 88 18839127
48 90 11899451
48 92 3162694
48 94 1202920
48 96 165764
48 98 52297353
48 100 31500535
48 102 32558649
48 104 9014223
48 106 8436908
48 108 4187931
48 110 1115477
48 112 1001715
48 114 35214708
48 116 25555201
48 118 43694016
50 14 2891183
50 16 2878723
50 18 1852671
50 22 1033235
50 30 5348241
50 32 1563117
50 36 220205
50 38 631680
50 44 17385
50 46 2980329
50 48 1219398
50 58 4121907
50 62 1155433
50 64 1165544
50 66 1155433
50 70 4121907
50 80 1219398
50 82 2980329
50 84 17385
50 90 631680
50 92 220205
50 96 1563117
50 98 5348241
50 106 1033235
50 110 1852671
50 112 2878723
50 114 2891183
52 12 1620900
52 14 9914306
52 16 14020665
52 18 535712
52 24 1640867
52 28 7640842
52 30 8321416
52 32 6495850
52 36 2011297
52 38 2310287
52 40 5468441
52 42 2275591
52 44 7786862
52 48 6658791
52 56 8539442
52 58 1679756
52 60 8447460
52 64 5002709
52 68 8447460
52 70 1679756
52 72 8539442
52 80 6658791
52 84 7786862
52 86 2275591
52 88 5468441
52 90 2310287
52 92 2011297
52 96 6495850
52 98 8321416
52 100 7640842
52 104 1640867
52 110 535712
52 112 14020665
52 114 9914306
52 116 1620900
54 12 7150709
54 14 14055736
54 16 23876971
54 20 1740
54 24 25366212
54 26 16033603
54 28 2356208
54 30 906840
54 32 20770745
54 36 101287
54 40 6465793
54 42 30444889
54 44 4809598
54 46 888552
54 48 18523669
54 54 20783216
54 56 8765618
54 58 10225712
54 62 849122
54 64 18078690
54 66 849122
54 70 10225712
54 72 8765618
54 74 20783216
54 80 18523669
54 82 888552
54 84 4809598
54 86 30444889
54 88 6465793
54 92 101287
54 96 20770745
54 98 906840
54 100 2356208
54 102 16033603
54 104 25366212
54 108 1740
54 112 23876971
54 114 14055736
54 116 7150709
56 10 1376190
56 14 7698811
56 16 27353777
56 20 832603
56 22 7986972
56 24 17333551
56 26 7407332
56 28 26193173
56 30 890016
56 32 27515752
56 36 4203898
56 38 7029040
56 40 18152695
56 44 3940205
56 48 27515752
56 52 8539442
56 54 8765618
56 56 6039193
56 58 466227
56 60 214810
56 62 1919411
56 64 26375866
56 66 1919411
56 68 214810
56 70 466227
56 72 6039193
56 74 8765618
56 76 8539442
56 80 27515752
56 84 3940205
56 88 18152695
56 90 7029040
56 92 4203898
56 96 27515752
56 98 890016
56 100 26193173
56 102 7407332
56 104 17333551
56 106 7986972
56 108 832603
56 112 27353777
56 114 7698811
56 118 1376190
58 12 4984965
58 14 13950870
58 16 29045404
58 22 11607967
58 24 24657364
58 26 6388136
58 30 8147780
58 32 32827310
58 38 9610945
58 42 16649762
58 44 3551876
58 46 1266417
58 48 32305938
58 50 4121907
58 52 1679756
58 54 10225712
58 56 466227
58 60 579680
58 62 382841
58 64 32859595
58 66 382841
58 68 579680
58 72 466227
58 74 10225712
58 76 1679756
58 78 4121907
58 80 32305938
58 82 1266417
58 84 3551876
58 86 16649762
58 90 9610945
58 96 32827310
58 98 8147780
58 102 6388136
58 104 24657364
58 106 11607967
58 112 29045404
58 114 13950870
58 116 4984965
60 10 1353812
60 12 27295
60 14 6222257
60 16 17373267
60 20 2014706
60 22 3003453
60 24 12326321
60 26 1252559
60 28 9089011
60 30 8753725
60 32 13691456
60 34 1544697
60 36 1190117
60 38 10726121
60 40 3103578
60 42 4051696
60 44 9021119
60 46 23071
60 48 12005328
60 52 8447460
60 56 214810
60 58 579680
60 60 2831216
60 62 2115421
60 64 11905154
60 66 2115421
60 68 2831216
60 70 579680
60 72 214810
60 76 8447460
60 80 12005328
60 82 23071
60 84 9021119
60 86 4051696
60 88 3103578
60 90 10726121
60 92 1190117
60 94 1544697
60 96 13691456
60 98 8753725
60 100 9089011
60 102 1252559
60 104 12326321
60 106 3003453
60 108 2014706
60 112 17373267
60 114 6222257
60 116 27295
60 118 1353812
62 14 8522339
62 16 7468227
62 18 777182
62 22 2626970
62 30 2018956
62 32 3978795
62 36 730031
62 38 1991276
62 44 525815
62 46 5050841
62 48 3566270
62 50 1155433
62 54 849122
62 56 1919411
62 58 382841
62 60 2115421
62 64 3466095
62 68 2115421
62 70 382841
62 72 1919411
62 74 849122
62 78 1155433
62 80 3566270
62 82 5050841
62 84 525815
62 90 1991276
62 92 730031
62 96 3978795
62 98 2018956
62 106 2626970
62 110 777182
62 112 7468227
62 114 8522339
64 10 43694016
64 12 25555201
64 14 35214708
64 16 1633625
64 18 1935778
64 20 4187931
64 22 7316618
64 24 9239460
64 26 32558649
64 28 32306118
64 30 53238819
64 32 1080626
64 34 988111
64 36 3162694
64 38 11481701
64 40 18522011
64 42 54193013
64 44 13223567
64 46 14168525
64 48 298631
64 50 1165544
64 52 5002709
64 54 18078690
64 56 26375866
64 58 32859595
64 60 11905154
64 62 3466095
64 66 3466095
64 68 11905154
64 70 32859595
64 72 26375866
64 74 18078690
64 76 5002709
64 78 1165544
64 80 298631
64 82 14168525
64 84 13223567
64 86 54193013
64 88 18522011
64 90 11481701
64 92 3162694
64 94 988111
64 96 1080626
64 98 53238819
64 100 32306118
64 102 32558649
64 104 9239460
64 106 7316618
64 108 4187931
64 110 1935778
64 112 1633625
64 114 35214708
64 116 25555201
64 118 43694016
66 14 8522339
66 16 7468227
66 18 777182
66 22 2626970
66 30 2018956
66 32 3978795
66 36 730031
66 38 1991276
66 44 525815
66 46 5050841
66 48 3566270
66 50 1155433
66 54 849122
66 56 1919411
66 58 382841
66 60 2115421
66 64 3466095
66 68 2115421
66 70 382841
66 72 1919411
66 74 849122
66 78 1155433
66 80 3566270
66 82 5050841
66 84 525815
66 90 1991276
66 92 730031
66 96 3978795
66 98 2018956
66 106 2626970
66 110 777182
66 112 7468227
66 114 8522339
68 10 1353812
68 12 27295
68 14 6222257
68 16 17373267
68 20 2014706
68 22 3003453
68 24 12326321
68 26 1252559
68 28 9089011
68 30 8753725
68 32 13691456
68 34 1544697
68 36 1190117
68 38 10726121
68 40 3103578
68 42 4051696
68 44 9021119
68 46 23071
68 48 12005328
68 52 8447460
68 56 214810
68 58 579680
68 60 2831216
68 62 2115421
68 64 11905154
68 66 2115421
68 68 2831216
68 70 579680
68 72 214810
68 76 8447460
68 80 12005328
68 82 23071
68 84 9021119
68 86 4051696
68 88 3103578
68 90 10726121
68 92 1190117
68 94 1544697
68 96 13691456
68 98 8753725
68 100 9089011
68 102 1252559
68 104 12326321
68 106 3003453
68 108 2014706
68 112 17373267
68 114 6222257
68 116 27295
68 118 1353812
70 12 4984965
70 14 13950870
70 16 29045404
70 22 11607967
70 24 24657364
70 26 6388136
70 30 8147780
70 32 32827310
70 38 9610945
70 42 16649762
70 44 3551876
70 46 1266417
70 48 32305938
70 50 4121907
70 52 1679756
70 54 10225712
70 56 466227
70 60 579680
70 62 382841
70 64 32859595
70 66 382841
70 68 579680
70 72 466227
70 74 10225712
70 76 1679756
70 78 4121907
70 80 32305938
70 82 1266417
70 84 3551876
70 86 16649762
70 90 9610945
70 96 32827310
70 98 8147780
70 102 6388136
70 104 24657364
70 106 11607967
70 112 29045404
70 114 13950870
70 116 4984965
72 10 1376190
72 14 7698811
72 16 27353777
72 20 832603
72 22 7986972
72 24 17333551
72 26 7407332
72 28 26193173
72 30 890016
72 32 27515752
72 36 4203898
72 38 7029040
72 40 18152695
72 44 3940205
72 48 27515752
72 52 8539442
72 54 8765618
72 56 6039193
72 58 466227
72 60 214810
72 62 1919411
72 64 26375866
72 66 1919411
72 68 214810
72 70 466227
72 72 6039193
72 74 8765618
72 76 8539442
72 80 27515752
72 84 3940205
72 88 18152695
72 90 7029040
72 92 4203898
72 96 27515752
72 98 890016
72 100 26193173
72 102 7407332
72 104 17333551
72 106 7986972
72 108 832603
72 112 27353777
72 114 7698811
72 118 1376190
74 12 7150709
74 14 14055736
74 16 23876971
74 20 1740
74 24 25366212
74 26 16033603
74 28 2356208
74 30 906840
74 32 20770745
74 36 101287
74 40 6465793
74 42 30444889
74 44 4809598
74 46 888552
74 48 18523669
74 54 20783216
74 56 8765618
74 58 10225712
74 62 849122
74 64 18078690
74 66 849122
74 70 10225712
74 72 8765618
74 74 20783216
74 80 18523669
74 82 888552
74 84 4809598
74 86 30444889
74 88 6465793
74 92 101287
74 96 20770745
74 98 906840
74 100 2356208
74 102 16033603
74 104 25366212
74 108 1740
74 112 23876971
74 114 14055736
74 116 7150709
76 12 1620900
76 14 9914306
76 16 14020665
76 18 535712
76 24 1640867
76 28 7640842
76 30 8321416
76 32 6495850
76 36 2011297
76 38 2310287
76 40 5468441
76 42 2275591
76 44 7786862
76 48 6658791
76 56 8539442
76 58 1679756
76 60 8447460
76 64 5002709
76 68 8447460
76 70 1679756
76 72 8539442
76 80 6658791
76 84 7786862
76 86 2275591
76 88 5468441
76 90 2310287
76 92 2011297
76 96 6495850
76 98 8321416
76 100 7640842
76 104 1640867
76 110 535712
76 112 14020665
76 114 9914306
76 116 1620900
78 14 2891183
78 16 2878723
78 18 1852671
78 22 1033235
78 30 5348241
78 32 1563117
78 36 220205
78 38 631680
78 44 17385
78 46 2980329
78 48 1219398
78 58 4121907
78 62 1155433
78 64 1165544
78 66 1155433
78 70 4121907
78 80 1219398
78 82 2980329
78 84 17385
78 90 631680
78 92 220205
78 96 1563117
78 98 5348241
78 106 1033235
78 110 1852671
78 112 2878723
78 114 2891183
80 10 43694016
80 12 25555201
80 14 35214708
80 16 1001715
80 18 1115477
80 20 4187931
80 22 8436908
80 24 9014223
80 26 32558649
80 28 31500535
80 30 52297353
80 32 165764
80 34 1202920
80 36 3162694
80 38 11899451
80 40 18839127
80 42 53535885
80 44 13149383
80 46 13348521
80 48 214810
80 50 1219398
80 52 6658791
80 54 18523669
80 56 27515752
80 58 32305938
80 60 12005328
80 62 3566270
80 64 298631
80 66 3566270
80 68 12005328
80 70 32305938
80 72 27515752
80 74 18523669
80 76 6658791
80 78 1219398
80 80 214810
80 82 13348521
80 84 13149383
80 86 53535885
80 88 18839127
80 90 11899451
80 92 3162694
80 94 1202920
80 96 165764
80 98 52297353
80 100 31500535
80 102 32558649
80 104 9014223
80 106 8436908
80 108 4187931
80 110 1115477
80 112 1001715
80 114 35214708
80 116 25555201
80 118 43694016
82 12 5377625
82 16 9813357
82 18 1499958
82 20 1946455
82 22 1778907
82 30 5028101
82 32 9781981
82 34 2980329
82 38 3354203
82 40 4454645
82 46 220222
82 48 13348521
82 50 2980329
82 54 888552
82 58 1266417
82 60 23071
82 62 5050841
82 64 14168525
82 66 5050841
82 68 23071
82 70 1266417
82 74 888552
82 78 2980329
82 80 13348521
82 82 220222
82 88 4454645
82 90 3354203
82 94 2980329
82 96 9781981
82 98 5028101
82 106 1778907
82 108 1946455
82 110 1499958
82 112 9813357
82 116 5377625
84 8 547129
84 10 2737400
84 12 4152878
84 14 15095889
84 16 27990523
84 22 7676735
84 24 11275991
84 28 4859188
84 30 16806045
84 32 15286637
84 36 8787067
84 38 696555
84 40 9008154
84 42 3805695
84 44 10272332
84 48 13149383
84 50 17385
84 52 7786862
84 54 4809598
84 56 3940205
84 58 3551876
84 60 9021119
84 62 525815
84 64 13223567
84 66 525815
84 68 9021119
84 70 3551876
84 72 3940205
84 74 4809598
84 76 7786862
84 78 17385
84 80 13149383
84 84 10272332
84 86 3805695
84 88 9008154
84 90 696555
84 92 8787067
84 96 15286637
84 98 16806045
84 100 4859188
84 104 11275991
84 106 7676735
84 112 27990523
84 114 15095889
84 116 4152878
84 118 2737400
84 120 547129
86 12 5884616
86 14 772740
86 16 29397446
86 22 8647784
86 24 1679679
86 26 27593399
86 28 834719
86 32 50845547
86 36 201232
86 38 24212524
86 40 2311549
86 42 24425392
86 44 3805695
86 48 53535885
86 52 2275591
86 54 30444889
86 58 16649762
86 60 4051696
86 64 54193013
86 68 4051696
86 70 16649762
86 74 30444889
86 76 2275591
86 80 53535885
86 84 3805695
86 86 24425392
86 88 2311549
86 90 24212524
86 92 201232
86 96 50845547
86 100 834719
86 102 27593399
86 104 1679679
86 106 8647784
86 112 29397446
86 114 772740
86 116 5884616
88 12 2963070
88 14 14530186
88 16 30593515
88 22 2434032
88 24 13318442
88 26 279951
88 28 18025349
88 30 1283732
88 32 19976525
88 36 4338797
88 38 220375
88 42 2311549
88 44 9008154
88 46 4454645
88 48 18839127
88 52 5468441
88 54 6465793
88 56 18152695
88 60 3103578
88 64 18522011
88 68 3103578
88 72 18152695
88 74 6465793
88 76 5468441
88 80 18839127
88 82 4454645
88 84 9008154
88 86 2311549
88 90 220375
88 92 4338797
88 96 19976525
88 98 1283732
88 100 18025349
88 102 279951
88 104 13318442
88 106 2434032
88 112 30593515
88 114 14530186
88 116 2963070
90 12 4079912
90 14 15050330
90 16 17195783
90 30 10505744
90 32 14811809
90 34 2425917
90 38 3159084
90 40 220375
90 42 24212524
90 44 696555
90 46 3354203
90 48 11899451
90 50 631680
90 52 2310287
90 56 7029040
90 58 9610945
90 60 10726121
90 62 1991276
90 64 11481701
90 66 1991276
90 68 10726121
90 70 9610945
90 72 7029040
90 76 2310287
90 78 631680
90 80 11899451
90 82 3354203
90 84 696555
90 86 24212524
90 88 220375
90 90 3159084
90 94 2425917
90 96 14811809
90 98 10505744
90 112 17195783
90 114 15050330
90 116 4079912
92 14 3319868
92 16 12498765
92 20 2884522
92 28 6156954
92 30 3546466
92 32 1942475
92 34 17385
92 36 5590285
92 40 4338797
92 42 201232
92 44 8787067
92 48 3162694
92 50 220205
92 52 2011297
92 54 101287
92 56 4203898
92 60 1190117
92 62 730031
92 64 3162694
92 66 730031
92 68 1190117
92 72 4203898
92 74 101287
92 76 2011297
92 78 220205
92 80 3162694
92 84 8787067
92 86 201232
92 88 4338797
92 92 5590285
92 94 17385
92 96 1942475
92 98 3546466
92 100 6156954
92 108 2884522
92 112 12498765
92 114 3319868
94 16 4098178
94 18 832603
94 32 1017761
94 36 17385
94 38 2425917
94 46 2980329
94 48 1202920
94 60 1544697
94 64 988111
94 68 1544697
94 80 1202920
94 82 2980329
94 90 2425917
94 92 17385
94 96 1017761
94 110 832603
94 112 4098178
96 10 43694016
96 12 34749827
96 14 44409333
96 18 1115477
96 20 4187931
96 22 9479409
96 24 21251133
96 26 32207728
96 28 31500535
96 30 48652530
96 32 764555
96 34 1017761
96 36 1942475
96 38 14811809
96 40 19976525
96 42 50845547
96 44 15286637
96 46 9781981
96 48 165764
96 50 1563117
96 52 6495850
96 54 20770745
96 56 27515752
96 58 32827310
96 60 13691456
96 62 3978795
96 64 1080626
96 66 3978795
96 68 13691456
96 70 32827310
96 72 27515752
96 74 20770745
96 76 6495850
96 78 1563117
96 80 165764
96 82 9781981
96 84 15286637
96 86 50845547
96 88 19976525
96 90 14811809
96 92 1942475
96 94 1017761
96 96 764555
96 98 48652530
96 100 31500535
96 102 32207728
96 104 21251133
96 106 9479409
96 108 4187931
96 110 1115477
96 114 44409333
96 116 34749827
96 118 43694016
98 8 3939699
98 12 6718331
98 16 43694016
98 20 222407
98 30 2238481
98 32 48652530
98 36 3546466
98 38 10505744
98 40 1283732
98 44 16806045
98 46 5028101
98 48 52297353
98 50 5348241
98 52 8321416
98 54 906840
98 56 890016
98 58 8147780
98 60 8753725
98 62 2018956
98 64 53238819
98 66 2018956
98 68 8753725
98 70 8147780
98 72 890016
98 74 906840
98 76 8321416
98 78 5348241
98 80 52297353
98 82 5028101
98 84 16806045
98 88 1283732
98 90 10505744
98 92 3546466
98 96 48652530
98 98 2238481
98 108 222407
98 112 43694016
98 116 6718331
98 120 3939699
100 12 4713024
100 16 48027852
100 22 832603
100 24 25456964
100 26 6931068
100 32 31500535
100 36 6156954
100 40 18025349
100 42 834719
100 44 4859188
100 48 31500535
100 52 7640842
100 54 2356208
100 56 26193173
100 60 9089011
100 64 32306118
100 68 9089011
100 72 26193173
100 74 2356208
100 76 7640842
100 80 31500535
100 84 4859188
100 86 834719
100 88 18025349
100 92 6156954
100 96 31500535
100 102 6931068
100 104 25456964
100 106 832603
100 112 48027852
100 116 4713024
102 14 19321623
102 16 24957007
102 24 1145381
102 26 3000398
102 28 6931068
102 32 32207728
102 40 279951
102 42 27593399
102 48 32558649
102 54 16033603
102 56 7407332
102 58 6388136
102 60 1252559
102 64 32558649
102 68 1252559
102 70 6388136
102 72 7407332
102 74 16033603
102 80 32558649
102 86 27593399
102 88 279951
102 96 32207728
102 100 6931068
102 102 3000398
102 104 1145381
102 112 24957007
102 114 19321623
104 14 7757933
104 16 19885608
104 26 1145381
104 28 25456964
104 32 21251133
104 40 13318442
104 42 1679679
104 44 11275991
104 48 9014223
104 52 1640867
104 54 25366212
104 56 17333551
104 58 24657364
104 60 12326321
104 64 9239460
104 68 12326321
104 70 24657364
104 72 17333551
104 74 25366212
104 76 1640867
104 80 9014223
104 84 11275991
104 86 1679679
104 88 13318442
104 96 21251133
104 100 25456964
104 102 1145381
104 112 19885608
104 114 7757933
106 14 14622479
106 16 9830331
106 28 832603
106 32 9479409
106 40 2434032
106 42 8647784
106 44 7676735
106 46 1778907
106 48 8436908
106 50 1033235
106 56 7986972
106 58 11607967
106 60 3003453
106 62 2626970
106 64 7316618
106 66 2626970
106 68 3003453
106 70 11607967
106 72 7986972
106 78 1033235
106 80 8436908
106 82 1778907
106 84 7676735
106 86 8647784
106 88 2434032
106 96 9479409
106 100 832603
106 112 9830331
106 114 14622479
108 16 11329787
108 30 222407
108 32 4187931
108 36 2884522
108 46 1946455
108 48 4187931
108 54 1740
108 56 832603
108 60 2014706
108 64 4187931
108 68 2014706
108 72 832603
108 74 1740
108 80 4187931
108 82 1946455
108 92 2884522
108 96 4187931
108 98 222407
108 112 11329787
110 16 2230954
110 32 1115477
110 34 832603
110 46 1499958
110 48 1115477
110 50 1852671
110 52 535712
110 62 777182
110 64 1935778
110 66 777182
110 76 535712
110 78 1852671
110 80 1115477
110 82 1499958
110 94 832603
110 96 1115477
110 112 2230954
112 10 43694016
112 12 34749827
112 14 44409333
112 16 150535134
112 18 2230954
112 20 11329787
112 22 9830331
112 24 19885608
112 26 24957007
112 28 48027852
112 30 43694016
112 34 4098178
112 36 12498765
112 38 17195783
112 40 30593515
112 42 29397446
112 44 27990523
112 46 9813357
112 48 1001715
112 50 2878723
112 52 14020665
112 54 23876971
112 56 27353777
112 58 29045404
112 60 17373267
112 62 7468227
112 64 1633625
112 66 7468227
112 68 17373267
112 70 29045404
112 72 27353777
112 74 23876971
112 76 14020665
112 78 2878723
112 80 1001715
112 82 9813357
112 84 27990523
112 86 29397446
112 88 30593515
112 90 17195783
112 92 12498765
112 94 4098178
112 98 43694016
112 100 48027852
112 102 24957007
112 104 19885608
112 106 9830331
112 108 11329787
112 110 2230954
112 112 150535134
112 114 44409333
112 116 34749827
112 118 43694016
114 16 44409333
114 22 14622479
114 24 7757933
114 26 19321623
114 32 44409333
114 36 3319868
114 38 15050330
114 40 14530186
114 42 772740
114 44 15095889
114 48 35214708
114 50 2891183
114 52 9914306
114 54 14055736
114 56 7698811
114 58 13950870
114 60 6222257
114 62 8522339
114 64 35214708
114 66 8522339
114 68 6222257
114 70 13950870
114 72 7698811
114 74 14055736
114 76 9914306
114 78 2891183
114 80 35214708
114 84 15095889
114 86 772740
114 88 14530186
114 90 15050330
114 92 3319868
114 96 44409333
114 102 19321623
114 104 7757933
114 106 14622479
114 112 44409333
116 16 34749827
116 28 4713024
116 30 6718331
116 32 34749827
116 38 4079912
116 40 2963070
116 42 5884616
116 44 4152878
116 46 5377625
116 48 25555201
116 52 1620900
116 54 7150709
116 58 4984965
116 60 27295
116 64 25555201
116 68 27295
116 70 4984965
116 74 7150709
116 76 1620900
116 80 25555201
116 82 5377625
116 84 4152878
116 86 5884616
116 88 2963070
116 90 4079912
116 96 34749827
116 98 6718331
116 100 4713024
116 112 34749827
118 16 43694016
118 32 43694016
118 44 2737400
118 48 43694016
118 56 1376190
118 60 1353812
118 64 43694016
118 68 1353812
118 72 1376190
118 80 43694016
118 84 2737400
118 96 43694016
118 112 43694016
120 30 3939699
120 44 547129
120 84 547129
120 98 3939699
15 16 160239119
15 112 160239119
16 15 160239119
16 113 160239119
112 15 160239119
112 113 160239119
113 16 160239119
113 112 160239119
16 31 26795803
16 97 26795803
31 16 26795803
31 112 26795803
97 16 26795803
97 112 26795803
112 31 26795803
112 97 26795803
31 32 21837289
31 96 21837289
32 31 21837289
32 97 21837289
96 31 21837289
96 97 21837289
97 32 21837289
97 96 21837289
15 48 160239119
15 80 160239119
48 15 160239119
48 113 160239119
80 15 160239119
80 113 160239119
113 48 160239119
113 80 160239119
49 60 822397
49 68 822397
60 49 822397
60 79 822397
68 49 822397
68 79 822397
79 60 822397
79 68 822397
31 33 1115477
31 95 1115477
33 31 1115477
33 97 1115477
95 31 1115477
95 97 1115477
97 33 1115477
97 95 1115477
16 47 9194626
16 81 9194626
47 16 9194626
47 112 9194626
81 16 9194626
81 112 9194626
112 47 9194626
112 81 9194626
47 48 5764198
47 80 5764198
48 47 5764198
48 81 5764198
80 47 5764198
80 81 5764198
81 48 5764198
81 80 5764198
31 50 2786375
31 78 2786375
50 31 2786375
50 97 2786375
78 31 2786375
78 97 2786375
97 50 2786375
97 78 2786375
16 51 9913666
16 77 9913666
51 16 9913666
51 112 9913666
77 16 9913666
77 112 9913666
112 51 9913666
112 77 9913666
16 61 12200474
16 67 12200474
61 16 12200474
61 112 12200474
67 16 12200474
67 112 12200474
112 61 12200474
112 67 12200474
31 34 2786375
31 94 2786375
34 31 2786375
34 97 2786375
94 31 2786375
94 97 2786375
97 34 2786375
97 94 2786375
31 63 8304455
31 65 8304455
63 31 8304455
63 97 8304455
65 31 8304455
65 97 8304455
97 63 8304455
97 65 8304455
31 48 18377624
31 80 18377624
48 31 18377624
48 97 18377624
80 31 18377624
80 97 18377624
97 48 18377624
97 80 18377624
31 49 3497150
31 79 3497150
49 31 3497150
49 97 3497150
79 31 3497150
79 97 3497150
97 49 3497150
97 79 3497150
49 61 558529
49 67 558529
61 49 558529
61 79 558529
67 49 558529
67 79 558529
79 61 558529
79 67 558529
15 46 26369900
15 82 26369900
46 15 26369900
46 113 26369900
82 15 26369900
82 113 26369900
113 46 26369900
113 82 26369900
34 63 224448
34 65 224448
63 34 224448
63 94 224448
65 34 224448
65 94 224448
94 63 224448
94 65 224448
15 62 12764628
15 66 12764628
62 15 12764628
62 113 12764628
66 15 12764628
66 113 12764628
113 62 12764628
113 66 12764628
48 55 14967169
48 73 14967169
55 48 14967169
55 80 14967169
73 48 14967169
73 80 14967169
80 55 14967169
80 73 14967169
57 59 15784598
57 69 15784598
59 57 15784598
59 71 15784598
69 57 15784598
69 71 15784598
71 59 15784598
71 69 15784598
30 49 102487
30 79 102487
49 30 102487
49 98 102487
79 30 102487
79 98 102487
98 49 102487
98 79 102487
18 49 1224404
18 79 1224404
49 18 1224404
49 110 1224404
79 18 1224404
79 110 1224404
110 49 1224404
110 79 1224404
49 59 3007387
49 69 3007387
59 49 3007387
59 79 3007387
69 49 3007387
69 79 3007387
79 59 3007387
79 69 3007387
19 47 243336
19 81 243336
47 19 243336
47 109 243336
81 19 243336
81 109 243336
109 47 243336
109 81 243336
45 53 5197821
45 75 5197821
53 45 5197821
53 83 5197821
75 45 5197821
75 83 5197821
83 53 5197821
83 75 5197821
32 33 350922
32 95 350922
33 32 350922
33 96 350922
95 32 350922
95 96 350922
96 33 350922
96 95 350922
62 63 1680864
62 65 1680864
63 62 1680864
63 66 1680864
65 62 1680864
65 66 1680864
66 63 1680864
66 65 1680864
16 49 1633625
16 79 1633625
49 16 1633625
49 112 1633625
79 16 1633625
79 112 1633625
112 49 1633625
112 79 1633625
32 57 30393299
32 71 30393299
57 32 30393299
57 96 30393299
71 32 30393299
71 96 30393299
96 57 30393299
96 71 30393299
19 49 562538
19 79 562538
49 19 562538
49 109 562538
79 19 562538
79 109 562538
109 49 562538
109 79 562538
31 64 18237064
64 31 18237064
64 97 18237064
97 64 18237064
19 48 1115477
19 80 1115477
48 19 1115477
48 109 1115477
80 19 1115477
80 109 1115477
109 48 1115477
109 80 1115477
15 31 16898213
15 97 16898213
31 15 16898213
31 113 16898213
97 15 16898213
97 113 16898213
113 31 16898213
113 97 16898213
53 57 11260258
53 71 11260258
57 53 11260258
57 75 11260258
71 53 11260258
71 75 11260258
75 57 11260258
75 71 11260258
30 33 1466399
30 95 1466399
33 30 1466399
33 98 1466399
95 30 1466399
95 98 1466399
98 33 1466399
98 95 1466399
15 30 36117982
15 98 36117982
30 15 36117982
30 113 36117982
98 15 36117982
98 113 36117982
113 30 36117982
113 98 36117982
41 43 16138424
41 85 16138424
43 41 16138424
43 87 16138424
85 41 16138424
85 87 16138424
87 43 16138424
87 85 16138424
49 57 407203
49 71 407203
57 49 407203
57 79 407203
71 49 407203
71 79 407203
79 57 407203
79 71 407203
43 57 29010921
43 71 29010921
57 43 29010921
57 85 29010921
71 43 29010921
71 85 29010921
85 57 29010921
85 71 29010921
29 48 24795342
29 80 24795342
48 29 24795342
48 99 24795342
80 29 24795342
80 99 24795342
99 48 24795342
99 80 24795342
20 47 873035
20 81 873035
47 20 873035
47 108 873035
81 20 873035
81 108 873035
108 47 873035
108 81 873035
31 35 659691
31 93 659691
35 31 659691
35 97 659691
93 31 659691
93 97 659691
97 35 659691
97 93 659691
34 47 833484
34 81 833484
47 34 833484
47 94 833484
81 34 833484
81 94 833484
94 47 833484
94 81 833484
33 47 525281
33 81 525281
47 33 525281
47 95 525281
81 33 525281
81 95 525281
95 47 525281
95 81 525281
47 63 3045193
47 65 3045193
63 47 3045193
63 81 3045193
65 47 3045193
65 81 3045193
81 63 3045193
81 65 3045193
15 32 160239119
15 96 160239119
32 15 160239119
32 113 160239119
96 15 160239119
96 113 160239119
113 32 160239119
113 96 160239119
16 63 1001715
16 65 1001715
63 16 1001715
63 112 1001715
65 16 1001715
65 112 1001715
112 63 1001715
112 65 1001715
33 57 927807
33 71 927807
57 33 927807
57 95 927807
71 33 927807
71 95 927807
95 57 927807
95 71 927807
45 48 9813357
45 80 9813357
48 45 9813357
48 83 9813357
80 45 9813357
80 83 9813357
83 48 9813357
83 80 9813357
33 60 418821
33 68 418821
60 33 418821
60 95 418821
68 33 418821
68 95 418821
95 60 418821
95 68 418821
15 63 12650721
15 65 12650721
63 15 12650721
63 113 12650721
65 15 12650721
65 113 12650721
113 63 12650721
113 65 12650721
30 47 357657
30 81 357657
47 30 357657
47 98 357657
81 30 357657
81 98 357657
98 47 357657
98 81 357657
31 47 8319473
31 81 8319473
47 31 8319473
47 97 8319473
81 31 8319473
81 97 8319473
97 47 8319473
97 81 8319473
33 61 86709
33 67 86709
61 33 86709
61 95 86709
67 33 86709
67 95 86709
95 61 86709
95 67 86709
32 43 28186113
32 85 28186113
43 32 28186113
43 96 28186113
85 32 28186113
85 96 28186113
96 43 28186113
96 85 28186113
32 47 9194626
32 81 9194626
47 32 9194626
47 96 9194626
81 32 9194626
81 96 9194626
96 47 9194626
96 81 9194626
16 33 1001715
16 95 1001715
33 16 1001715
33 112 1001715
95 16 1001715
95 112 1001715
112 33 1001715
112 95 1001715
19 63 1935778
19 65 1935778
63 19 1935778
63 109 1935778
65 19 1935778
65 109 1935778
109 63 1935778
109 65 1935778
21 32 11209999
21 96 11209999
32 21 11209999
32 107 11209999
96 21 11209999
96 107 11209999
107 32 11209999
107 96 11209999
19 64 1115477
64 19 1115477
64 109 1115477
109 64 1115477
32 53 14651998
32 75 14651998
53 32 14651998
53 96 14651998
75 32 14651998
75 96 14651998
96 53 14651998
96 75 14651998
30 55 7751284
30 73 7751284
55 30 7751284
55 98 7751284
73 30 7751284
73 98 7751284
98 55 7751284
98 73 7751284
15 33 1229239
15 95 1229239
33 15 1229239
33 113 1229239
95 15 1229239
95 113 1229239
113 33 1229239
113 95 1229239
43 54 8768342
43 74 8768342
54 43 8768342
54 85 8768342
74 43 8768342
74 85 8768342
85 54 8768342
85 74 8768342
16 35 7054550
16 93 7054550
35 16 7054550
35 112 7054550
93 16 7054550
93 112 7054550
112 35 7054550
112 93 7054550
16 59 19329337
16 69 19329337
59 16 19329337
59 112 19329337
69 16 19329337
69 112 19329337
112 59 19329337
112 69 19329337
32 59 20686433
32 69 20686433
59 32 20686433
59 96 20686433
69 32 20686433
69 96 20686433
96 59 20686433
96 69 20686433
24 45 11733218
24 83 11733218
45 24 11733218
45 104 11733218
83 24 11733218
83 104 11733218
104 45 11733218
104 83 11733218
21 63 140561
21 65 140561
63 21 140561
63 107 140561
65 21 140561
65 107 140561
107 63 140561
107 65 140561
16 41 38440699
16 87 38440699
41 16 38440699
41 112 38440699
87 16 38440699
87 112 38440699
112 41 38440699
112 87 38440699
44 63 255027
44 65 255027
63 44 255027
63 84 255027
65 44 255027
65 84 255027
84 63 255027
84 65 255027
46 63 1122223
46 65 1122223
63 46 1122223
63 82 1122223
65 46 1122223
65 82 1122223
82 63 1122223
82 65 1122223
39 47 1448640
39 81 1448640
47 39 1448640
47 89 1448640
81 39 1448640
81 89 1448640
89 47 1448640
89 81 1448640
48 59 23166985
48 69 23166985
59 48 23166985
59 80 23166985
69 48 23166985
69 80 23166985
80 59 23166985
80 69 23166985
33 59 1681304
33 69 1681304
59 33 1681304
59 95 1681304
69 33 1681304
69 95 1681304
95 59 1681304
95 69 1681304
27 32 22577283
27 96 22577283
32 27 22577283
32 101 22577283
96 27 22577283
96 101 22577283
101 32 22577283
101 96 22577283
49 50 638643
49 78 638643
50 49 638643
50 79 638643
78 49 638643
78 79 638643
79 50 638643
79 78 638643
47 52 3389686
47 76 3389686
52 47 3389686
52 81 3389686
76 47 3389686
76 81 3389686
81 52 3389686
81 76 3389686
33 43 832603
33 85 832603
43 33 832603
43 95 832603
85 33 832603
85 95 832603
95 43 832603
95 85 832603
15 64 160239119
64 15 160239119
64 113 160239119
113 64 160239119
33 42 396249
33 86 396249
42 33 396249
42 95 396249
86 33 396249
86 95 396249
95 42 396249
95 86 396249
25 44 45159679
25 84 45159679
44 25 45159679
44 103 45159679
84 25 45159679
84 103 45159679
103 44 45159679
103 84 45159679
16 55 24925648
16 73 24925648
55 16 24925648
55 112 24925648
73 16 24925648
73 112 24925648
112 55 24925648
112 73 24925648
45 58 7726441
45 70 7726441
58 45 7726441
58 83 7726441
70 45 7726441
70 83 7726441
83 58 7726441
83 70 7726441
25 29 37737223
25 99 37737223
29 25 37737223
29 103 37737223
99 25 37737223
99 103 37737223
103 29 37737223
103 99 37737223
19 62 102487
19 66 102487
62 19 102487
62 109 102487
66 19 102487
66 109 102487
109 62 102487
109 66 102487
31 42 2809019
31 86 2809019
42 31 2809019
42 97 2809019
86 31 2809019
86 97 2809019
97 42 2809019
97 86 2809019
33 46 350922
33 82 350922
46 33 350922
46 95 350922
82 33 350922
82 95 350922
95 46 350922
95 82 350922
59 60 5320540
59 68 5320540
60 59 5320540
60 69 5320540
68 59 5320540
68 69 5320540
69 60 5320540
69 68 5320540
56 57 11428577
56 71 11428577
57 56 11428577
57 72 11428577
71 56 11428577
71 72 11428577
72 57 11428577
72 71 11428577
32 61 3860898
32 67 3860898
61 32 3860898
61 96 3860898
67 32 3860898
67 96 3860898
96 61 3860898
96 67 3860898
16 57 37519135
16 71 37519135
57 16 37519135
57 112 37519135
71 16 37519135
71 112 37519135
112 57 37519135
112 71 37519135
16 45 12785552
16 83 12785552
45 16 12785552
45 112 12785552
83 16 12785552
83 112 12785552
112 45 12785552
112 83 12785552
23 45 4068949
23 83 4068949
45 23 4068949
45 105 4068949
83 23 4068949
83 105 4068949
105 45 4068949
105 83 4068949
45 51 5518238
45 77 5518238
51 45 5518238
51 83 5518238
77 45 5518238
77 83 5518238
83 51 5518238
83 77 5518238
55 59 5331441
55 69 5331441
59 55 5331441
59 73 5331441
69 55 5331441
69 73 5331441
73 59 5331441
73 69 5331441
18 31 1150651
18 97 1150651
31 18 1150651
31 110 1150651
97 18 1150651
97 110 1150651
110 31 1150651
110 97 1150651
16 37 15131766
16 91 15131766
37 16 15131766
37 112 15131766
91 16 15131766
91 112 15131766
112 37 15131766
112 91 15131766
57 64 30287083
64 57 30287083
64 71 30287083
71 64 30287083
51 57 5218999
51 71 5218999
57 51 5218999
57 77 5218999
71 51 5218999
71 77 5218999
77 57 5218999
77 71 5218999
21 31 1361843
21 97 1361843
31 21 1361843
31 107 1361843
97 21 1361843
97 107 1361843
107 31 1361843
107 97 1361843
32 51 4973658
32 77 4973658
51 32 4973658
51 96 4973658
77 32 4973658
77 96 4973658
96 51 4973658
96 77 4973658
16 53 14651998
16 75 14651998
53 16 14651998
53 112 14651998
75 16 14651998
75 112 14651998
112 53 14651998
112 75 14651998
43 63 48197
43 65 48197
63 43 48197
63 85 48197
65 43 48197
65 85 48197
85 63 48197
85 65 48197
20 31 832603
20 97 832603
31 20 832603
31 108 832603
97 20 832603
97 108 832603
108 31 832603
108 97 832603
27 48 22577283
27 80 22577283
48 27 22577283
48 101 22577283
80 27 22577283
80 101 22577283
101 48 22577283
101 80 22577283
15 35 5279366
15 93 5279366
35 15 5279366
35 113 5279366
93 15 5279366
93 113 5279366
113 35 5279366
113 93 5279366
15 49 4854247
15 79 4854247
49 15 4854247
49 113 4854247
79 15 4854247
79 113 4854247
113 49 4854247
113 79 4854247
28 41 42310381
28 87 42310381
41 28 42310381
41 100 42310381
87 28 42310381
87 100 42310381
100 41 42310381
100 87 42310381
58 63 487593
58 65 487593
63 58 487593
63 70 487593
65 58 487593
65 70 487593
70 63 487593
70 65 487593
46 57 658958
46 71 658958
57 46 658958
57 82 658958
71 46 658958
71 82 658958
82 57 658958
82 71 658958
23 46 11070916
23 82 11070916
46 23 11070916
46 105 11070916
82 23 11070916
82 105 11070916
105 46 11070916
105 82 11070916
16 21 21553312
16 107 21553312
21 16 21553312
21 112 21553312
107 16 21553312
107 112 21553312
112 21 21553312
112 107 21553312
15 45 10175869
15 83 10175869
45 15 10175869
45 113 10175869
83 15 10175869
83 113 10175869
113 45 10175869
113 83 10175869
27 57 19661241
27 71 19661241
57 27 19661241
57 101 19661241
71 27 19661241
71 101 19661241
101 57 19661241
101 71 19661241
16 27 41398906
16 101 41398906
27 16 41398906
27 112 41398906
101 16 41398906
101 112 41398906
112 27 41398906
112 101 41398906
19 31 832603
19 97 832603
31 19 832603
31 109 832603
97 19 832603
97 109 832603
109 31 832603
109 97 832603
34 49 214810
34 79 214810
49 34 214810
49 94 214810
79 34 214810
79 94 214810
94 49 214810
94 79 214810
53 64 15443203
64 53 15443203
64 75 15443203
75 64 15443203
42 55 1494306
42 73 1494306
55 42 1494306
55 86 1494306
73 42 1494306
73 86 1494306
86 55 1494306
86 73 1494306
33 63 521373
33 65 521373
63 33 521373
63 95 521373
65 33 521373
65 95 521373
95 63 521373
95 65 521373
42 53 6569136
42 75 6569136
53 42 6569136
53 86 6569136
75 42 6569136
75 86 6569136
86 53 6569136
86 75 6569136
28 57 38316583
28 71 38316583
57 28 38316583
57 100 38316583
71 28 38316583
71 100 38316583
100 57 38316583
100 71 38316583
55 58 12205250
55 70 12205250
58 55 12205250
58 73 12205250
70 55 12205250
70 73 12205250
73 58 12205250
73 70 12205250
20 63 78928
20 65 78928
63 20 78928
63 108 78928
65 20 78928
65 108 78928
108 63 78928
108 65 78928
32 41 36490276
32 87 36490276
41 32 36490276
41 96 36490276
87 32 36490276
87 96 36490276
96 41 36490276
96 87 36490276
42 49 2023078
42 79 2023078
49 42 2023078
49 86 2023078
79 42 2023078
79 86 2023078
86 49 2023078
86 79 2023078
32 49 657128
32 79 657128
49 32 657128
49 96 657128
79 32 657128
79 96 657128
96 49 657128
96 79 657128
43 48 27418220
43 80 27418220
48 43 27418220
48 85 27418220
80 43 27418220
80 85 27418220
85 48 27418220
85 80 27418220
48 61 3324148
48 67 3324148
61 48 3324148
61 80 3324148
67 48 3324148
67 80 3324148
80 61 3324148
80 67 3324148
17 47 691044
17 81 691044
47 17 691044
47 111 691044
81 17 691044
81 111 691044
111 47 691044
111 81 691044
15 51 8686728
15 77 8686728
51 15 8686728
51 113 8686728
77 15 8686728
77 113 8686728
113 51 8686728
113 77 8686728
45 46 4617339
45 82 4617339
46 45 4617339
46 83 4617339
82 45 4617339
82 83 4617339
83 46 4617339
83 82 4617339
46 49 462037
46 79 462037
49 46 462037
49 82 462037
79 46 462037
79 82 462037
82 49 462037
82 79 462037
48 49 553658
48 79 553658
49 48 553658
49 80 553658
79 48 553658
79 80 553658
80 49 553658
80 79 553658
15 58 11010690
15 70 11010690
58 15 11010690
58 113 11010690
70 15 11010690
70 113 11010690
113 58 11010690
113 70 11010690
47 49 1137398
47 79 1137398
49 47 1137398
49 81 1137398
79 47 1137398
79 81 1137398
81 49 1137398
81 79 1137398
15 52 8438466
15 76 8438466
52 15 8438466
52 113 8438466
76 15 8438466
76 113 8438466
113 52 8438466
113 76 8438466
51 64 3335833
64 51 3335833
64 77 3335833
77 64 3335833
45 49 335770
45 79 335770
49 45 335770
49 83 335770
79 45 335770
79 83 335770
83 49 335770
83 79 335770
48 53 14998223
48 75 14998223
53 48 14998223
53 80 14998223
75 48 14998223
75 80 14998223
80 53 14998223
80 75 14998223
23 30 24594641
23 98 24594641
30 23 24594641
30 105 24594641
98 23 24594641
98 105 24594641
105 30 24594641
105 98 24594641
29 55 10062537
29 73 10062537
55 29 10062537
55 99 10062537
73 29 10062537
73 99 10062537
99 55 10062537
99 73 10062537
32 39 17942389
32 89 17942389
39 32 17942389
39 96 17942389
89 32 17942389
89 96 17942389
96 39 17942389
96 89 17942389
35 56 696555
35 72 696555
56 35 696555
56 93 696555
72 35 696555
72 93 696555
93 56 696555
93 72 696555
15 44 23252581
15 84 23252581
44 15 23252581
44 113 23252581
84 15 23252581
84 113 23252581
113 44 23252581
113 84 23252581
29 32 25146264
29 96 25146264
32 29 25146264
32 99 25146264
96 29 25146264
96 99 25146264
99 32 25146264
99 96 25146264
21 64 10201949
64 21 10201949
64 107 10201949
107 64 10201949
15 59 14745310
15 69 14745310
59 15 14745310
59 113 14745310
69 15 14745310
69 113 14745310
113 59 14745310
113 69 14745310
46 61 5008412
46 67 5008412
61 46 5008412
61 82 5008412
67 46 5008412
67 82 5008412
82 61 5008412
82 67 5008412
44 49 183175
44 79 183175
49 44 183175
49 84 183175
79 44 183175
79 84 183175
84 49 183175
84 79 183175
15 50 10877865
15 78 10877865
50 15 10877865
50 113 10877865
78 15 10877865
78 113 10877865
113 50 10877865
113 78 10877865
15 60 24566303
15 68 24566303
60 15 24566303
60 113 24566303
68 15 24566303
68 113 24566303
113 60 24566303
113 68 24566303
45 56 2750936
45 72 2750936
56 45 2750936
56 83 2750936
72 45 2750936
72 83 2750936
83 56 2750936
83 72 2750936
43 60 5780489
43 68 5780489
60 43 5780489
60 85 5780489
68 43 5780489
68 85 5780489
85 60 5780489
85 68 5780489
16 39 26582910
16 89 26582910
39 16 26582910
39 112 26582910
89 16 26582910
89 112 26582910
112 39 26582910
112 89 26582910
41 48 36705085
41 80 36705085
48 41 36705085
48 87 36705085
80 41 36705085
80 87 36705085
87 48 36705085
87 80 36705085
15 61 8719260
15 67 8719260
61 15 8719260
61 113 8719260
67 15 8719260
67 113 8719260
113 61 8719260
113 67 8719260
17 48 185159
17 80 185159
48 17 185159
48 111 185159
80 17 185159
80 111 185159
111 48 185159
111 80 185159
31 51 7899223
31 77 7899223
51 31 7899223
51 97 7899223
77 31 7899223
77 97 7899223
97 51 7899223
97 77 7899223
37 39 14037084
37 89 14037084
39 37 14037084
39 91 14037084
89 37 14037084
89 91 14037084
91 39 14037084
91 89 14037084
47 62 1648295
47 66 1648295
62 47 1648295
62 81 1648295
66 47 1648295
66 81 1648295
81 62 1648295
81 66 1648295
16 43 33926757
16 85 33926757
43 16 33926757
43 112 33926757
85 16 33926757
85 112 33926757
112 43 33926757
112 85 33926757
46 47 3749639
46 81 3749639
47 46 3749639
47 82 3749639
81 46 3749639
81 82 3749639
82 47 3749639
82 81 3749639
35 57 4901466
35 71 4901466
57 35 4901466
57 93 4901466
71 35 4901466
71 93 4901466
93 57 4901466
93 71 4901466
22 31 19913977
22 97 19913977
31 22 19913977
31 106 19913977
97 22 19913977
97 106 19913977
106 31 19913977
106 97 19913977
18 47 1478682
18 81 1478682
47 18 1478682
47 110 1478682
81 18 1478682
81 110 1478682
110 47 1478682
110 81 1478682
35 40 1217927
35 88 1217927
40 35 1217927
40 93 1217927
88 35 1217927
88 93 1217927
93 40 1217927
93 88 1217927
22 29 1948079
22 99 1948079
29 22 1948079
29 106 1948079
99 22 1948079
99 106 1948079
106 29 1948079
106 99 1948079
48 57 30287083
48 71 30287083
57 48 30287083
57 80 30287083
71 48 30287083
71 80 30287083
80 57 30287083
80 71 30287083
43 64 26896847
64 43 26896847
64 85 26896847
85 64 26896847
31 43 16244303
31 85 16244303
43 31 16244303
43 97 16244303
85 31 16244303
85 97 16244303
97 43 16244303
97 85 16244303
28 55 43036111
28 73 43036111
55 28 43036111
55 100 43036111
73 28 43036111
73 100 43036111
100 55 43036111
100 73 43036111
29 56 7706755
29 72 7706755
56 29 7706755
56 99 7706755
72 29 7706755
72 99 7706755
99 56 7706755
99 72 7706755
23 32 14260253
23 96 14260253
32 23 14260253
32 105 14260253
96 23 14260253
96 105 14260253
105 32 14260253
105 96 14260253
31 59 4772787
31 69 4772787
59 31 4772787
59 97 4772787
69 31 4772787
69 97 4772787
97 59 4772787
97 69 4772787
44 45 1706238
44 83 1706238
45 44 1706238
45 84 1706238
83 44 1706238
83 84 1706238
84 45 1706238
84 83 1706238
47 47 5301345
47 81 5301345
81 47 5301345
81 81 5301345
16 23 24585489
16 105 24585489
23 16 24585489
23 112 24585489
105 16 24585489
105 112 24585489
112 23 24585489
112 105 24585489
42 59 8516734
42 69 8516734
59 42 8516734
59 86 8516734
69 42 8516734
69 86 8516734
86 59 8516734
86 69 8516734
48 51 3389686
48 77 3389686
51 48 3389686
51 80 3389686
77 48 3389686
77 80 3389686
80 51 3389686
80 77 3389686
29 64 23989758
64 29 23989758
64 99 23989758
99 64 23989758
47 60 4400421
47 68 4400421
60 47 4400421
60 81 4400421
68 47 4400421
68 81 4400421
81 60 4400421
81 68 4400421
34 57 2762335
34 71 2762335
57 34 2762335
57 94 2762335
71 34 2762335
71 94 2762335
94 57 2762335
94 71 2762335
29 40 13806102
29 88 13806102
40 29 13806102
40 99 13806102
88 29 13806102
88 99 13806102
99 40 13806102
99 88 13806102
38 59 17723203
38 69 17723203
59 38 17723203
59 90 17723203
69 38 17723203
69 90 17723203
90 59 17723203
90 69 17723203
42 47 2943590
42 81 2943590
47 42 2943590
47 86 2943590
81 42 2943590
81 86 2943590
86 47 2943590
86 81 2943590
37 58 13972313
37 70 13972313
58 37 13972313
58 91 13972313
70 37 13972313
70 91 13972313
91 58 13972313
91 70 13972313
45 50 2224828
45 78 2224828
50 45 2224828
50 83 2224828
78 45 2224828
78 83 2224828
83 50 2224828
83 78 2224828
21 48 10859077
21 80 10859077
48 21 10859077
48 107 10859077
80 21 10859077
80 107 10859077
107 48 10859077
107 80 10859077
23 31 11656572
23 97 11656572
31 23 11656572
31 105 11656572
97 23 11656572
97 105 11656572
105 31 11656572
105 97 11656572
34 45 569362
34 83 569362
45 34 569362
45 94 569362
83 34 569362
83 94 569362
94 45 569362
94 83 569362
15 36 3643844
15 92 3643844
36 15 3643844
36 113 3643844
92 15 3643844
92 113 3643844
113 36 3643844
113 92 3643844
32 63 816556
32 65 816556
63 32 816556
63 96 816556
65 32 816556
65 96 816556
96 63 816556
96 65 816556
29 38 2280858
29 90 2280858
38 29 2280858
38 99 2280858
90 29 2280858
90 99 2280858
99 38 2280858
99 90 2280858
35 43 1606595
35 85 1606595
43 35 1606595
43 93 1606595
85 35 1606595
85 93 1606595
93 43 1606595
93 85 1606595
16 29 25146264
16 99 25146264
29 16 25146264
29 112 25146264
99 16 25146264
99 112 25146264
112 29 25146264
112 99 25146264
39 60 5162590
39 68 5162590
60 39 5162590
60 89 5162590
68 39 5162590
68 89 5162590
89 60 5162590
89 68 5162590
23 29 7293060
23 99 7293060
29 23 7293060
29 105 7293060
99 23 7293060
99 105 7293060
105 29 7293060
105 99 7293060
43 58 7518775
43 70 7518775
58 43 7518775
58 85 7518775
70 43 7518775
70 85 7518775
85 58 7518775
85 70 7518775
41 44 13982974
41 84 13982974
44 41 13982974
44 87 13982974
84 41 13982974
84 87 13982974
87 44 13982974
87 84 13982974
44 59 6017238
44 69 6017238
59 44 6017238
59 84 6017238
69 44 6017238
69 84 6017238
84 59 6017238
84 69 6017238
43 53 23770024
43 75 23770024
53 43 23770024
53 85 23770024
75 43 23770024
75 85 23770024
85 53 23770024
85 75 23770024
15 47 15690554
15 81 15690554
47 15 15690554
47 113 15690554
81 15 15690554
81 113 15690554
113 47 15690554
113 81 15690554
21 30 481681
21 98 481681
30 21 481681
30 107 481681
98 21 481681
98 107 481681
107 30 481681
107 98 481681
15 53 19879088
15 75 19879088
53 15 19879088
53 113 19879088
75 15 19879088
75 113 19879088
113 53 19879088
113 75 19879088
31 52 4460989
31 76 4460989
52 31 4460989
52 97 4460989
76 31 4460989
76 97 4460989
97 52 4460989
97 76 4460989
45 57 8053454
45 71 8053454
57 45 8053454
57 83 8053454
71 45 8053454
71 83 8053454
83 57 8053454
83 71 8053454
45 55 12188962
45 73 12188962
55 45 12188962
55 83 12188962
73 45 12188962
73 83 12188962
83 55 12188962
83 73 12188962
41 56 15970349
41 72 15970349
56 41 15970349
56 87 15970349
72 41 15970349
72 87 15970349
87 56 15970349
87 72 15970349
38 53 14535173
38 75 14535173
53 38 14535173
53 90 14535173
75 38 14535173
75 90 14535173
90 53 14535173
90 75 14535173
43 59 13625196
43 69 13625196
59 43 13625196
59 85 13625196
69 43 13625196
69 85 13625196
85 59 13625196
85 69 13625196
19 32 1115477
19 96 1115477
32 19 1115477
32 109 1115477
96 19 1115477
96 109 1115477
109 32 1115477
109 96 1115477
15 22 10519216
15 106 10519216
22 15 10519216
22 113 10519216
106 15 10519216
106 113 10519216
113 22 10519216
113 106 10519216
55 57 15485610
55 71 15485610
57 55 15485610
57 73 15485610
71 55 15485610
71 73 15485610
73 57 15485610
73 71 15485610
40 45 3376822
40 83 3376822
45 40 3376822
45 88 3376822
83 40 3376822
83 88 3376822
88 45 3376822
88 83 3376822
9 64 43694016
64 9 43694016
64 119 43694016
119 64 43694016
9 48 43694016
9 80 43694016
48 9 43694016
48 119 43694016
80 9 43694016
80 119 43694016
119 48 43694016
119 80 43694016
52 59 839870
52 69 839870
59 52 839870
59 76 839870
69 52 839870
69 76 839870
76 59 839870
76 69 839870
31 61 4987596
31 67 4987596
61 31 4987596
61 97 4987596
67 31 4987596
67 97 4987596
97 61 4987596
97 67 4987596
60 61 652263
60 67 652263
61 60 652263
61 68 652263
67 60 652263
67 68 652263
68 61 652263
68 67 652263
39 44 16445468
39 84 16445468
44 39 16445468
44 89 16445468
84 39 16445468
84 89 16445468
89 44 16445468
89 84 16445468
15 43 8249986
15 85 8249986
43 15 8249986
43 113 8249986
85 15 8249986
85 113 8249986
113 43 8249986
113 85 8249986
43 44 16388762
43 84 16388762
44 43 16388762
44 85 16388762
84 43 16388762
84 85 16388762
85 44 16388762
85 84 16388762
15 21 10602304
15 107 10602304
21 15 10602304
21 113 10602304
107 15 10602304
107 113 10602304
113 21 10602304
113 107 10602304
37 48 9036361
37 80 9036361
48 37 9036361
48 91 9036361
80 37 9036361
80 91 9036361
91 48 9036361
91 80 9036361
39 45 11444369
39 83 11444369
45 39 11444369
45 89 11444369
83 39 11444369
83 89 11444369
89 45 11444369
89 83 11444369
13 47 3090517
13 81 3090517
47 13 3090517
47 115 3090517
81 13 3090517
81 115 3090517
115 47 3090517
115 81 3090517
17 64 165764
64 17 165764
64 111 165764
111 64 165764
30 59 11717066
30 69 11717066
59 30 11717066
59 98 11717066
69 30 11717066
69 98 11717066
98 59 11717066
98 69 11717066
57 58 9467184
57 70 9467184
58 57 9467184
58 71 9467184
70 57 9467184
70 71 9467184
71 58 9467184
71 70 9467184
35 55 1948581
35 73 1948581
55 35 1948581
55 93 1948581
73 35 1948581
73 93 1948581
93 55 1948581
93 73 1948581
61 64 4349557
64 61 4349557
64 67 4349557
67 64 4349557
37 40 3389686
37 88 3389686
40 37 3389686
40 91 3389686
88 37 3389686
88 91 3389686
91 40 3389686
91 88 3389686
55 56 11142944
55 72 11142944
56 55 11142944
56 73 11142944
72 55 11142944
72 73 11142944
73 56 11142944
73 72 11142944
15 54 11060114
15 74 11060114
54 15 11060114
54 113 11060114
74 15 11060114
74 113 11060114
113 54 11060114
113 74 11060114
42 45 4901466
42 83 4901466
45 42 4901466
45 86 4901466
83 42 4901466
83 86 4901466
86 45 4901466
86 83 4901466
35 47 750551
35 81 750551
47 35 750551
47 93 750551
81 35 750551
81 93 750551
93 47 750551
93 81 750551
9 32 43694016
9 96 43694016
32 9 43694016
32 119 43694016
96 9 43694016
96 119 43694016
119 32 43694016
119 96 43694016
9 16 43694016
9 112 43694016
16 9 43694016
16 119 43694016
112 9 43694016
112 119 43694016
119 16 43694016
119 112 43694016
28 37 5381232
28 91 5381232
37 28 5381232
37 100 5381232
91 28 5381232
91 100 5381232
100 37 5381232
100 91 5381232
31 44 1681376
31 84 1681376
44 31 1681376
44 97 1681376
84 31 1681376
84 97 1681376
97 44 1681376
97 84 1681376
44 57 5248168
44 71 5248168
57 44 5248168
57 84 5248168
71 44 5248168
71 84 5248168
84 57 5248168
84 71 5248168
53 59 16357508
53 69 16357508
59 53 16357508
59 75 16357508
69 53 16357508
69 75 16357508
75 59 16357508
75 69 16357508
29 54 13857873
29 74 13857873
54 29 13857873
54 99 13857873
74 29 13857873
74 99 13857873
99 54 13857873
99 74 13857873
14 21 12659686
14 107 12659686
21 14 12659686
21 114 12659686
107 14 12659686
107 114 12659686
114 21 12659686
114 107 12659686
14 43 11715876
14 85 11715876
43 14 11715876
43 114 11715876
85 14 11715876
85 114 11715876
114 43 11715876
114 85 11715876
47 51 2871099
47 77 2871099
51 47 2871099
51 81 2871099
77 47 2871099
77 81 2871099
81 51 2871099
81 77 2871099
27 27 28406002
27 101 28406002
101 27 28406002
101 101 28406002
25 48 16549674
25 80 16549674
48 25 16549674
48 103 16549674
80 25 16549674
80 103 16549674
103 48 16549674
103 80 16549674
11 48 26795803
11 80 26795803
48 11 26795803
48 117 26795803
80 11 26795803
80 117 26795803
117 48 26795803
117 80 26795803
45 64 9739174
64 45 9739174
64 83 9739174
83 64 9739174
49 63 638643
49 65 638643
63 49 638643
63 79 638643
65 49 638643
65 79 638643
79 63 638643
79 65 638643
32 45 9813357
32 83 9813357
45 32 9813357
45 96 9813357
83 32 9813357
83 96 9813357
96 45 9813357
96 83 9813357
13 31 1882858
13 97 1882858
31 13 1882858
31 115 1882858
97 13 1882858
97 115 1882858
115 31 1882858
115 97 1882858
33 64 214810
64 33 214810
64 95 214810
95 64 214810
13 32 81079960
13 96 81079960
32 13 81079960
32 115 81079960
96 13 81079960
96 115 81079960
115 32 81079960
115 96 81079960
32 35 2344716
32 93 2344716
35 32 2344716
35 96 2344716
93 32 2344716
93 96 2344716
96 35 2344716
96 93 2344716
11 64 26795803
64 11 26795803
64 117 26795803
117 64 26795803
13 16 81079960
13 112 81079960
16 13 81079960
16 115 81079960
112 13 81079960
112 115 81079960
115 16 81079960
115 112 81079960
25 32 17696857
25 96 17696857
32 25 17696857
32 103 17696857
96 25 17696857
96 103 17696857
103 32 17696857
103 96 17696857
25 64 16324437
64 25 16324437
64 103 16324437
103 64 16324437
48 63 971409
48 65 971409
63 48 971409
63 80 971409
65 48 971409
65 80 971409
80 63 971409
80 65 971409
28 39 40340877
28 89 40340877
39 28 40340877
39 100 40340877
89 28 40340877
89 100 40340877
100 39 40340877
100 89 40340877
55 60 3871785
55 68 3871785
60 55 3871785
60 73 3871785
68 55 3871785
68 73 3871785
73 60 3871785
73 68 3871785
32 55 19952656
32 73 19952656
55 32 19952656
55 96 19952656
73 32 19952656
73 96 19952656
96 55 19952656
96 73 19952656
17 31 1115477
17 97 1115477
31 17 1115477
31 111 1115477
97 17 1115477
97 111 1115477
111 31 1115477
111 97 1115477
58 59 15974668
58 69 15974668
59 58 15974668
59 70 15974668
69 58 15974668
69 70 15974668
70 59 15974668
70 69 15974668
33 48 594733
33 80 594733
48 33 594733
48 95 594733
80 33 594733
80 95 594733
95 48 594733
95 80 594733
15 56 15277635
15 72 15277635
56 15 15277635
56 113 15277635
72 15 15277635
72 113 15277635
113 56 15277635
113 72 15277635
24 29 32139736
24 99 32139736
29 24 32139736
29 104 32139736
99 24 32139736
99 104 32139736
104 29 32139736
104 99 32139736
31 31 10173322
31 97 10173322
97 31 10173322
97 97 10173322
30 61 6043868
30 67 6043868
61 30 6043868
61 98 6043868
67 30 6043868
67 98 6043868
98 61 6043868
98 67 6043868
27 58 34623645
27 70 34623645
58 27 34623645
58 101 34623645
70 27 34623645
70 101 34623645
101 58 34623645
101 70 34623645
32 37 10859077
32 91 10859077
37 32 10859077
37 96 10859077
91 32 10859077
91 96 10859077
96 37 10859077
96 91 10859077
56 61 4705883
56 67 4705883
61 56 4705883
61 72 4705883
67 56 4705883
67 72 4705883
72 61 4705883
72 67 4705883
15 39 11439466
15 89 11439466
39 15 11439466
39 113 11439466
89 15 11439466
89 113 11439466
113 39 11439466
113 89 11439466
16 25 30561599
16 103 30561599
25 16 30561599
25 112 30561599
103 16 30561599
103 112 30561599
112 25 30561599
112 103 30561599
37 43 8331317
37 85 8331317
43 37 8331317
43 91 8331317
85 37 8331317
85 91 8331317
91 43 8331317
91 85 8331317
15 41 23166844
15 87 23166844
41 15 23166844
41 113 23166844
87 15 23166844
87 113 23166844
113 41 23166844
113 87 23166844
35 60 2266540
35 68 2266540
60 35 2266540
60 93 2266540
68 35 2266540
68 93 2266540
93 60 2266540
93 68 2266540
47 55 3566990
47 73 3566990
55 47 3566990
55 81 3566990
73 47 3566990
73 81 3566990
81 55 3566990
81 73 3566990
47 64 5063467
64 47 5063467
64 81 5063467
81 64 5063467
10 31 5133239
10 97 5133239
31 10 5133239
31 118 5133239
97 10 5133239
97 118 5133239
118 31 5133239
118 97 5133239
27 38 29438060
27 90 29438060
38 27 29438060
38 101 29438060
90 27 29438060
90 101 29438060
101 38 29438060
101 90 29438060
26 37 9408233
26 91 9408233
37 26 9408233
37 102 9408233
91 26 9408233
91 102 9408233
102 37 9408233
102 91 9408233
23 62 5486224
23 66 5486224
62 23 5486224
62 105 5486224
66 23 5486224
66 105 5486224
105 62 5486224
105 66 5486224
33 50 185159
33 78 185159
50 33 185159
50 95 185159
78 33 185159
78 95 185159
95 50 185159
95 78 185159
24 61 12050255
24 67 12050255
61 24 12050255
61 104 12050255
67 24 12050255
67 104 12050255
104 61 12050255
104 67 12050255
57 61 8037890
57 67 8037890
61 57 8037890
61 71 8037890
67 57 8037890
67 71 8037890
71 61 8037890
71 67 8037890
30 31 8984937
30 97 8984937
31 30 8984937
31 98 8984937
97 30 8984937
97 98 8984937
98 31 8984937
98 97 8984937
15 57 16077329
15 71 16077329
57 15 16077329
57 113 16077329
71 15 16077329
71 113 16077329
113 57 16077329
113 71 16077329
11 58 3753128
11 70 3753128
58 11 3753128
58 117 3753128
70 11 3753128
70 117 3753128
117 58 3753128
117 70 3753128
53 62 407203
53 66 407203
62 53 407203
62 75 407203
66 53 407203
66 75 407203
75 62 407203
75 66 407203
43 55 15464805
43 73 15464805
55 43 15464805
55 85 15464805
73 43 15464805
73 85 15464805
85 55 15464805
85 73 15464805
63 64 884986
64 63 884986
64 65 884986
65 64 884986
55 64 16305691
64 55 16305691
64 73 16305691
73 64 16305691
29 60 5050707
29 68 5050707
60 29 5050707
60 99 5050707
68 29 5050707
68 99 5050707
99 60 5050707
99 68 5050707
22 61 1067675
22 67 1067675
61 22 1067675
61 106 1067675
67 22 1067675
67 106 1067675
106 61 1067675
106 67 1067675
27 53 4284979
27 75 4284979
53 27 4284979
53 101 4284979
75 27 4284979
75 101 4284979
101 53 4284979
101 75 4284979
33 62 214810
33 66 214810
62 33 214810
62 95 214810
66 33 214810
66 95 214810
95 62 214810
95 66 214810
15 28 25913233
15 100 25913233
28 15 25913233
28 113 25913233
100 15 25913233
100 113 25913233
113 28 25913233
113 100 25913233
37 54 16750181
37 74 16750181
54 37 16750181
54 91 16750181
74 37 16750181
74 91 16750181
91 54 16750181
91 74 16750181
14 41 8751435
14 87 8751435
41 14 8751435
41 114 8751435
87 14 8751435
87 114 8751435
114 41 8751435
114 87 8751435
13 41 5988382
13 87 5988382
41 13 5988382
41 115 5988382
87 13 5988382
87 115 5988382
115 41 5988382
115 87 5988382
15 38 13896666
15 90 13896666
38 15 13896666
38 113 13896666
90 15 13896666
90 113 13896666
113 38 13896666
113 90 13896666
59 63 4636463
59 65 4636463
63 59 4636463
63 69 4636463
65 59 4636463
65 69 4636463
69 63 4636463
69 65 4636463
59 59 14005230
59 69 14005230
69 59 14005230
69 69 14005230
45 52 2438264
45 76 2438264
52 45 2438264
52 83 2438264
76 45 2438264
76 83 2438264
83 52 2438264
83 76 2438264
59 62 2631699
59 66 2631699
62 59 2631699
62 69 2631699
66 59 2631699
66 69 2631699
69 62 2631699
69 66 2631699
27 54 14595772
27 74 14595772
54 27 14595772
54 101 14595772
74 27 14595772
74 101 14595772
101 54 14595772
101 74 14595772
39 51 3136144
39 77 3136144
51 39 3136144
51 89 3136144
77 39 3136144
77 89 3136144
89 51 3136144
89 77 3136144
45 63 520929
45 65 520929
63 45 520929
63 83 520929
65 45 520929
65 83 520929
83 63 520929
83 65 520929
26 27 37667040
26 101 37667040
27 26 37667040
27 102 37667040
101 26 37667040
101 102 37667040
102 27 37667040
102 101 37667040
41 58 12266501
41 70 12266501
58 41 12266501
58 87 12266501
70 41 12266501
70 87 12266501
87 58 12266501
87 70 12266501
27 42 10944101
27 86 10944101
42 27 10944101
42 101 10944101
86 27 10944101
86 101 10944101
101 42 10944101
101 86 10944101
27 64 22577283
64 27 22577283
64 101 22577283
101 64 22577283
31 38 6108592
31 90 6108592
38 31 6108592
38 97 6108592
90 31 6108592
90 97 6108592
97 38 6108592
97 90 6108592
27 41 15931139
27 87 15931139
41 27 15931139
41 101 15931139
87 27 15931139
87 101 15931139
101 41 15931139
101 87 15931139
21 60 1802779
21 68 1802779
60 21 1802779
60 107 1802779
68 21 1802779
68 107 1802779
107 60 1802779
107 68 1802779
28 59 8415724
28 69 8415724
59 28 8415724
59 100 8415724
69 28 8415724
69 100 8415724
100 59 8415724
100 69 8415724
45 60 110307
45 68 110307
60 45 110307
60 83 110307
68 45 110307
68 83 110307
83 60 110307
83 68 110307
60 63 876250
60 65 876250
63 60 876250
63 68 876250
65 60 876250
65 68 876250
68 63 876250
68 65 876250
29 39 11634158
29 89 11634158
39 29 11634158
39 99 11634158
89 29 11634158
89 99 11634158
99 39 11634158
99 89 11634158
20 53 832603
20 75 832603
53 20 832603
53 108 832603
75 20 832603
75 108 832603
108 53 832603
108 75 832603
27 39 8146179
27 89 8146179
39 27 8146179
39 101 8146179
89 27 8146179
89 101 8146179
101 39 8146179
101 89 8146179
13 64 90274586
64 13 90274586
64 115 90274586
115 64 90274586
36 41 2315091
36 87 2315091
41 36 2315091
41 92 2315091
87 36 2315091
87 92 2315091
92 41 2315091
92 87 2315091
27 59 3849308
27 69 3849308
59 27 3849308
59 101 3849308
69 27 3849308
69 101 3849308
101 59 3849308
101 69 3849308
49 64 953578
64 49 953578
64 79 953578
79 64 953578
13 43 6231617
13 85 6231617
43 13 6231617
43 115 6231617
85 13 6231617
85 115 6231617
115 43 6231617
115 85 6231617
13 48 90274586
13 80 90274586
48 13 90274586
48 115 90274586
80 13 90274586
80 115 90274586
115 48 90274586
115 80 90274586
14 51 4163889
14 77 4163889
51 14 4163889
51 114 4163889
77 14 4163889
77 114 4163889
114 51 4163889
114 77 4163889
58 61 1533499
58 67 1533499
61 58 1533499
61 70 1533499
67 58 1533499
67 70 1533499
70 61 1533499
70 67 1533499
14 25 12609147
14 103 12609147
25 14 12609147
25 114 12609147
103 14 12609147
103 114 12609147
114 25 12609147
114 103 12609147
37 60 2489642
37 68 2489642
60 37 2489642
60 91 2489642
68 37 2489642
68 91 2489642
91 60 2489642
91 68 2489642
14 57 6099917
14 71 6099917
57 14 6099917
57 114 6099917
71 14 6099917
71 114 6099917
114 57 6099917
114 71 6099917
36 59 2087377
36 69 2087377
59 36 2087377
59 92 2087377
69 36 2087377
69 92 2087377
92 59 2087377
92 69 2087377
41 64 36705085
64 41 36705085
64 87 36705085
87 64 36705085
51 59 4498041
51 69 4498041
59 51 4498041
59 77 4498041
69 51 4498041
69 77 4498041
77 59 4498041
77 69 4498041
11 42 174822
11 86 174822
42 11 174822
42 117 174822
86 11 174822
86 117 174822
117 42 174822
117 86 174822
31 56 3514127
31 72 3514127
56 31 3514127
56 97 3514127
72 31 3514127
72 97 3514127
97 56 3514127
97 72 3514127
13 56 16611655
13 72 16611655
56 13 16611655
56 115 16611655
72 13 16611655
72 115 16611655
115 56 16611655
115 72 16611655
39 57 10898659
39 71 10898659
57 39 10898659
57 89 10898659
71 39 10898659
71 89 10898659
89 57 10898659
89 71 10898659
31 57 1502545
31 71 1502545
57 31 1502545
57 97 1502545
71 31 1502545
71 97 1502545
97 57 1502545
97 71 1502545
37 64 8184072
64 37 8184072
64 91 8184072
91 64 8184072
38 43 11640677
38 85 11640677
43 38 11640677
43 90 11640677
85 38 11640677
85 90 11640677
90 43 11640677
90 85 11640677
22 59 6182057
22 69 6182057
59 22 6182057
59 106 6182057
69 22 6182057
69 106 6182057
106 59 6182057
106 69 6182057
39 56 10817699
39 72 10817699
56 39 10817699
56 89 10817699
72 39 10817699
72 89 10817699
89 56 10817699
89 72 10817699
12 59 426982
12 69 426982
59 12 426982
59 116 426982
69 12 426982
69 116 426982
116 59 426982
116 69 426982
21 46 1483088
21 82 1483088
46 21 1483088
46 107 1483088
82 21 1483088
82 107 1483088
107 46 1483088
107 82 1483088
42 61 217173
42 67 217173
61 42 217173
61 86 217173
67 42 217173
67 86 217173
86 61 217173
86 67 217173
29 35 6153673
29 93 6153673
35 29 6153673
35 99 6153673
93 29 6153673
93 99 6153673
99 35 6153673
99 93 6153673
38 61 59140
38 67 59140
61 38 59140
61 90 59140
67 38 59140
67 90 59140
90 61 59140
90 67 59140
31 45 816888
31 83 816888
45 31 816888
45 97 816888
83 31 816888
83 97 816888
97 45 816888
97 83 816888
14 61 7573442
14 67 7573442
61 14 7573442
61 114 7573442
67 14 7573442
67 114 7573442
114 61 7573442
114 67 7573442
14 27 1115477
14 101 1115477
27 14 1115477
27 114 1115477
101 14 1115477
101 114 1115477
114 27 1115477
114 101 1115477
12 43 8635704
12 85 8635704
43 12 8635704
43 116 8635704
85 12 8635704
85 116 8635704
116 43 8635704
116 85 8635704
43 56 14241638
43 72 14241638
56 43 14241638
56 85 14241638
72 43 14241638
72 85 14241638
85 56 14241638
85 72 14241638
42 63 2159212
42 65 2159212
63 42 2159212
63 86 2159212
65 42 2159212
65 86 2159212
86 63 2159212
86 65 2159212
15 25 38070818
15 103 38070818
25 15 38070818
25 113 38070818
103 15 38070818
103 113 38070818
113 25 38070818
113 103 38070818
39 64 11993032
64 39 11993032
64 89 11993032
89 64 11993032
19 50 17229
19 78 17229
50 19 17229
50 109 17229
78 19 17229
78 109 17229
109 50 17229
109 78 17229
23 48 15100211
23 80 15100211
48 23 15100211
48 105 15100211
80 23 15100211
80 105 15100211
105 48 15100211
105 80 15100211
23 64 14934448
64 23 14934448
64 105 14934448
105 64 14934448
20 51 693624
20 77 693624
51 20 693624
51 108 693624
77 20 693624
77 108 693624
108 51 693624
108 77 693624
19 52 1135468
19 76 1135468
52 19 1135468
52 109 1135468
76 19 1135468
76 109 1135468
109 52 1135468
109 76 1135468
22 51 2283829
22 77 2283829
51 22 2283829
51 106 2283829
77 22 2283829
77 106 2283829
106 51 2283829
106 77 2283829
13 36 5690682
13 92 5690682
36 13 5690682
36 115 5690682
92 13 5690682
92 115 5690682
115 36 5690682
115 92 5690682
59 64 23720642
64 59 23720642
64 69 23720642
69 64 23720642
19 51 497732
19 77 497732
51 19 497732
51 109 497732
77 19 497732
77 109 497732
109 51 497732
109 77 497732
31 53 344587
31 75 344587
53 31 344587
53 97 344587
75 31 344587
75 97 344587
97 53 344587
97 75 344587
31 62 5499509
31 66 5499509
62 31 5499509
62 97 5499509
66 31 5499509
66 97 5499509
97 62 5499509
97 66 5499509
22 43 10011474
22 85 10011474
43 22 10011474
43 106 10011474
85 22 10011474
85 106 10011474
106 43 10011474
106 85 10011474
41 46 6869676
41 82 6869676
46 41 6869676
46 87 6869676
82 41 6869676
82 87 6869676
87 46 6869676
87 82 6869676
30 53 8301935
30 75 8301935
53 30 8301935
53 98 8301935
75 30 8301935
75 98 8301935
98 53 8301935
98 75 8301935
14 55 8892894
14 73 8892894
55 14 8892894
55 114 8892894
73 14 8892894
73 114 8892894
114 55 8892894
114 73 8892894
36 57 2749102
36 71 2749102
57 36 2749102
57 92 2749102
71 36 2749102
71 92 2749102
92 57 2749102
92 71 2749102
54 59 3273493
54 69 3273493
59 54 3273493
59 74 3273493
69 54 3273493
69 74 3273493
74 59 3273493
74 69 3273493
53 54 7565252
53 74 7565252
54 53 7565252
54 75 7565252
74 53 7565252
74 75 7565252
75 54 7565252
75 74 7565252
39 48 12178191
39 80 12178191
48 39 12178191
48 89 12178191
80 39 12178191
80 89 12178191
89 48 12178191
89 80 12178191
15 37 14471546
15 91 14471546
37 15 14471546
37 113 14471546
91 15 14471546
91 113 14471546
113 37 14471546
113 91 14471546
13 55 11054810
13 73 11054810
55 13 11054810
55 115 11054810
73 13 11054810
73 115 11054810
115 55 11054810
115 73 11054810
21 44 1483088
21 84 1483088
44 21 1483088
44 107 1483088
84 21 1483088
84 107 1483088
107 44 1483088
107 84 1483088
53 61 1165544
53 67 1165544
61 53 1165544
61 75 1165544
67 53 1165544
67 75 1165544
75 61 1165544
75 67 1165544
11 16 26795803
11 112 26795803
16 11 26795803
16 117 26795803
112 11 26795803
112 117 26795803
117 16 26795803
117 112 26795803
15 42 13791877
15 86 13791877
42 15 13791877
42 113 13791877
86 15 13791877
86 113 13791877
113 42 13791877
113 86 13791877
41 42 7192813
41 86 7192813
42 41 7192813
42 87 7192813
86 41 7192813
86 87 7192813
87 42 7192813
87 86 7192813
22 47 4987596
22 81 4987596
47 22 4987596
47 106 4987596
81 22 4987596
81 106 4987596
106 47 4987596
106 81 4987596
15 55 14883246
15 73 14883246
55 15 14883246
55 113 14883246
73 15 14883246
73 113 14883246
113 55 14883246
113 73 14883246
31 46 5217412
31 82 5217412
46 31 5217412
46 97 5217412
82 31 5217412
82 97 5217412
97 46 5217412
97 82 5217412
53 60 7151318
53 68 7151318
60 53 7151318
60 75 7151318
68 53 7151318
68 75 7151318
75 60 7151318
75 68 7151318
57 57 18061006
57 71 18061006
71 57 18061006
71 71 18061006
53 58 12584893
53 70 12584893
58 53 12584893
58 75 12584893
70 53 12584893
70 75 12584893
75 58 12584893
75 70 12584893
40 43 10492919
40 85 10492919
43 40 10492919
43 88 10492919
85 40 10492919
85 88 10492919
88 43 10492919
88 85 10492919
43 61 4688732
43 67 4688732
61 43 4688732
61 85 4688732
67 43 4688732
67 85 4688732
85 61 4688732
85 67 4688732
15 26 8857559
15 102 8857559
26 15 8857559
26 113 8857559
102 15 8857559
102 113 8857559
113 26 8857559
113 102 8857559
41 57 13956883
41 71 13956883
57 41 13956883
57 87 13956883
71 41 13956883
71 87 13956883
87 57 13956883
87 71 13956883
15 29 17747470
15 99 17747470
29 15 17747470
29 113 17747470
99 15 17747470
99 113 17747470
113 29 17747470
113 99 17747470
31 54 6326822
31 74 6326822
54 31 6326822
54 97 6326822
74 31 6326822
74 97 6326822
97 54 6326822
97 74 6326822
15 34 4524807
15 94 4524807
34 15 4524807
34 113 4524807
94 15 4524807
94 113 4524807
113 34 4524807
113 94 4524807
14 37 4764221
14 91 4764221
37 14 4764221
37 114 4764221
91 14 4764221
91 114 4764221
114 37 4764221
114 91 4764221
49 49 453484
49 79 453484
79 49 453484
79 79 453484
23 50 355581
23 78 355581
50 23 355581
50 105 355581
78 23 355581
78 105 355581
105 50 355581
105 78 355581
39 58 6302338
39 70 6302338
58 39 6302338
58 89 6302338
70 39 6302338
70 89 6302338
89 58 6302338
89 70 6302338
31 36 2626083
31 92 2626083
36 31 2626083
36 97 2626083
92 31 2626083
92 97 2626083
97 36 2626083
97 92 2626083
35 64 553658
64 35 553658
64 93 553658
93 64 553658
39 61 1111015
39 67 1111015
61 39 1111015
61 89 1111015
67 39 1111015
67 89 1111015
89 61 1111015
89 67 1111015
53 53 8956424
53 75 8956424
75 53 8956424
75 75 8956424
44 61 2622552
44 67 2622552
61 44 2622552
61 84 2622552
67 44 2622552
67 84 2622552
84 61 2622552
84 67 2622552
46 53 1133727
46 75 1133727
53 46 1133727
53 82 1133727
75 46 1133727
75 82 1133727
82 53 1133727
82 75 1133727
14 35 2939853
14 93 2939853
35 14 2939853
35 114 2939853
93 14 2939853
93 114 2939853
114 35 2939853
114 93 2939853
38 39 3136848
38 89 3136848
39 38 3136848
39 90 3136848
89 38 3136848
89 90 3136848
90 39 3136848
90 89 3136848
21 54 2399204
21 74 2399204
54 21 2399204
54 107 2399204
74 21 2399204
74 107 2399204
107 54 2399204
107 74 2399204
40 41 8712825
40 87 8712825
41 40 8712825
41 88 8712825
87 40 8712825
87 88 8712825
88 41 8712825
88 87 8712825
52 53 8651950
52 75 8651950
53 52 8651950
53 76 8651950
75 52 8651950
75 76 8651950
76 53 8651950
76 75 8651950
49 62 97540
49 66 97540
62 49 97540
62 79 97540
66 49 97540
66 79 97540
79 62 97540
79 66 97540
29 44 11052843
29 84 11052843
44 29 11052843
44 99 11052843
84 29 11052843
84 99 11052843
99 44 11052843
99 84 11052843
29 45 11396241
29 83 11396241
45 29 11396241
45 99 11396241
83 29 11396241
83 99 11396241
99 45 11396241
99 83 11396241
35 41 1049172
35 87 1049172
41 35 1049172
41 93 1049172
87 35 1049172
87 93 1049172
93 41 1049172
93 87 1049172
40 61 7558486
40 67 7558486
61 40 7558486
61 88 7558486
67 40 7558486
67 88 7558486
88 61 7558486
88 67 7558486
45 59 4171228
45 69 4171228
59 45 4171228
59 83 4171228
69 45 4171228
69 83 4171228
83 59 4171228
83 69 4171228
11 32 26795803
11 96 26795803
32 11 26795803
32 117 26795803
96 11 26795803
96 117 26795803
117 32 26795803
117 96 26795803
31 37 1862396
31 91 1862396
37 31 1862396
37 97 1862396
91 31 1862396
91 97 1862396
97 37 1862396
97 91 1862396
20 29 3483844
20 99 3483844
29 20 3483844
29 108 3483844
99 20 3483844
99 108 3483844
108 29 3483844
108 99 3483844
37 53 4346385
37 75 4346385
53 37 4346385
53 91 4346385
75 37 4346385
75 91 4346385
91 53 4346385
91 75 4346385
55 55 16826951
55 73 16826951
73 55 16826951
73 73 16826951
55 61 7653617
55 67 7653617
61 55 7653617
61 73 7653617
67 55 7653617
67 73 7653617
73 61 7653617
73 67 7653617
24 51 5496905
24 77 5496905
51 24 5496905
51 104 5496905
77 24 5496905
77 104 5496905
104 51 5496905
104 77 5496905
22 63 260649
22 65 260649
63 22 260649
63 106 260649
65 22 260649
65 106 260649
106 63 260649
106 65 260649
39 59 4698910
39 69 4698910
59 39 4698910
59 89 4698910
69 39 4698910
69 89 4698910
89 59 4698910
89 69 4698910
13 58 13337444
13 70 13337444
58 13 13337444
58 115 13337444
70 13 13337444
70 115 13337444
115 58 13337444
115 70 13337444
42 43 6129829
42 85 6129829
43 42 6129829
43 86 6129829
85 42 6129829
85 86 6129829
86 43 6129829
86 85 6129829
39 42 14740684
39 86 14740684
42 39 14740684
42 89 14740684
86 39 14740684
86 89 14740684
89 42 14740684
89 86 14740684
26 43 30055265
26 85 30055265
43 26 30055265
43 102 30055265
85 26 30055265
85 102 30055265
102 43 30055265
102 85 30055265
23 57 8360052
23 71 8360052
57 23 8360052
57 105 8360052
71 23 8360052
71 105 8360052
105 57 8360052
105 71 8360052
13 52 5024060
13 76 5024060
52 13 5024060
52 115 5024060
76 13 5024060
76 115 5024060
115 52 5024060
115 76 5024060
45 54 6245578
45 74 6245578
54 45 6245578
54 83 6245578
74 45 6245578
74 83 6245578
83 54 6245578
83 74 6245578
14 39 11008415
14 89 11008415
39 14 11008415
39 114 11008415
89 14 11008415
89 114 11008415
114 39 11008415
114 89 11008415
41 55 15002787
41 73 15002787
55 41 15002787
55 87 15002787
73 41 15002787
73 87 15002787
87 55 15002787
87 73 15002787
19 53 909065
19 75 909065
53 19 909065
53 109 909065
75 19 909065
75 109 909065
109 53 909065
109 75 909065
6871
1069 316900 999908970710 1000000000000 0 13492601380 0 6746607759214
2661 394133 999908704979 999908970711 13492601379 13512279798 6746607759213 6756448313556
6015 889609 999908437301 999908704980 13512279797 13532073521 6756448313555 6766346532482
6319 928917 999906467531 999908437302 13532073520 13676848604 6766346532481 6838744123977
5741 838853 999906186969 999906467532 13676848603 13697345027 6838744123976 6848993775920
6516 950665 999905904292 999906186970 13697345026 13717964872 6848993775919 6859305151246
2311 335104 999903859778 999905904293 13717964871 13866189115 6859305151245 6933427847801
6673 961698 999903563334 999903859779 13866189114 13887549491 6933427847800 6944109578765
1178 169509 999903264595 999903563335 13887549490 13909042099 6944109578764 6954857439599
6509 930813 999901141549 999903264596 13909042098 14060836709 6954857439598 7030765879773
2855 405751 999900828085 999901141550 14060836708 14083110255 7030765879772 7041904306928
2427 344377 999900512124 999900828086 14083110254 14105525608 7041904306927 7053113653370
244 34405 999898306522 999900512125 14105525607 14261017299 7053113653369 7130871230652
6926 970479 999897974799 999898306523 14261017298 14284256783 7130871230651 7142492748553
2253 315178 999897640358 999897974800 14284256782 14307648495 7142492748552 7154190397483
4517 627882 999895347916 999897640359 14307648494 14466969777 7154190397482 7233863407729
2482 342821 999894996587 999895347917 14466969776 14491231835 7233863407728 7245996344471
7029 969236 999894642293 999894996588 14491231834 14515657473 7245996344470 7258211090401
2084 285517 999892258453 999894642294 14515657472 14678946967 7258211090400 7339868887615
5911 804633 999891886047 999892258454 14678946966 14704292442 7339868887614 7352543677217
425 57753 999891510406 999891886048 14704292441 14729813881 7352543677216 7365306470010
2931 395698 999889030310 999891510407 14729813880 14897216647 7365306470009 7449021630840
2363 316941 999888635224 999889030311 14897216646 14923710974 7449021630839 7462271003817
7136 955423 999888236602 999888635225 14923710973 14950394791 7462271003816 7475615145343
6803 904830 999885655072 999888236603 14950394790 15122062671 7475615145342 7561463642653
7482 988585 999885235553 999885655073 15122062670 15149776297 7561463642652 7575322837000
4098 540469 999884812165 999885235554 15149776296 15177694205 7575322836999 7589284199048
4484 587425 999882123677 999884812166 15177694204 15353786193 7589284199047 7677345584904
6081 791323 999881677808 999882123678 15353786192 15382795044 7677345584903 7691852580030
7423 964131 999881227698 999881677809 15382795043 15412024378 7691852580029 7706469846171
4569 589423 999878426354 999881227699 15412024377 15592707001 7706469846170 7796827444527
7619 976241 999877952034 999878426355 15592707000 15623093001 7796827444526 7812023221041
5513 705016 999877473061 999877952035 15623093000 15653717252 7812023221040 7827338155474
7673 974509 999874552557 999877473062 15653717251 15839164976 7827338155473 7920079264814
7627 962028 999874047483 999874552558 15839164975 15871016627 7920079264813 7936008093457
7143 899165 999873537294 999874047484 15871016626 15903126041 7936008093456 7952065840358
785 98129 999870490893 999873537295 15903126040 16093521697 7952065840357 8047281946436
4185 519512 999869952532 999870490894 16093521696 16126934719 8047281946435 8063991709982
1475 182721 999869408540 999869952533 16126934718 16160626966 8063991709981 8080841127364
6101 750455 999866229031 999869408541 16160626965 16356162190 8080841127363 8178628126108
1699 207514 999865654597 999866229032 16356162189 16391240240 8178628126107 8196170678576
2513 306276 999865073956 999865654598 16391240239 16426621159 8196170678575 8213864711299
4999 604906 999861753618 999865073957 16426621158 16627496859 8213864711298 8314323141775
4065 488374 999861140039 999861753619 16627496858 16664352334 8314323141774 8332754709992
6418 769355 999860519607 999861140040 16664352333 16701536765 8332754709991 8351350807246
7189 855531 999857050166 999860519608 16701536764 16907963608 8351350807245 8454586094416
2953 348878 999856394053 999857050167 16907963607 16946718544 8454586094415 8473967727720
7784 917519 999855730361 999856394054 16946718543 16985831265 8473967727719 8493528311173
5406 632533 999852102942 999855730362 16985831264 17198030173 8493528311172 8599651017916
7313 849376 999851400548 999852102943 17198030172 17238817251 8599651017915 8620049092704
7158 829399 999850689756 999851400549 17238817250 17279994029 8620049092703 8640642082444
2537 291770 999846894835 999850689757 17279994028 17498196706 8640642082443 8749768170001
8729 996403 999846142010 999846894836 17498196705 17541160387 8749768170000 8771254956899
5421 617278 999845379861 999846142011 17541160386 17584549160 8771254956898 8792954363506
4427 500278 999841407208 999845379862 17584549159 17808998617 8792954363505 8905205459100
7056 791339 999840599345 999841407209 17808998616 17854296417 8905205459099 8927859761787
3860 431801 999839781115 999840599346 17854296416 17900058630 8927859761786 8950746354190
7785 864184 999835619732 999839781116 17900058629 18131009736 8950746354189 9066250024060
8373 922319 999834751713 999835619733 18131009735 18178813668 9066250024059 9090157900267
8735 959654 999833872143 999834751714 18178813667 18227125779 9090157900266 9114319960716
1231 134187 999829510201 999833872144 18227125778 18464845805 9114319960715 9233209986117
2022 218693 999828576325 999829510202 18464845804 18515344007 9233209986116 9258465563106
3635 392073 999827629554 999828576326 18515344006 18566399198 9258465563105 9283999742480
7299 781042 999823054317 999827629555 18566399197 18811168366 9283999742479 9406416395375
6875 729848 999822048223 999823054318 18811168365 18864566948 9406416395374 9433122794287
197 20854 999821027705 999822048224 18864566947 18918577065 9433122794286 9460135083299
7927 832390 999816225453 999821027706 18918577064 19170689091 9460135083298 9586225397374
9542 993921 999815140029 999816225454 19170689090 19227214232 9586225397373 9614495783374
773 80280 999814038436 999815140030 19227214231 19284411990 9614495783373 9643102617992
6969 717857 999808994378 999814038437 19284411989 19544174597 9643102617991 9773020649254
2001 204434 999807821656 999808994379 19544174596 19604074935 9773020649253 9802979427396
4839 492863 999806630767 999807821657 19604074934 19664716441 9802979427395 9833308950120
6197 625943 999801328946 999806630768 19664716440 19932451842 9833308950119 9967216019591
591 59200 999800059980 999801328947 19932451841 19996001200 9967216019590 9999000199951
5526 551767 999798770554 999800059981 19996001199 20060368834 9999000199950 10031193702601
6507 644243 999793193745 999798770555 20060368833 20336414157 10031193702600 10169258611396
2126 208715 999791818463 999793193746 20336414156 20403914663 10169258611395 10203019371385
13 1272 999790420087 999791818464 20403914662 20472320382 10203019371384 10237232949925
8921 865408 999784549684 999790420088 20472320381 20757028014 10237232949924 10379632154161
7827 752771 999783056728 999784549685 20757028013 20828813682 10379632154160 10415536631216
3985 381934 999781537636 999783056729 20828813681 20901602822 10415536631215 10451943089005
9578 909989 999775353534 999781537637 20901602821 21195340641 10451943089004 10598860818390
10445 983709 999773730057 999775353535 21195340640 21271781491 10598860818389 10637094172634
3415 320462 999772076927 999773730058 21271781490 21349337151 10637094172633 10675885215738
5729 532846 999765557387 999772076928 21349337150 21652488600 10675885215737 10827513515062
6639 612008 999763788823 999765557388 21652488599 21733995410 10827513515061 10868281309363
1561 143356 999761986525 999763788824 21733995409 21816743525 10868281309362 10909670086339
2479 225611 999755108037 999761986526 21816743524 22129707481 10909670086338 11066208753183
9590 864901 999753177831 999755108038 22129707480 22216737286 11066208753182 11109739707596
1962 176251 999751209137 999753177832 22216737285 22305152510 11109739707595 11153963757026
3473 309129 999743946267 999751209138 22305152509 22628342877 11153963757025 11315620141442
927 81754 999741835544 999743946268 22628342876 22721405354 11315620141441 11362169330774
4646 408051 999739680780 999741835545 22721405353 22816017916 11362169330773 11409494013214
1567 136344 999732006014 999739680781 22816017915 23149862844 11409494013213 11576482635386
11587 998758 999729693196 999732006015 23149862843 23249527749 11576482635385 11626335213134
10462 897895 999727329825 999729693197 23249527748 23350931457 11626335213133 11677057720785
4321 367328 999719213402 999727329826 23350931456 23695872092 11677057720784 11849599650100
2109 177580 999716673744 999719213403 23695872091 23802777947 11849599650099 11903075200010
8080 677267 999714075870 999716673745 23802777946 23911639571 11903075200009 11957529258152
10529 874016 999705485607 999714075871 23911639570 24268128179 11957529258151 12135851180876
11055 908786 999702690643 999705485608 24268128178 24382992455 12135851180875 12193308819757
4363 356962 999699828410 999702690644 24382992454 24500062777 12193308819756 12251870220007
6217 503644 999690729536 999699828411 24500062776 24868560053 12251870220006 12436203101622
9623 771870 999687646408 999690729537 24868560052 24992191161 12436203101621 12498047485114
10484 836739 999684485275 999687646409 24992191160 25118318022 12498047485113 12561140623332
12203 964174 999674840257 999684485276 25118318021 25499289343 12561140623331 12751717844063
9668 756195 999671430909 999674840258 25499289342 25632600793 12751717844062 12818406262320
98 7625 999667930766 999671430910 25632600792 25768744577 12818406262319 12886511895563
9655 743548 999657699159 999667930767 25768744576 26162654888 12886511895562 13083566701554
13061 995534 999653919352 999657699160 26162654887 26306682089 13083566701553 13155617496425
643 48740 999650033445 999653919353 26306682088 26453934167 13155617496424 13229281986291
819 61435 999639171765 999650033446 26453934166 26861241082 13229281986290 13433044051458
12369 919462 999637086003 999639171766 26861241081 26938750650 13433044051457 13471819880740
5012 371495 999634969872 999637086004 26938750649 27017161348 13471819880739 13511046643495
2799 206860 999632822623 999634969873 27017161347 27096493018 13511046643494 13550734270121
10136 746897 999630643478 999632822624 27096493017 27176766158 13550734270120 13590893021169
10637 780809 999627140176 999630643479 27176766157 27305322236 13590893021168 13655206856671
8627 630830 999624906213 999627140177 27305322235 27386983732 13655206856670 13696060519538
12569 916326 999622638486 999624906214 27386983731 27469630976 13696060519537 13737407472066
11448 831403 999619105120 999622638487 27469630975 27597910752 13737407472065 13801583852012
9863 713541 999616780757 999619105121 27597910751 27681972968 13801583852011 13843639058052
11017 794595 999614420652 999616780758 27681972967 27767067241 13843639058051 13886210738213
12866 925095 999612023872 999614420653 27767067240 27853217581 13886210738212 13929310910230
13573 972896 999609589449 999612023873 27853217580 27940448841 13929310910229 13972952014275
10257 732374 999605984547 999609589450 27940448840 28069122843 13972952014274 14037326883345
10691 760410 999603489278 999605984548 28069122842 28157844769 14037326883344 14081714159526
11858 840743 999600954126 999603489279 28157844768 28247699187 14081714159525 14126668187482
13400 946413 999597324681 999600954127 28247699186 28375843417 14126668187481 14190778846558
11505 809434 999594726699 999597324682 28375843416 28467215437 14190778846557 14236492553659
7205 505272 999592086460 999594726700 28467215436 28559773899 14236492553658 14282800023193
3273 228781 999589402798 999592086461 28559773898 28653548012 14282800023192 14329715876522
8741 608981 999586674497 999589402799 28653548011 28748568073 14329715876521 14377255279291
14113 979436 999582980580 999586674498 28748568072 28876719572 14377255279290 14441370951964
11502 795131 999580184700 999582980581 28876719571 28973338687 14441370951963 14489710844633
4569 314795 999577341483 999580184701 28973338686 29071264047 14489710844632 14538704477074
14019 962146 999573630567 999577341484 29071264046 29198579990 14538704477073 14602403004041
8711 595530 999570717614 999573630568 29198579989 29298131134 14602403004040 14652210534554
3903 265918 999567754464 999570717615 29298131133 29399051602 14652210534553 14702703389898
13284 901937 999564739647 999567754465 29399051601 29501377132 14702703389897 14753899459396
10874 735731 999561671632 999564739648 29501377131 29605144868 14753899459395 14805817338812
12905 869753 999557907106 999561671633 29605144867 29731975044 14805817338811 14869274322079
10027 673149 999554764002 999557907107 29731975043 29837455642 14869274322078 14922049737786
10098 675505 999551564433 999554764003 29837455641 29944449223 14922049737785 14975582403356
10950 729659 999547793043 999551564434 29944449222 30070075204 14975582403355 15038437845105
10667 708035 999544516058 999547793044 30070075203 30178807410 15038437845104 15092840978341
14693 971731 999541179145 999544516059 30178807409 30289126641 15092840978340 15148038438356
13217 870912 999537780438 999541179146 30289126640 30401076877 15148038438355 15204052243475
1183 77663 999534317991 999537780439 30401076876 30514703944 15204052243474 15260905336091
13733 898048 999530508953 999534317992 30514703943 30639217865 15260905336090 15323205986020
10319 672156 999526963076 999530508954 30639217864 30754675787 15323205986019 15380975778218
4975 322836 999523349483 999526963077 30754675786 30871893958 15380975778217 15439626631660
14075 909804 999519547028 999523349484 30871893957 30994759359 15439626631659 15501103455083
5343 344024 999515847523 999519547029 30994759358 31113832117 15501103455082 15560682929610
14417 924704 999512076087 999515847524 31113832116 31234752378 15560682929609 15621187164244
14420 921293 999508230338 999512076088 31234752377 31357574614 15621187164243 15682643430855
1271 80884 999504307783 999508230339 31357574613 31482355727 15682643430854 15745080220082
12039 763153 999500490493 999504307784 31482355726 31603314745 15745080220081 15805604897068
345 21784 999496475295 999500490494 31603314744 31730046835 15805604897067 15869018638849
15104 949863 999492378427 999496475296 31730046834 31858836540 15869018638848 15933462354589
15569 975307 999488585413 999492378428 31858836539 31977611356 15933462354588 15992895177846
8440 526657 999484393290 999488585414 31977611355 32108372246 15992895177845 16058326013164
5274 327749 999480114339 999484393291 32108372245 32241294011 16058326013163 16124838541646
15917 985045 999475745497 999480114340 32241294010 32376444566 16124838541645 16192466769374
3759 231653 999471283543 999475745498 32376444565 32513895060 16192466769373 16261246324071
1286 78943 999467507725 999471283544 32513895059 32629756378 16261246324070 16319223119106
4999 305672 999462943033 999467507726 32629756377 32769276821 16319223119105 16389039334258
8629 525372 999458279246 999462943034 32769276820 32911214600 16389039334257 16460065679221
3395 205903 999454550847 999458279247 32911214599 33024245481 16460065679220 16516627230380
438 26461 999449781634 999454550848 33024245480 33168267824 16516627230379 16588697614909
16237 976640 999444906979 999449781635 33168267823 33314830233 16588697614908 16662039607269
383 22935 999439922906 999444906980 33314830232 33464017989 16662039607268 16736695914198
2461 146709 999434825225 999439922907 33464017988 33615920721 16736695914197 16812711420409
13060 775537 999431158483 999434825226 33615920720 33724760216 16812711420408 16867177483116
10420 616359 999425947139 999431158484 33724760215 33878845666 16867177483115 16944286290883
1481 87202 999420614781 999425947140 33878845665 34035786324 16944286290882 17022824548033
6100 357789 999417025617 999420614782 34035786323 34141015018 17022824548032 17075484793606
16405 958499 999411576920 999417025618 34141015017 34300144562 17075484793605 17155119514919
15281 888653 999405999353 999411576921 34300144561 34462275840 17155119514918 17236257093818
12557 726779 999400287714 999405999354 34462275839 34627516759 17236257093817 17318951573345
11268 649037 999394436495 999400287715 34627516758 34795981124 17318951573344 17403259951116
15216 873071 999390970275 999394436496 34795981123 34895394123 17403259951115 17453011762580
6085 347799 999384993791 999390970276 34895394122 35066140134 17453011762579 17538463198398
16595 943861 999378868504 999384993792 35066140133 35240277912 17538463198397 17625612867267
4124 233663 999375519073 999378868505 35240277911 35335136581 17625612867266 17673086542816
16487 930563 999369266003 999375519074 35335136580 35511549787 17673086542815 17761376245284
16109 904674 999362854347 999369266004 35511549786 35691530513 17761376245283 17851452243800
2087 116609 999356277234 999362854348 35691530512 35875216406 17851452243799 17943383485061
8740 485817 999349527358 999356277235 35875216405 36062753201 17943383485060 18037242966953
901 49892 999346385048 999349527359 36062753200 36149726016 18037242966952 18080771939334
7531 415428 999339497946 999346385049 36149726015 36339618108 18080771939333 18175811634027
17063 936275 999332426517 999339497947 36339618107 36533564160 18175811634026 18272881325070
3526 192749 999329451924 999332426518 36533564159 36614840101 18272881325069 18313560111653
851 46344 999322241138 999329451925 36614840100 36811117417 18313560111652 18411798087961
4451 241090 999314833766 999322241139 36811117416 37011660510 18411798087960 18512172212593
7349 395885 999307220639 999314833767 37011660509 37216646501 18512172212592 18614771215016
10686 572447 999299391966 999307220640 37216646500 37426263723 18614771215015 18719689443684
14111 753093 999296739982 999299391967 37426263722 37497006032 18719689443683 18755097871046
15443 821080 999288762356 999296739983 37497006031 37709009901 18755097871045 18861212352238
15659 827840 999280554585 999288762357 37709009900 37925891242 18861212352237 18969769477557
17656 929963 999278136472 999280554586 37925891241 37989550771 18969769477556 19001633678446
14390 755123 999269778357 999278136473 37989550770 38208769432 19001633678445 19111362480963
4079 212808 999261174631 999269778358 38208769431 38433122102 19111362480962 19223662515375
10251 531659 999252312928 999261174632 38433122101 38662838827 19223662515374 19338649042342
19193 989455 999243179976 999252312929 38662838826 38898165399 19338649042341 19456445212885
18481 949258 999241243087 999243179977 38898165398 38947889718 19456445212884 19481335657588
12989 664711 999231950731 999241243088 38947889717 39185566696 19481335657587 19600310349691
19523 992967 999222368562 999231950732 39185566695 39429153728 19600310349690 19722245182859
7558 383023 999220751552 999222368563 39429153727 39470111056 19722245182858 19742747780647
3661 184859 999211009866 999220751553 39470111055 39715963553 19742747780646 19865818743521
18598 933217 999200958721 999211009867 39715963552 39968038349 19865818743520 19992006393608
502 25029 999190581248 999200958722 39968038348 40226637251 19992006393607 20121461969538
1691 83930 999186348792 999190581249 40226637250 40331630096 20121461969537 20174022356545
19168 948245 999179859232 999186348793 40331630095 40492084461 20174022356544 20254347938456
10219 504439 999179243854 999179859233 40492084460 40507266643 20254347938455 20261948380700
8311 410140 999178941932 999179243855 40507266642 40514713363 20261948380699 20265676329982
17754 874213 999171981764 999178941933 40514713362 40686003204 20265676329981 20351427278214
17582 862897 999168053100 999171981765 40686003203 40782369515 20351427278213 20399670478457
10307 504659 999164131501 999168053101 40782369514 40878335597 20399670478456 20447713597956
20109 981286 999156795944 999164131502 40878335596 41057241976 20447713597955 20537279546275
11787 573904 999156632001 999156795945 41057241975 41061231453 20537279546274 20539276810441
19897 968637 999156310525 999156632002 41061231452 41069053289 20539276810440 20543192682004
17327 841613 999148962002 999156310526 41069053288 41247445123 20543192682003 20632502083042
11675 565179 999144888539 999148962003 41247445122 41345999870 20632502083041 20681842574815
8333 402456 999140994886 999144888540 41345999869 41439984762 20681842574814 20728895494481
18821 905875 999133073092 999140994887 41439984761 41630544713 20728895494480 20824298928628
20062 961151 999124966111 999133073093 41630544712 41824658897 20824298928627 20921482951513
6968 332663 999120840882 999124966112 41824658896 41923088076 20921482951512 20970762356399
12734 606545 999116887705 999120840883 41923088075 42017195302 20970762356398 21017878224110
18427 874702 999108683222 999116887706 42017195301 42211836128 21017878224109 21115328287077
16986 804401 999108513517 999108683223 42211836127 42215852684 21115328287076 21117339253160
2221 105164 999108166587 999108513518 42215852683 42224062550 21117339253159 21121449682016
17989 849737 999099937956 999108166588 42224062549 42418321220 21121449682015 21218709687204
5115 240787 999095840683 999099937957 42418321219 42514716625 21218709687203 21266972678152
15147 711428 999091755109 999095840684 42514716624 42610619244 21266972678151 21314989237028
21200 992387 999083620039 999091755110 42610619243 42800936551 21314989237027 21410278250285
12716 593803 999082895817 999083620040 42800936550 42817838393 21410278250284 21418740804479
18580 867377 999082525347 999082895818 42817838392 42826481812 21418740804478 21423068466766
17860 831711 999073817294 999082525348 42826481811 43029148217 21423068466765 21524541937594
21298 988495 999070141795 999073817295 43029148216 43114403312 21524541937593 21567228887991
14161 655787 999065538332 999070141796 43114403311 43220945339 21567228887990 21620574468033
20754 957521 999056158355 999065538333 43220945338 43437224277 21620574468032 21728866442677
2853 130967 999046539411 999056158356 43437224276 43657898372 21728866442676 21839360670730
16261 743618 999041637098 999046539412 43657898371 43769936536 21839360670729 21895460166049
17512 799079 999038174357 999041637099 43769936535 43848901659 21895460166048 21934999651908
4125 187612 999029060053 999038174358 43848901658 44056068466 21934999651907 22038733376221
13687 620911 999028234937 999029060054 44056068465 44074775071 22038733376220 22048100322181
14313 648889 999026542309 999028234938 44074775070 44113124581 22048100322180 22067303083181
12311 556670 999018034713 999026542310 44113124580 44305375717 22067303083180 22163569786358
21800 982539 999013806466 999018034714 44305375716 44400613621 22163569786357 22211259110417
20877 938927 999009595537 999013806467 44400613620 44495258437 22211259110416 22258651752063
2057 92219 999001226442 999009595538 44495258436 44682765888 22258651752062 22352545509217
18003 804974 998999054411 999001226443 44682765887 44731300944 22352545509216 22376849476288
17486 781215 998997939368 998999054412 44731300943 44756196641 22376849476287 22389316046567
14854 661841 998988228279 998997939369 44756196640 44972433319 22389316046566 22497597876087
10171 451756 998985211120 998988228280 44972433318 45039404550 22497597876086 22531134447024
18755 831282 998979729189 998985211121 45039404549 45160831131 22531134447023 22591940513891
6869 303217 998968540210 998979729190 45160831130 45407660919 22591940513890 22715545545241
6963 305680 998957039362 998968540211 45407660918 45659977096 22715545545240 22841900149016
16579 724796 998951167372 998957039363 45659977095 45788264927 22841900149015 22906144819486
18979 828028 998948497133 998951167373 45788264926 45846483778 22906144819485 22935300155669
9089 395336 998938342380 998948497134 45846483777 46067213090 22935300155668 23045839940567
15649 678761 998936609848 998938342381 46067213089 46104766609 23045839940566 23064646663254
20327 880567 998933041443 998936609849 46104766608 46182017198 23064646663253 23103333748621
19784 854595 998924380832 998933041444 46182017197 46368969988 23103333748620 23196960541326
741 31912 998920086078 998924380833 46368969987 46461399353 23196960541325 23243250030884
7539 324032 998915815192 998920086079 46461399352 46553132636 23243250030883 23289191211292
23305 998731 998907345477 998915815193 46553132635 46734517768 23289191211291 23380032032644
18910 808039 998903174369 998907345478 46734517767 46823586299 23380032032643 23424639521796
23357 996624 998901024205 998903174370 46823586298 46869433980 23424639521795 23447601162894
22929 975476 998890158564 998901024206 46869433979 47100436542 23447601162893 23563294030796
412 17477 998888171915 998890158565 47100436541 47142549869 23563294030795 23584385825453
5905 250008 998881592633 998888171916 47142549868 47281750160 23584385825452 23654102540909
13585 572601 998868137724 998881592634 47281750159 47565149416 23654102540908 23796041628639
5585 233988 998854270746 998868137725 47565149415 47855467942 23796041628638 23941449179971
23431 977168 998847176023 998854270747 47855467941 48003322278 23941449179970 24015503963314
21890 911209 998845731546 998847176024 48003322277 48033369346 24015503963313 24030553527426
17878 742149 998834384358 998845731547 48033369345 48268754109 24030553527425 24148450960382
6513 269534 998831396082 998834384359 48268754108 48330551424 24148450960381 24179403784661
15724 649447 998825212248 998831396083 48330551423 48458181728 24179403784660 24243331247853
18937 779696 998816607111 998825212249 48458181727 48635227542 24243331247852 24332010934903
18361 753925 998812351124 998816607112 48635227541 48722553714 24332010934902 24375751773792
23785 974898 998808126159 998812351125 48722553713 48809088476 24375751773791 24419096479099
9615 393061 998799769134 998808126160 48809088475 48979803765 24419096479098 24504607475298
9087 370294 998792837062 998799769135 48979803764 49120959200 24504607475297 24575312803294
20800 845749 998789246358 998792837063 49120959199 49193915878 24575312803293 24611857386841
8744 354385 998777048081 998789246359 49193915877 49440956967 24611857386840 24735603710134
21881 884519 998776626056 998777048082 49440956966 49449481726 24735603710133 24739873921303
15993 645397 998768662067 998776626057 49449481725 49610076322 24739873921302 24820319260938
15742 632149 998752338877 998768662068 49610076321 49937616944 24820319260937 24984394500786
13147 524440 998735463798 998752338878 49937616943 50273982844 24984394500785 25152894794836
17381 689890 998727215380 998735463799 50273982843 50437577835 25152894794835 25234848180557
23704 939261 998726809369 998727215381 50437577834 50445616721 25234848180556 25238875310095
16529 653326 998714499394 998726809370 50445616720 50688743311 25238875310094 25360672234986
3806 149937 998709769371 998714499395 50688743310 50781852680 25360672234985 25407316989240
25085 985437 998699926793 998709769372 50781852679 50975054905 25407316989239 25504106054886
11423 447183 998691713045 998699926794 50975054904 51135724245 25504106054885 25584598120068
23747 927458 998687663476 998691713046 51135724244 51214751974 25584598120067 25624189766636
15571 607204 998683651771 998687663477 51214751973 51292920408 25624189766635 25663351157397
20025 779126 998675740898 998683651772 51292920407 51446715542 25663351157396 25740401250886
13705 531354 998664984942 998675740899 51446715541 51655085429 25740401250885 25844794308806
11341 438352 998659381818 998664984943 51655085428 51763298835 25844794308805 25899009758908
6315 243296 998647556129 998659381819 51763298834 51990947641 25899009758907 26013064424917
20272 779025 998645642025 998647556130 51990947640 52027700926 26013064424916 26031478432868
19073 731635 998637825404 998645642026 52027700925 52177520749 26031478432867 26106541208030
6045 230707 998617829332 998637825405 52177520748 52558833123 26106541208029 26297590440449
5501 208403 998597082986 998617829333 52558833122 52951542477 26297590440448 26494355929718
5067 190993 998589577740 998597082987 52951542476 53092892448 26494355929717 26565180284604
3692 138901 998586413456 998589577741 53092892447 53152373990 26565180284603 26594984150782
823 30885 998575289519 998586413457 53152373989 53360951658 26594984150781 26699495354404
18654 697789 998568132270 998575289520 53360951657 53494721372 26699495354403 26766523746604
18774 700285 998559017178 998568132271 53494721371 53664599238 26766523746603 26851645999035
5394 200677 998553140558 998559017179 53664599237 53773836402 26851645999034 26906383077905
1569 58240 998545852668 998553140559 53773836401 53908998488 26906383077904 26974111409859
19445 720433 998542273277 998545852669 53908998487 53975258016 26974111409858 27007313648905
22821 844481 998538736194 998542273278 53975258015 54040654322 27007313648904 27040083508499
25274 933577 998531786783 998538736195 54040654321 54168909741 27040083508498 27104352354279
26915 991874 998525034410 998531786784 54168909740 54293237664 27104352354278 27166653771350
4981 183188 998519823276 998525034411 54293237663 54388992679 27166653771349 27214637575743
9455 347182 998515707930 998519823277 54388992678 54464493160 27214637575742 27252471893882
20939 767245 998507275475 998515707931 54464493159 54618868739 27252471893881 27329832324964
16247 593969 998502152314 998507275476 54618868738 54712446703 27329832324963 27376726434240
19879 725519 998497125005 998502152315 54712446702 54804118059 27376726434239 27422665448200
13392 487919 998491750541 998497125006 54804118058 54901949872 27422665448199 27471692018255
21874 795363 998485112624 998491750542 54901949871 55022539628 27471692018254 27532123847006
20404 740955 998483944397 998485112625 55022539627 55043735168 27532123847005 27542745750807
17388 630797 998479016149 998483944398 55043735167 55133060042 27542745750806 27587510099407
23176 837527 998460353205 998479016150 55133060041 55470019623 27587510099406 27756377319947
26917 966745 998441107104 998460353206 55470019622 55815371039 27756377319946 27929455033593
8044 287799 998436506484 998441107105 55815371038 55897607461 27929455033592 27970669710522
1461 52217 998434556805 998436506485 55897607460 55932421510 27970669710521 27988117659007
5412 193181 998428501630 998434556806 55932421509 56040406245 27988117659006 28042237287518
8723 310708 998421246548 998428501631 56040406244 56169515232 28042237287517 28106944583537
22299 792802 998416781116 998421246549 56169515231 56248832739 28106944583536 28146697561026
27107 962397 998412409132 998416781117 56248832738 56326381840 28146697561025 28185564492071
26846 950893 998401845733 998412409133 56326381839 56513312023 28185564492070 28279253315997
26309 929540 998396421686 998401845734 56513312022 56609055490 28279253315996 28327240218843
10762 379667 998392198731 998396421687 56609055489 56683485352 28327240218842 28364544951634
25891 911004 998379544326 998392198732 56683485351 56905935284 28364544951633 28476039721817
19166 672485 998374030113 998379544327 56905935283 57002596388 28476039721816 28524488173024
23011 806376 998371334423 998374030114 57002596387 57049790539 28524488173023 28548142958105
27824 974237 998368678629 998371334424 57049790538 57096247961 28548142958104 28571428571429
3412 119325 998363483674 998368678630 57096247960 57187013087 28571428571428 28616922573527
24045 838484 998349779889 998363483675 57187013086 57425752019 28616922573526 28736586856259
6996 243313 998345990581 998349779890 57425752018 57491591473 28736586856258 28769588321459
5795 201244 998339941675 998345990582 57491591472 57596535097 28769588321458 28822190807224
22886 792557 998327495855 998339941676 57596535096 57811858801 28822190807223 28930122274933
28919 999079 998323904122 998327495856 57811858800 57873849515 28930122274932 28961195627474
14772 509795 998320396316 998323904123 57873849514 57934327462 28961195627473 28991510855054
16219 558568 998309904972 998320396317 57934327461 58114831450 28991510855053 29081991389150
18901 649488 998305397684 998309904973 58114831449 58192206981 29081991389149 29120777558852
26359 904583 998301065384 998305397685 58192206980 58266481383 29120777558851 29158009467031
25677 880189 998297772381 998301065385 58266481382 58322874230 29158009467030 29186277959119
25578 873377 998274373174 998297772382 58322874229 58722021952 29186277959118 29386365926402
9329 316353 998250153032 998274373175 58722021951 59132325936 29386365926401 29592053750477
9700 327663 998247426501 998250153033 59132325935 59178336270 29592053750476 29615119471293
15812 533495 998241888769 998247426502 59178336269 59271675412 29615119471292 29661912176321
21782 733977 998238389037 998241888770 59271675411 59330587835 29661912176320 29691446305697
22010 739893 998225062346 998238389038 59330587834 59554386093 29691446305696 29803642850211
4664 156437 998222615791 998225062347 59554386092 59595380048 29803642850210 29824194549835
27712 928867 998220232987 998222615792 59595380047 59635278600 29824194549834 29844197158527
12117 405134 998204845465 998220232988 59635278599 59892290728 29844197158526 29973048490925
27169 905447 998196908068 998204845466 59892290727 60024434376 29973048490924 30039298996702
29670 987421 998194826629 998196908069 60024434375 60059038373 30039298996701 30056647916492
25801 855719 998172048388 998194826630 60059038372 60436427893 30056647916491 30245857928742
26237 867174 998169658360 998172048389 60436427892 60475888827 30245857928741 30265642646189
20721 684529 998168496631 998169658361 60475888826 60495060402 30265642646188 30275254816540
18344 605813 998167356304 998168496632 60495060401 60513872853 30275254816539 30284686946724
14413 475773 998165137614 998167356305 60513872852 60550458716 30284686946723 30303030303031
26107 858735 998141185194 998165137615 60550458715 60944026935 30303030303030 30500360728239
10745 352227 998139836997 998141185195 60944026934 60966103692 30500360728238 30511429962305
20752 679335 998131033565 998139836998 60966103691 61110063280 30511429962304 30583611511437
26543 865778 998112829209 998131033566 61110063279 61406678517 30583611511436 30732337843638
10408 338623 998111869922 998112829210 61406678516 61422268919 30732337843637 30740155164937
6810 221507 998110938485 998111869923 61422268918 61437402899 30740155164936 30747743638724
27326 886597 998092856139 998110938486 61437402898 61730466739 30747743638723 30894693681974
23123 748359 998091973293 998092856140 61730466738 61744739429 30894693681973 30901850492346
24593 794890 998082827570 998091973294 61744739428 61892401064 30901850492345 30975893596577
26666 860805 998082311521 998082827571 61892401063 61900722351 30975893596576 30980066233301
22395 720101 998052578482 998082311522 61900722350 62378286156 30980066233300 31219541881398
27324 871819 998022092857 998052578483 62378286155 62864156463 31219541881397 31463193869330
25317 804611 998021665694 998022092858 62864156462 62870937683 31463193869329 31466594562929
7811 247925 998011880354 998021665695 62870937682 63026079293 31466594562928 31544396663508
11540 365797 998011085508 998011880355 63026079292 63038664342 31544396663507 31550708000890
22723 718429 997991381949 998011085509 63038664341 63349834681 31550708000889 31706760726203
27740 874791 997990452628 997991381950 63349834680 63364473183 31706760726202 31714102086630
24406 769471 997989492262 997990452629 63364473182 63379597136 31714102086629 31721686915999
13359 420067 997969082863 997989492263 63379597135 63700154226 31721686915998 31882452422156
21113 661394 997959011346 997969082864 63700154225 63857745596 31882452422155 31961489316328
31697 991543 997957516147 997959011347 63857745595 63881108036 31961489316327 31973206396538
2593 80821 997929330862 997957516148 63881108035 64319908311 31973206396537 32193284976031
17031 528854 997926680219 997929330863 64319908310 64361020091 32193284976030 32213904908364
30809 956230 997925308968 997926680220 64361020090 64382277998 32213904908363 32224567009068
12568 389947 997923905626 997925308969 64382277997 64404026104 32224567009067 32235474995722
17959 556924 997920997920 997923905627 64404026103 64449064450 32235474995721 32258064516130
10431 322274 997892883848 997920997921 64449064449 64882912738 32258064516129 32475671374395
13511 415901 997890180197 997892883849 64882912737 64924481253 32475671374394 32496521528391
29641 911041 997880105965 997890180198 64924481252 65079137346 32496521528390 32574095488146
30628 938063 997860254220 997880105966 65079137345 65382819200 32574095488145 32726422712003
28914 883165 997856949050 997860254221 65382819199 65433242561 32726422712002 32751715577925
32284 985325 997853520508 997856949051 65433242560 65485506868 32751715577924 32777932013092
23891 727386 997835933218 997853520509 65485506867 65752949582 32777932013091 32912086767352
3658 111079 997830825312 997835933219 65752949581 65830418934 32912086767351 32950947647558
26127 792238 997823512446 997830825313 65830418933 65941170816 32950947647557 33006504530929
31330 948763 997819442223 997823512447 65941170815 66002732678 33006504530928 33037386303488
20889 629815 997785157856 997819442224 66002732677 66519010524 33037386303487 33296378372909
28051 839856 997757592457 997785157857 66519010523 66931208671 33296378372908 33503168213695
27802 829193 997750683005 997757592458 66931208670 67034129833 33503168213694 33554802610042
2373 70676 997745067963 997750683006 67034129832 67117653074 33554802610041 33596705680943
33322 991173 997739151789 997745067964 67117653073 67205542819 33596705680942 33640799780174
33667 999910 997731295932 997739151790 67205542818 67322070065 33640799780173 33699261858267
19967 592101 997725098286 997731295933 67322070064 67413857993 33699261858266 33745312630928
28235 835876 997716033508 997725098287 67413857992 67547882868 33745312630927 33812554804785
22523 665652 997709702117 997716033509 67547882867 67641335737 33812554804784 33859441972519
33802 997585 997703106543 997709702118 67641335736 67738550280 33859441972518 33908216920705
29257 862242 997696852512 997703106544 67738550279 67830601408 33908216920704 33954401701295
32457 955334 997691401039 997696852513 67830601407 67910737684 33954401701294 33994608800969
27337 803486 997683692681 997691401040 67910737683 68023888138 33994608800968 34051380799965
23659 694089 997674163557 997683692682 68023888137 68163504676 34051380799964 34121432773428
14522 425261 997666802532 997674163558 68163504675 68271158807 34121432773427 34175448438365
24038 703051 997662565173 997666802533 68271158806 68333052410 34175448438364 34206503941374
7007 204488 997646274857 997662565174 68333052409 68570476613 34206503941373 34325634861260
33523 975531 997635794142 997646274858 68570476612 68722792761 34325634861259 34402063160020
21481 624267 997633626541 997635794143 68722792760 68754252186 34402063160019 34417848834851
22597 656320 997630328422 997633626542 68754252185 68802091616 34417848834850 34441853748634
25457 738868 997626972852 997630328423 68802091615 68850730119 34441853748633 34466259744112
11096 321861 997624703087 997626972853 68850730118 68883610452 34466259744111 34482758620690
12357 357910 997612942572 997624703088 68883610451 69053724094 34482758620689 34568120090835
24987 721661 997597420967 997612942573 69053724093 69277598679 34568120090834 34680460612906
5570 160547 997593702510 997597420968 69277598678 69331123688 34680460612905 34707319912300
12433 357877 997584368191 997593702511 69331123687 69465303133 34707319912299 34774652945250
27164 780395 997575100836 997584368192 69465303132 69598262850 34774652945249 34841374834871
9839 282181 997567777896 997575100837 69598262849 69703145575 34841374834870 34894007775981
32857 940851 997559798296 997567777897 69703145574 69817253038 34894007775980 34951270593998
22777 651488 997556943215 997559798297 69817253037 69858034924 34951270593997 34971736430967
4942 141167 997546761100 997556943216 69858034923 70003281481 34971736430966 35044627161653
8572 244337 997536103687 997546761101 70003281480 70154984427 35044627161652 35120759167859
6938 197415 997529518435 997536103688 70154984426 70248557637 35120759167858 35167719419396
17458 496207 997525256932 997529518436 70248557636 70309044803 35167719419395 35198075498131
7346 208391 997510356846 997525256933 70309044802 70520124675 35198075498130 35304009529976
34567 978993 997509026632 997510356847 70520124674 70538938084 35304009529975 35313451475151
22964 649647 997499160472 997509026633 70538938083 70678319571 35313451475150 35383403892657
4976 140607 997497461835 997499160473 70678319570 70702288737 35383403892656 35395433579937
14159 399714 997489718369 997497461836 70702288736 70811452084 35395433579936 35450221061118
30069 845596 997458699830 997489718370 70811452083 71247049988 35450221061117 35668847618200
10253 286575 997427617919 997458699831 71247049987 71680869222 35668847618199 35886591623486
22630 630121 997419838805 997427617920 71680869221 71789032293 35886591623485 35940882781953
32907 915296 997416562341 997419838806 71789032292 71834540204 35940882781952 35963725122620
1657 46031 997406866771 997416562342 71834540203 71969035821 35963725122619 36031234806597
35810 993753 997405752137 997406866772 71969035820 71984481685 36031234806596 36038987876069
25988 719841 997387480224 997405752138 71984481684 72237208503 36038987876068 36165846245292
6288 173821 997384795982 997387480225 72237208502 72274260579 36165846245291 36184445142382
29221 807256 997380899837 997384795983 72274260578 72328007299 36184445142381 36211424323124
18347 505935 997365816958 997380899838 72328007298 72535695779 36211424323123 36315678962237
34311 943649 997352982772 997365816959 72535695778 72711950563 36315678962236 36404156495764
25393 697330 997349945547 997352982773 72711950562 72753598656 36404156495763 36425063528420
5945 163061 997340146698 997349945548 72753598655 72887802701 36425063528419 36492433610082
31504 862781 997333723591 997340146699 72887802700 72975638312 36492433610081 36536527396311
35683 975915 997325815489 997333723592 72975638311 73083635367 36536527396310 36590742882148
32277 880714 997308876324 997325815490 73083635366 73314426984 36590742882147 36706604498053
18980 517013 997307625290 997308876325 73314426983 73331443037 36706604498052 36715146984629
8879 241728 997302871716 997307625291 73331443036 73396063014 36715146984628 36747587986422
25985 705618 997279870354 997302871717 73396063013 73707938419 36747587986421 36904161260719
22353 605437 997275075500 997279870355 73707938418 73772784859 36904161260718 36936717312131
32622 882593 997267754456 997275075501 73772784858 73871685516 36936717312130 36986370680884
36579 988309 997260273972 997267754457 73871685515 73972602740 36986370680883 37037037037038
17815 480782 997255195551 997260273973 73972602739 74041035557 37037037037037 37071394642957
20255 545061 997228636820 997255195552 74041035556 74397889122 37071394642956 37250561978545
6803 182601 997226992609 997228636821 74397889121 74419924822 37250561978544 37261625792660
36553 980948 997226603885 997226992610 74419924821 74425133542 37261625792659 37264241021503
18439 493920 997206436500 997226603886 74425133541 74694865963 37264241021502 37399672160897
33853 904591 997199309888 997206436501 74694865962 74789948242 37399672160896 37447413421053
6742 179949 997193703450 997199309889 74789948241 74864663220 37447413421052 37484928522319
11878 316641 997185448243 997193703451 74864663219 74974541092 37484928522318 37540099822698
31937 850085 997176731439 997185448244 74974541091 75090387376 37540099822697 37598268692797
17996 478105 997164120486 997176731440 75090387375 75257669471 37598268692796 37682265918312
31839 843395 997143422946 997164120487 75257669470 75531411180 37682265918311 37819723066055
30121 796385 997142688027 997143422947 75531411179 75541112730 37819723066054 37824594698330
1905 50359 997141542102 997142688028 75541112729 75556237429 37824594698329 37832189574830
31353 827312 997121818730 997141542103 75556237428 75816084127 37832189574829 37962673791815
24881 654877 997112508254 997121818731 75816084126 75938434818 37962673791814 38024114567123
37726 991829 997108659693 997112508255 75938434817 75988951594 38024114567122 38049482798270
5312 139479 997097995459 997108659694 75988951593 76128755746 38049482798269 38119689628746
36475 956137 997089289677 997097995460 76128755745 76242694145 38119689628745 38176908032477
22978 600091 997054485501 997089289678 76242694144 76696498885 38176908032476 38404810405298
21845 567138 997019721744 997054485502 76696498884 77147096198 38404810405297 38631113833037
20679 534904 997011038678 997019721745 77147096197 77259230855 38631113833036 38687433047749
37652 972151 996997700962 997011038679 77259230854 77431158299 38687433047748 38773784397114
3678 94849 996996574911 996997700963 77431158298 77445655877 38773784397113 38781065951682
25117 646934 996983071896 996996574912 77445655876 77619291101 38781065951681 38868276948878
36007 925205 996967680773 996983071897 77619291100 77816730158 38868276948877 38967445946364
37875 971521 996962141349 996967680774 77816730157 77887667293 38967445946363 39003076563227
7439 190668 996958287481 996962141350 77887667292 77936981096 39003076563226 39027846292312
36643 937360 996938377812 996958287482 77936981095 78191245319 39027846292311 39155562428663
8465 215982 996926650151 996938377813 78191245318 78340629416 39155562428662 39230599386165
31154 792867 996907144026 996926650152 78340629415 78588460909 39230599386164 39355090267277
7629 193765 996901697475 996907144027 78588460908 78657520747 39355090267276 39389781102287
29417 746604 996898148653 996901697476 78657520746 78702485421 39389781102286 39412368363946
39181 993781 996893802219 996898148654 78702485420 78757520888 39412368363945 39440014686938
35245 892739 996881331057 996893802220 78757520887 78915218998 39440014686937 39519233201518
33671 850928 996865392576 996881331058 78915218997 79116300999 39519233201517 39620247459969
39192 988855 996861134931 996865392577 79116300998 79169929036 39620247459968 39647188104797
33799 850944 996838255903 996861134932 79169929035 79457482762 39647188104796 39791646882999
1320 33149 996829186929 996838255904 79457482761 79571176219 39791646882998 39848764600903
19576 490719 996815278536 996829186930 79571176218 79745222283 39848764600902 39936203984453
12893 322478 996800989306 996815278537 79745222282 79923636788 39936203984452 40025839938857
25561 638126 996791242830 996800989307 79923636787 80045101137 40025839938856 40086865076286
33903 845314 996784806408 996791242831 80045101136 80125212717 40086865076285 40127114578864
39951 994435 996769603035 996784806409 80125212716 80314123689 40127114578863 40222028403271
37044 920585 996763955011 996769603036 80314123688 80384189921 40222028403270 40257232067190
24267 601669 996739648776 996763955012 80384189920 80685020642 40257232067189 40408383081590
5169 127840 996731597796 996739648777 80685020641 80784416529 40408383081589 40458325304198
32753 809391 996729048114 996731597797 80784416528 80815868767 40458325304197 40474128847057
39379 972794 996727053831 996729048115 80815868766 80840461156 40474128847056 40486485621594
38681 955192 996724135490 996727053832 80840461155 80876434952 40486485621593 40504561202913
29506 727017 996698097731 996724135491 80876434951 81196686988 40504561202912 40665480214515
22618 556077 996695262216 996698097732 81196686987 81231485736 40665480214514 40682966135539
19987 490891 996684615822 996695262217 81231485735 81362009455 40682966135538 40748553281855
16997 416685 996670808559 996684615823 81362009454 81530971817 40748553281854 40833457106082
16797 411244 996667256245 996670808560 81530971816 81574385241 40833457106081 40855272697881
40077 980234 996657521232 996667256246 81574385240 81693239446 40855272697880 40914998479485
4091 99873 996642163459 996657521233 81693239445 81880388463 40914998479484 41009045066353
35892 875033 996639273541 996642163460 81880388462 81915556730 41009045066352 41026718153325
18344 447077 996637884746 996639273542 81915556729 81932451978 41026718153324 41035208539221
19807 482040 996619950424 996637884747 81932451977 82150315982 41035208539220 41144693542922
3998 97097 996609896266 996619950425 82150315981 82272198610 41144693542921 41205945519438
36593 887918 996607861226 996609896267 82272198609 82296846486 41205945519437 41218332394687
5777 140011 996593810579 996607861227 82296846485 82466821899 41218332394686 41303755156331
32367 783079 996584175134 996593810580 82466821898 82583181534 41303755156330 41362233840020
5893 142406 996577758300 996584175135 82583181533 82660581055 41362233840019 41401132868999
40643 979400 996545758244 996577758301 82660581054 83045479854 41401132868998 41594578792296
12287 294720 996513904449 996545758245 83045479853 83426843633 41594578792295 41786257258896
5377 128620 996507551953 996513904450 83426843632 83502687984 41786257258895 41824378726552
35573 849953 996498034917 996507551954 83502687983 83616185072 41824378726551 41881426181656
26027 620743 996482204928 996498034918 83616185071 83804625533 41881426181655 41976144503456
40866 973451 996480733451 996482204929 83804625532 83822120355 41976144503455 41984938271410
21079 501584 996467357340 996480733452 83822120354 83980984488 41984938271409 42064792183491
8154 193615 996450667352 996467357341 83980984487 84178783146 42064792183490 42164218992390
31043 736117 996448291857 996450667353 84178783145 84206897904 42164218992389 42178351549040
14013 332203 996447051821 996448291858 84206897903 84221570379 42178351549039 42185727040054
37355 884322 996428304896 996447051822 84221570378 84443076687 42185727040053 42297074469970
40457 955674 996416021766 996428304897 84443076686 84587892556 42297074469969 42369872628227
8937 210877 996412548021 996416021767 84587892555 84628802104 42369872628226 42390437881814
13637 321374 996398007205 996412548022 84628802103 84799830401 42390437881813 42476415070755
2047 48163 996389506963 996398007206 84799830400 84899649074 42476415070754 42526595525025
3754 88213 996379503291 996389506964 84899649073 85016971368 42526595525024 42585576152839
36165 847919 996357097819 996379503292 85016971367 85279151176 42585576152838 42717383211845
38501 900818 996349378226 996357097820 85279151175 85369294881 42717383211844 42762702667191
33281 778126 996346649041 996349378227 85369294880 85401141347 42762702667190 42778713500198
36605 855551 996344405302 996346649042 85401141346 85427314266 42778713500197 42791872003027
21419 500420 996340934192 996344405303 85427314265 85467788388 42791872003026 42812220559964
12496 291343 996313993260 996340934193 85467788387 85781273214 42812220559963 42969830148453
15844 368493 996304768974 996313993261 85781273213 85888342154 42969830148452 43023662262308
34467 800345 996290518771 996304768975 85888342153 86053484570 43023662262307 43106694020670
22181 514249 996281543513 996290518772 86053484569 86157333141 43106694020669 43158908832269
15511 359206 996273820032 996281543514 86157333140 86246597139 43158908832268 43203791119606
35203 814354 996265434652 996273820033 86246597138 86343405750 43203791119605 43252467457688
24379 562708 996240588195 996265434653 86343405749 86629616365 43252467457687 43396380615196
26107 600567 996214879104 996240588196 86629616364 86924764308 43396380615195 43544793307353
9109 209086 996207583535 996214879105 86924764307 87008335850 43544793307352 43586817607158
42869 982860 996197234964 996207583536 87008335849 87126741299 43586817607157 43646359073587
35445 811771 996191168657 996197234965 87126741298 87196074960 43646359073586 43681224688336
32727 748415 996174723949 996191168658 87196074959 87383747715 43681224688335 43775600735974
38761 884793 996163417268 996174723950 87383747714 87512548222 43775600735973 43840372719455
19213 437646 996142284005 996163417269 87512548221 87752777823 43840372719454 43961183792396
35864 815421 996134921908 996142284006 87752777822 87836310002 43961183792395 44003192889072
36258 823715 996129850025 996134921909 87836310001 87893810297 44003192889071 44032110584009
24577 557925 996123316050 996129850026 87893810296 87967830596 44032110584008 44069336742901
27844 630967 996102302853 996123316051 87967830595 88205454767 44069336742900 44188844750496
36626 828545 996096540404 996102302854 88205454766 88270505805 44188844750495 44221561441345
6489 146567 996078298413 996096540405 88270505804 88476117851 44221561441344 44324973584637
12029 271284 996072640692 996078298414 88476117850 88539790284 44324973584636 44356998076518
41958 945365 996063495068 996072640693 88539790283 88642618373 44356998076517 44408716752629
32749 736720 996048008264 996063495069 88642618372 88816469373 44408716752628 44496158912554
29872 670901 996037705314 996048008265 88816469372 88931937975 44496158912553 44554237496479
25011 560825 996022580554 996037705315 88931937974 89101172980 44554237496478 44639361221265
30635 685914 996014155971 996022580555 89101172979 89195297550 44639361221264 44686705894759
37897 847175 995997520002 996014155972 89195297549 89380871274 44686705894758 44780051266519
39865 890177 995996386258 995997520003 89380871273 89393504017 44780051266518 44786405743077
12290 274143 995980593444 995996386259 89393504016 89569288724 44786405743076 44874829453764
9562 212831 995961679434 995980593445 89569288723 89779357864 44874829453763 44980501774358
9417 209134 995944442405 995961679435 89779357863 89970370915 44980501774357 45076590812212
30359 673070 995934137904 995944442406 89970370914 90084365769 45076590812211 45133937066321
13299 294532 995927284058 995934137905 90084365768 90160106857 45133937066320 45172039871948
40699 899097 995893206467 995927284059 90160106856 90535746043 45172039871947 45361017187261
6457 142055 995859452406 995893206468 90535746042 90906276200 45361017187260 45547433758198
22520 494229 995852740882 995859452407 90906276199 90979769603 45547433758197 45584409981174
31303 686288 995842698335 995852740883 90979769602 91089627133 45584409981173 45639682530540
41201 901840 995826027039 995842698336 91089627132 91271703555 45639682530539 45731292366369
42970 938207 995800911344 995826027040 91271703554 91545316464 45731292366368 45868962150823
33448 728861 995792934970 995800911345 91545316463 91632039499 45868962150822 45912598392852
24799 539778 995781822078 995792934971 91632039498 91752726494 45912598392851 45973325079169
16644 361711 995766679017 995781822079 91752726493 91916924218 45973325079168 46055946911727
32791 711397 995752775171 995766679018 91916924217 92067424954 46055946911726 46131678281242
45769 991431 995740674055 995752775172 92067424953 92198210561 46131678281241 46197490364999
34199 739936 995732805465 995740674056 92198210560 92283151879 46197490364998 46240233976169
30605 660724 995703225936 995732805466 92283151878 92601759480 46240233976168 46400566114179
28619 616709 995701215992 995703225937 92601759479 92623368930 46400566114178 46411440844593
46239 996217 995700053016 995701215993 92623368929 92635870064 46411440844592 46417731924806
41459 892945 995695696521 995700053017 92635870063 92682684086 46417731924805 46441290747600
1450 31173 995668530125 995695696522 92682684085 92974072289 46441290747599 46587933258914
42773 917158 995650504666 995668530126 92974072288 93166906985 46587933258913 46684981546754
44641 955838 995643607965 995650504667 93166906984 93240580855 46684981546753 46722060232551
45589 975223 995634226059 995643607966 93240580854 93340708694 46722060232550 46772453325465
44565 952067 995620719348 995634226060 93340708693 93484668281 46772453325464 46844907639229
28357 604633 995600317282 995620719349 93484668280 93701698099 46844907639228 46954140710055
23993 510967 995599597357 995600317283 93701698098 93709347136 46954140710054 46957990600867
3553 75577 995579502714 995599597358 93709347135 93922594596 46957990600866 47065323364932
42412 900483 995566806712 995579502715 93922594595 94057075082 47065323364931 47133012417972
1215 25762 995555735114 995566806713 94057075081 94174191160 47133012417971 47191962370362
46303 980683 995547052001 995555735115 94174191159 94265938977 47191962370361 47238143987521
37969 803409 995538876718 995547052002 94265938976 94352238675 47238143987520 47281583824507
24307 513827 995529751090 995538876719 94352238674 94448476393 47281583824506 47330026696121
39532 835097 995526664585 995529751091 94448476392 94481003911 47330026696120 47346400119409
3137 66141 995495472593 995526664586 94481003910 94809092628 47346400119408 47511554864494
20557 431902 995463294616 995495472594 94809092627 95146356061 47511554864493 47681336117217
46348 971947 995461626875 995463294617 95146356060 95163803085 47681336117216 47690119320402
10587 221855 995450135309 995461626876 95163803084 95283934182 47690119320401 47750596466979
15033 314732 995444866790 995450135310 95283934181 95338959410 47750596466978 47778297960769
46185 966074 995433978849 995444866791 95338959409 95452573315 47778297960768 47835495599489
29142 608705 995418762247 995433978850 95452573314 95611127838 47835495599488 47915319654210
21462 447677 995409029100 995418762248 95611127837 95712406645 47915319654209 47966309287182
27052 563855 995404993003 995409029101 95712406644 95754372766 47966309287181 47987437688471
15039 313228 995395239027 995404993004 95754372765 95855715125 47987437688470 48038460375999
25009 520290 995384152685 995395239028 95855715124 95970769415 48038460375998 48096387498011
20981 435860 995368578882 995384152686 95970769414 96132159933 48096387498010 48177645448287
2921 60569 995350013555 995368578883 96132159932 96324194861 48177645448286 48274334931625
32624 675307 995336340105 995350013556 96324194860 96465382727 48274334931624 48345424672390
46967 970941 995325849247 995336340106 96465382726 96573566882 48345424672389 48399897649888
42317 873875 995316345251 995325849248 96573566881 96671468780 48399897649887 48449194038419
36310 749077 995307161766 995316345252 96671468779 96765974061 48449194038418 48496780803901
8343 171812 995283147540 995307161767 96765974060 97012660110 48496780803900 48620999094135
46111 948134 995278337358 995283147541 97012660109 97061996609 48620999094134 48645842934113
5958 122453 995274633925 995278337359 97061996608 97099964286 48645842934112 48664962022991
42241 867751 995269305017 995274633926 97099964285 97154570093 48664962022990 48692459633454
1049 21517 995246135218 995269305018 97154570092 97391633794 48692459633453 48811839338544
6287 128700 995231277832 995246135219 97391633793 97543342286 48811839338543 48888238355543
2877 58840 995228525119 995231277833 97543342285 97571424032 48888238355542 48902380255166
48189 985205 995224520712 995228525120 97571424031 97612260357 48902380255165 48922945434506
27617 563892 995203953735 995224520713 97612260356 97821728006 48922945434505 49028435324721
26839 547230 995197410874 995203953736 97821728005 97888269923 49028435324720 49061947147970
26029 530286 995188467054 995197410875 97888269922 97979156163 49061947147969 49107719787202
1097 22323 995175000159 995188467055 97979156162 98115845087 49107719787201 49176560992554
31326 636649 995164052786 995175000160 98115845086 98226819356 49176560992553 49232452448213
7266 147451 995146424420 995164052787 98226819355 98405253739 49232452448212 49322321677079
29854 605057 995139163602 995146424421 98405253738 98478652837 49322321677078 49359290135229
34079 689202 995104620304 995139163603 98478652836 98827094712 49359290135228 49534793165898
26929 543164 995087556311 995104620305 98827094711 98998764007 49534793165897 49621262832975
26019 524080 995077384150 995087556312 98998764006 99100956360 49621262832974 49672738083684
32423 652508 995070630254 995077384151 99100956359 99168749139 49672738083683 49706886380281
29066 584605 995065819514 995070630255 99168749138 99217008794 49706886380280 49731195744755
49793 999791 995037190209 995065819515 99217008793 99503719021 49731195744754 49875621120891
30269 606027 995008962177 995037190210 99503719020 99785596089 49875621120890 50017617955566
14582 291469 995004296329 995008962178 99785596088 99832110496 50017617955565 50041050377381
27559 550548 994997782715 995004296330 99832110495 99897008919 50041050377380 50073744334176
48953 977142 994988052848 994997782716 99897008918 99993873256 50073744334175 50122542394621
18909 376952 994971944222 994988052849 99993873255 100154032422 50122542394620 50203228527412
29995 596527 994940129002 994971944223 100154032421 100469595898 50203228527411 50362211094353
48798 968053 994921598013 994940129003 100469595897 100652937399 50362211094352 50454583026496
49091 972019 994901670342 994921598014 100652937398 100849721610 50454583026495 50553730596737
35769 707257 994893406256 994901670343 100849721609 100931215128 50553730596736 50594791085544
38746 765061 994873438823 994893406257 100931215127 101127843459 50594791085543 50693864327730
44309 873854 994868837290 994873438824 101127843458 101173102098 50693864327729 50716668788492
32685 644362 994865638277 994868837291 101173102097 101204554124 50716668788491 50732516607273
35882 706665 994847849373 994865638278 101204554123 101379271040 50732516607272 50820553091858
16725 328919 994836585965 994847849374 101379271039 101489739505 50820553091857 50876217239126
7783 152961 994834142531 994836585966 101489739504 101513688014 50876217239125 50888284819801
45091 885915 994830345045 994834142532 101513688013 101550896487 50888284819800 50907034143864
43929 861481 994795693692 994830345046 101550896486 101889782658 50907034143863 51077803596370
14585 285349 994781438611 994795693693 101889782657 102028865499 51077803596369 51147891956330
30387 593801 994770924229 994781438612 102028865498 102131328724 51147891956329 51199527466078
7822 152669 994756450666 994770924230 102131328723 102272204711 51199527466077 51270522111500
44963 876425 994743298890 994756450667 102272204710 102400045474 51270522111499 51334948978629
49348 960863 994733878651 994743298891 102400045473 102491515080 51334948978628 51381046953960
32012 622733 994723810507 994733878652 102491515079 102589184660 51381046953959 51430270255617
48232 937471 994716118325 994723810508 102589184659 102663742112 51430270255616 51467846060115
13513 262250 994691793826 994716118326 102663742111 102899151086 51467846060114 51586491408835
727 14072 994660391433 994691793827 102899151085 103202256343 51586491408834 51739261874271
45919 887343 994656433838 994660391434 103202256342 103240392404 51739261874270 51758483642681
16112 310901 994629593789 994656433839 103240392403 103498652929 51758483642680 51888658050033
43331 834641 994618408890 994629593790 103498652928 103606084260 51888658050032 51942809610924
16718 321779 994613405232 994618408891 103606084259 103654108132 51942809610923 51967016695634
7321 140792 994600299147 994613405233 103654108131 103779790597 51967016695633 52030369513808
32894 631803 994586492849 994600299148 103779790596 103912021641 52030369513807 52097024628167
5459 104760 994581285536 994586492850 103912021640 103961850985 52097024628166 52122142997305
755 14471 994560044011 994581285537 103961850984 104164863823 52122142997304 52224481351185
27003 516868 994552133076 994560044012 104164863822 104240369310 52224481351184 52262544348325
3781 72294 994536409923 994552133077 104240369309 104390274152 52262544348324 52338114075955
2957 56418 994505452921 994536409924 104390274151 104684784519 52338114075954 52486587271401
48422 921287 994475138121 994505452922 104684784518 104972375691 52486587271400 52631578947369
52623 999161 994460217676 994475138122 104972375690 105113631177 52631578947368 52702796598707
13193 250197 994448617537 994460217677 105113631176 105223320033 52702796598706 52758100212316
23722 449163 994425219076 994448617538 105223320032 105444220629 52758100212315 52869478193331
44600 843487 994422584698 994425219077 105444220628 105469062014 52869478193330 52882003454353
27425 518463 994416385367 994422584699 105469062013 105527496479 52882003454352 52911466859510
48443 914754 994397031057 994416385368 105527496478 105709718682 52911466859509 53003347395612
29540 557121 994388913179 994397031058 105709718681 105786054594 53003347395611 53041838477179
10333 194636 994369062009 994388913180 105786054593 105972489445 53041838477178 53135847052002
52501 987371 994353551724 994369062010 105972489444 106117925788 53135847052001 53209184347185
51411 965572 994338768593 994353551725 106117925787 106256356388 53209184347184 53278990540873
36181 679037 994337149365 994338768594 106256356387 106271507903 53278990540872 53286631067429
43615 817486 994309153919 994337149366 106271507902 106533123635 53286631067428 53418560219149
49501 925484 994280202608 994309153920 106533123634 106802990135 53418560219148 53554655957811
43323 808804 994276104197 994280202609 106802990134 106841137307 53554655957810 53573894347647
41959 782370 994251899286 994276104198 106841137306 107066151350 53573894347646 53687375896781
37869 705338 994251140256 994251899287 107066151349 107073199720 53687375896780 53690930674945
44114 821607 994250539614 994251140257 107073199719 107078776964 53690930674944 53693743507525
33031 614535 994226666947 994250539615 107078776963 107300208435 53693743507524 53805422529307
52577 976338 994207047565 994226666948 107300208434 107481842981 53805422529306 53897032964198
36333 673502 994185870929 994207047566 107481842980 107677546608 53897032964197 53995742411356
42569 788127 994178513693 994185870930 107677546607 107745454242 53995742411355 54029994557675
34201 632634 994165064382 994178513694 107745454241 107869480213 54029994557674 54092553389460
50485 932483 994144463069 994165064383 107869480212 108059180769 54092553389459 54188241007420
46393 855620 994130120619 994144463070 108059180768 108191049890 54188241007419 54254759391357
5501 101311 994111382497 994130120620 108191049889 108363089610 54254759391356 54341543085747
46217 850158 994102176607 994111382498 108363089609 108447510176 54341543085746 54384129082036
46718 858789 994095371560 994102176608 108447510175 108509871631 54384129082035 54415587728429
35213 646551 994074907669 994095371561 108509871630 108697184607 54415587728428 54510080934336
1631 29917 994071691754 994074907670 108697184606 108726591286 54510080934335 54524915897070
38074 698213 994069210511 994071691755 108726591285 108749274540 54524915897069 54536359102293
54063 990515 994049965012 994069210512 108749274539 108925052481 54536359102292 54625036680063
51445 941733 994048673202 994049965013 108925052480 108936840899 54625036680062 54630983868579
3064 56085 994048508439 994048673203 108936840898 108938344351 54630983868578 54631742352183
3014 55123 994028516216 994048508440 108938344350 109120616517 54631742352182 54723699099141
51689 941981 993963518644 994028516217 109120616516 109711091526 54723699099140 55021614236751
28837 523510 993936213868 993963518645 109711091525 109958186419 55021614236750 55146290865926
29726 538741 993922831917 993936213869 109958186418 110079081541 55146290865925 55207292768869
46657 844847 993914887685 993922831918 110079081540 110150787728 55207292768868 55243475239416
47237 854884 993909626555 993914887686 110150787727 110198249718 55243475239415 55267424485834
10587 191530 993905885645 993909626556 110198249717 110231984832 55267424485833 55284447287477
29737 537829 993903089237 993905885646 110231984831 110257195700 55284447287476 55297168801780
28307 511500 993883734673 993903089238 110257195699 110431526075 55297168801779 55385138137417
47389 854962 993864759171 993883734674 110431526074 110602172115 55385138137416 55471250798548
5240 94453 993862078809 993864759172 110602172114 110626255043 55471250798547 55483403901365
29492 531469 993858516699 993862078810 110626255042 110658252216 55483403901364 55499550889985
18122 326459 993853552116 993858516700 110658252215 110702831693 55499550889984 55522047531833
12339 222169 993846153846 993853552117 110702831692 110769230770 55522047531832 55555555555556
4809 86519 993833951638 993846153847 110769230769 110878656967 55555555555555 55610777856122
44365 797002 993810019038 993833951639 110878656966 111092961336 55610777856121 55718930226212
45291 810614 993741819870 993810019039 111092961335 111701367226 55718930226211 56025993993822
14415 257168 993729851182 993741819871 111701367225 111807794314 56025993993821 56079711224052
17719 315734 993711865332 993729851183 111807794313 111967534122 56079711224051 56160338948126
54232 965479 993707068098 993711865333 111967534121 112010101383 56160338948125 56181824890482
52634 936373 993694251843 993707068099 112010101382 112123743490 56181824890481 56239186818845
31719 563833 993686724241 993694251844 112123743489 112190436608 56239186818844 56272851317999
43033 764406 993676364687 993686724242 112190436607 112282154688 56272851317998 56319148220970
37446 664639 993666864817 993676364688 112282154687 112366194932 56319148220969 56361570187176
36887 654111 993652968314 993666864818 112366194931 112489015281 56361570187175 56423568729725
49101 869527 993632740324 993652968315 112489015280 112667552366 56423568729724 56513694867841
12231 216404 993630227447 993632740325 112667552365 112689711613 56513694867840 56524881124304
52583 929350 993605254789 993630227448 112689711612 112909688045 56524881124303 56635930193812
42379 747493 993578704283 993605254790 112909688044 113143088139 56635930193811 56753760408615
55530 977947 993565860037 993578704284 113143088138 113255824432 56753760408614 56810676136768
49715 874528 993549081651 993565860038 113255824431 113402920378 56810676136767 56884940241053
5437 95518 993532672656 993549081652 113402920377 113546591161 56884940241052 56957476904269
2009 35250 993516622609 993532672657 113546591160 113686941198 56957476904268 57028338719674
14753 258539 993500921373 993516622610 113686941197 113824071397 57028338719673 57097576517775
30617 536168 993498291665 993500921374 113824071396 113847022178 57097576517774 57109164654751
32299 565169 993480071526 993498291666 113847022177 114005909848 57109164654750 57189390290716
8923 155919 993462313344 993480071527 114005909847 114160553449 57189390290715 57267475128371
32132 560829 993450346106 993462313345 114160553448 114264648172 57267475128370 57320037288281
44533 776294 993429321090 993450346107 114264648171 114447297908 57320037288280 57412267742168
16241 282664 993408935871 993429321091 114447297907 114624107986 57412267742167 57501552201601
16473 286264 993389164986 993408935872 114624107985 114795326073 57501552201600 57588015470758
52615 912981 993369984082 993389164987 114795326072 114961187903 57588015470757 57671776348932
53968 935437 993360335123 993369984083 114961187902 115044533129 57671776348931 57713866931927
53868 932849 993345736033 993360335124 115044533128 115170520120 57713866931926 57777493406128
31965 552946 993331474249 993345736034 115170520119 115293461500 57777493406127 57839583124695
57805 999357 993330274820 993331474250 115293461499 115303794932 57839583124694 57844801931634
15991 276209 993307380301 993330274821 115303794931 115500858175 57844801931633 57944328765345
23762 409745 993285335415 993307380302 115500858174 115690286756 57944328765344 58040002953736
26409 454904 993278875106 993285335416 115690286755 115745739739 58040002953735 58068011046496
54874 944441 993263139087 993278875107 115745739738 115880699561 58068011046495 58136177450832
40581 697636 993247827671 993263139088 115880699560 116011865025 58136177450831 58202428927220
6124 105043 993202658782 993247827672 116011865024 116397932059 58202428927219 58397439690936
34829 595827 993175976795 993202658783 116397932058 116625379385 58397439690935 58512334456266
56543 966038 993167378223 993175976796 116625379384 116698581111 58512334456265 58549313211699
50573 863633 993163132445 993167378224 116698581110 116734709282 58549313211698 58567563979803
58475 997961 993150604322 993163132446 116734709281 116841247568 58567563979802 58621384311845
36143 616274 993138381826 993150604323 116841247567 116945091998 58621384311844 58673844758581
41030 699187 993134373807 993138381827 116945091997 116979124476 58673844758580 58691037600063
51152 871295 993126454775 993134373808 116979124475 117046336228 58691037600062 58724992559969
52349 890679 993103448275 993126454776 117046336227 117241379311 58724992559968 58823529411765
28589 485038 993048077483 993103448276 117241379310 117709455045 58823529411764 59060017856075
51890 878191 993035236117 993048077484 117709455044 117817739879 59060017856074 59114730007399
38999 659421 993022763351 993035236118 117817739878 117922819950 59114730007398 59167823929703
57531 971732 993005468439 993022763352 117922819949 118068368539 59167823929702 59241367075226
38319 646430 992988274194 993005468440 118068368538 118212889786 59241367075225 59314393022641
46612 785383 992971775423 992988274195 118212889785 118351397169 59314393022640 59384381970551
42944 722771 992956957715 992971775424 118351397168 118475652034 59384381970550 59447170484461
27729 466279 992946793169 992956957716 118475652033 118560811125 59447170484460 59490203918670
29105 489068 992936890365 992946793170 118560811124 118643717709 59490203918669 59532099727876
42969 720892 992902221508 992936890366 118643717708 118933504631 59532099727875 59678544861270
57069 955837 992889301842 992902221509 118933504630 119041313365 59678544861269 59733028449829
32765 548283 992876838486 992889301843 119041313364 119145220619 59733028449828 59785541342782
50349 841921 992868771901 992876838487 119145220618 119212422940 59785541342781 59819504736332
37435 625712 992864808903 992868771902 119212422939 119245424406 59819504736331 59836183504660
5626 93985 992853191924 992864808904 119245424405 119342110274 59836183504659 59885048611423
16543 275781 992805091719 992853191925 119342110273 119741596179 59885048611422 60086958165592
30106 500875 992795613009 992805091720 119741596178 119820160191 60086958165591 60126667987732
17800 295947 992786423634 992795613010 119820160190 119896276204 60126667987731 60165141021312
51553 855744 992748938965 992786423635 119896276203 120206256836 60165141021311 60321827042607
56530 936891 992741254830 992748938966 120206256835 120269700916 60321827042606 60353897237936
11947 197898 992733782033 992741254831 120269700915 120331367520 60353897237935 60385069297331
48604 804699 992726512305 992733782034 120331367519 120391327621 60385069297330 60415379068318
32744 541849 992719437781 992726512306 120391327620 120449648614 60415379068317 60444860590837
48704 804809 992685141328 992719437782 120449648613 120731976649 60444860590836 60587583127949
52150 860563 992679231490 992685141329 120731976648 120780558730 60587583127948 60612143099085
40031 659921 992656037098 992679231491 120780558729 120971037903 60612143099084 60708439214033
53683 883969 992645877550 992656037099 120971037902 121054375312 60708439214032 60750571225354
39664 652683 992636165576 992645877551 121054375311 121133986928 60750571225353 60790820231223
49940 820321 992593725916 992636165577 121133986927 121481254817 60790820231222 60966394321508
1378 22597 992586388695 992593725917 121481254816 121541190453 60966394321507 60996698131656
8240 135057 992579325709 992586388696 121541190452 121598857617 60996698131655 61025855306224
61001 998571 992549037332 992579325710 121598857616 121845839035 61025855306223 61150735440721
28729 469718 992543455276 992549037333 121845839034 121891301526 61150735440720 61173723063560
37035 605297 992538054364 992543455277 121891301525 121935272329 61173723063559 61195956614872
59352 969131 992515423641 992538054365 121935272328 122119342589 61195956614871 61289032516387
57341 935445 992511010913 992515423642 122119342588 122155201344 61289032516386 61307165016471
4049 66035 992506724703 992511010914 122155201343 122190021764 61307165016470 61324772583615
30349 494600 992489222699 992506724704 122190021763 122332100556 61324772583614 61396618441825
42831 697528 992485630340 992489222700 122332100555 122361242097 61396618441824 61411354859241
11117 181004 992482130228 992485630341 122361242096 122389628552 61411354859240 61425709518179
5653 91436 992286308192 992482130229 122389628551 123967264125 61425709518178 62223618972082
36103 580129 992281816818 992286308193 123967264124 124003209679 62223618972081 62241801652615
57282 920273 992280447401 992281816819 124003209678 124014167351 62241801652614 62247344500469
29460 473263 992279784374 992280447402 124014167350 124019472349 62247344500468 62250027993730
29682 476813 992279393235 992279784375 124019472348 124022601815 62250027993729 62251611012038
518 8321 992279135199 992279393236 124022601814 124024666286 62251611012037 62252655310441
58321 936838 992278952205 992279135200 124024666285 124026130354 62252655310440 62253395899343
48413 777673 992278815672 992278952206 124026130353 124027222687 62253395899342 62253948448763
60127 965831 992278709900 992278815673 124027222686 124028068914 62253948448762 62254376507324
61618 989751 992277876713 992278709901 124028068913 124034734590 62254376507323 62257748298550
57573 924728 992277065964 992277876714 124034734589 124041220411 62257748298549 62261029115444
10903 175117 992276966153 992277065965 124041220410 124042018853 62261029115443 62261433003295
52449 842396 992276838317 992276966154 124042018852 124043041479 62261433003294 62261950293460
35606 571871 992276668723 992276838318 124043041478 124044398127 62261950293459 62262636547104
49151 789408 992276432919 992276668724 124044398126 124046284393 62262636547103 62263590706129
1585 25456 992276082728 992276432920 124046284392 124049085631 62263590706128 62265007699704
56037 899959 992275508261 992276082729 124049085630 124053680738 62265007699703 62267332115096
929 14919 992274392585 992275508262 124053680737 124062604436 62267332115095 62271846135991
30665 492388 992271289843 992274392586 124062604435 124087418191 62271846135990 62284398125377
61169 980395 992217898832 992271289844 124087418190 124513618678 62284398125376 62500000000000
43469 692077 992063609829 992217898833 124513618677 125737003511 62500000000000 63118970142391
46127 730744 992061421937 992063609830 125737003510 125754264753 63118970142390 63127704481284
10991 174095 992059170465 992061421938 125754264752 125772025094 63127704481283 63136691398736
35773 566193 992036633397 992059170466 125772025093 125949664541 63136691398735 63226580490168
42927 678877 992033729220 992036633398 125949664540 125972537044 63226580490167 63238154653714
2810 44431 992030729342 992033729221 125972537043 125996158833 63238154653713 63250108031116
57515 908502 992001888869 992030729343 125996158832 126223026741 63250108031115 63364913179026
62451 985454 991997911723 992001888870 126223026740 126254279674 63364913179025 63380728930921
21923 345849 991993783255 991997911724 126254279673 126286713406 63380728930920 63397142333954
37599 592360 991955458612 991993783256 126286713405 126587393250 63397142333953 63549309148443
52091 819549 991949779603 991955458613 126587393249 126631886758 63549309148442 63571826988090
24326 382583 991943845025 991949779604 126631886757 126678365620 63571826988089 63595349806698
32070 503443 991890260671 991943845026 126678365619 127097249319 63595349806697 63807355168139
29600 463773 991881664685 991890260672 127097249318 127164315986 63807355168138 63841300535000
7253 113578 991872595421 991881664686 127164315985 127235036260 63841300534999 63877095629287
35438 554249 991841304109 991872595422 127235036259 127478733374 63877095629286 64000446777560
62814 981295 991835775307 991841304110 127478733373 127521742540 64000446777559 64022217152840
62948 983049 991830077799 991835775308 127521742539 127566048668 64022217152839 64044644214140
38793 605012 991792050218 991830077800 127566048667 127861366813 64044644214139 64194134522418
37500 584041 991785077583 991792050219 127861366812 127915440361 64194134522417 64221507531282
56333 876974 991777866634 991785077584 127915440360 127971337631 64221507531281 64249804043892
38555 599943 991770404618 991777866635 127971337630 128029154970 64249804043891 64279072865092
10421 162083 991762677837 991770404619 128029154969 128088995811 64279072865091 64309366389893
52621 816994 991712242941 991762677838 128088995810 128478897881 64309366389892 64506757105848
33013 511625 991702506662 991712242942 128478897880 128554028642 64506757105847 64544794321133
13113 203099 991692375823 991702506663 128554028641 128632156684 64544794321132 64584349593738
54442 841309 991627323524 991692375824 128632156683 129132688499 64584349593737 64837777114949
38244 589609 991614177574 991627323525 129132688498 129233597926 64837777114948 64888872242718
7726 119049 991609659920 991614177575 129233597925 129268257324 64888872242717 64906422139465
28959 446042 991600411186 991609659921 129268257323 129339184068 64906422139464 64942336495469
34637 533198 991590866107 991600411187 129339184067 129412341961 64942336495468 64979381138444
4785 73628 991585977796 991590866108 129412341960 129449791959 64979381138443 64998344737048
28247 434384 991570825905 991585977797 129449791958 129565802635 64998344737047 65057090086346
22817 350210 991521600143 991570825906 129565802634 129941973391 65057090086345 65247584249853
54233 830891 991509530601 991521600144 129941973390 130034036801 65247584249852 65294207636013
6427 98395 991497017035 991509530602 130034036800 130129417157 65294207636012 65342511710313
50425 771203 991475053860 991497017036 130129417156 130296652192 65342511710312 65427207806867
64160 980033 991454295542 991475053861 130296652191 130454512572 65427207806866 65507158694721
38279 583971 991432287808 991454295543 130454512571 130621662414 65507158694720 65591817112128
65095 991687 991406853098 991432287809 130621662413 130814569640 65591817112127 65689524687564
27772 422575 991390510070 991406853099 130814569639 130938369255 65689524687563 65752231213520
37716 573323 991373461576 991390510071 130938369254 131067386034 65752231213519 65817581966653
30597 464804 991368154670 991373461577 131067386033 131107520400 65817581966652 65837911534305
35253 535243 991354765989 991368154671 131107520399 131208719029 65837911534304 65889173174453
32796 497545 991340926816 991354765990 131208719028 131313239309 65889173174452 65942118469046
62168 941497 991294375634 991340926817 131313239308 131664197245 65942118469045 66119906155057
11045 166891 991262352889 991294375635 131664197244 131905070959 66119906155056 66241934804179
35041 528815 991251152699 991262352890 131905070958 131989212714 66241934804178 66284563117159
13631 205610 991245448228 991251152700 131989212713 132032046738 66284563117158 66306264179836
8821 133021 991241991361 991245448229 132032046737 132057996965 66306264179835 66319411471664
46843 706039 991227900682 991241991362 132057996964 132163720092 66319411471663 66372975210778
14491 218213 991209670971 991227900683 132163720091 132300371021 66372975210777 66442209953476
38026 572215 991203435536 991209670972 132300371020 132347079232 66442209953475 66465875293950
50507 759618 991190716406 991203435537 132347079231 132442303327 66465875293949 66514122547610
62686 941367 991150442477 991190716407 132442303326 132743362832 66514122547609 66666666666667
46717 700076 991116229272 991150442478 132743362831 132998571695 66666666666666 66795985959454
52609 787207 991098234868 991116229273 132998571694 133132598714 66795985959453 66863902735810
57515 859849 991084578706 991098234869 133132598713 133234221770 66863902735809 66915400377458
65635 980728 991079604609 991084578707 133234221769 133271217173 66915400377457 66934148119434
52208 779575 991060661622 991079604610 133271217172 133412012142 66934148119433 67005498482803
35957 536251 991035644676 991060661623 133412012141 133597720716 67005498482802 67099612742986
6029 89832 991027899339 991035644677 133597720715 133655163504 67099612742985 67128724588858
23091 343813 991010442211 991027899340 133655163503 133784541062 67128724588857 67194294025464
17938 266823 990992430410 991010442212 133784541061 133917896002 67194294025463 67261881037788
12327 183082 990955809663 990992430411 133917896001 134188610896 67261881037787 67399090549352
11444 169789 990954626932 990955809664 134188610895 134197344836 67399090549351 67403517398108
43763 648863 990932088180 990954626933 134197344835 134363672974 67403517398107 67487823302098
29429 435766 990907392095 990932088181 134363672973 134545681054 67487823302097 67580080112263
15092 223257 990897133058 990907392096 134545681053 134621215625 67580080112262 67618368317025
60799 898342 990864536990 990897133059 134621215624 134860925902 67618368317024 67739880537457
46059 679729 990853285100 990864536991 134860925901 134943571193 67739880537456 67781775885907
37349 550669 990830168044 990853285101 134943571192 135113204734 67781775885906 67867770391506
34264 504533 990806193020 990830168045 135113204733 135288905207 67867770391505 67956843655151
65423 962390 990793867722 990806193021 135288905206 135379140507 67956843655150 68002590675594
10800 158713 990769722593 990793867723 135379140506 135555733159 68002590675593 68092121163134
46389 681004 990755456959 990769722594 135555733158 135659959111 68092121163133 68144964081772
59118 867343 990747395427 990755456960 135659959110 135718821292 68144964081771 68174807915459
44151 647558 990744176010 990747395428 135718821291 135742320965 68174807915458 68186722634009
22306 326955 990724312822 990744176011 135742320964 135887217880 68186722634008 68260189019663
66829 978696 990711579604 990724312823 135887217879 135980020731 68260189019662 68307243562144
14756 215847 990681239743 990711579605 135980020730 136200885532 68307243562143 68419233984879
60006 876943 990677385932 990681239744 136200885531 136228913974 68419233984878 68433446291175
40952 598009 990651807352 990677385933 136228913973 136414796079 68433446291174 68527703124385
24997 364472 990621129243 990651807353 136414796078 136637397138 68527703124384 68640584152224
64489 938713 990589118846 990621129244 136637397137 136869272021 68640584152223 68758173510056
44788 651203 990578680640 990589118847 136869272020 136944797126 68758173510055 68796475345182
66340 963703 990555680897 990578680641 136944797125 137111060975 68796475345181 68880796598701
51539 748119 990549866766 990555680898 137111060974 137153058476 68880796598700 68902096232408
60584 879175 990545519139 990549866767 137153058475 137184454341 68902096232407 68918019217221
31747 460336 990519929536 990545519140 137184454340 137369098383 68918019217220 69011666923841
60337 874288 990519349215 990519929537 137369098382 137373282812 69011666923840 69013789223078
32867 475897 990492273177 990519349216 137373282811 137568371275 69013789223077 69112738154500
25981 375644 990464239575 990492273178 137568371274 137770062501 69112738154499 69215040271195
26470 382311 990452287709 990464239576 137770062500 137855960229 69215040271194 69258610759021
18445 266201 990435192750 990452287710 137855960228 137978726480 69258610759020 69320883685164
37264 537131 990404895365 990435192751 137978726479 138196031912 69320883685163 69431115364137
68706 989023 990384286987 990404895366 138196031911 138343644913 69431115364136 69505997317733
68917 990759 990354633426 990384286988 138343644912 138555765131 69505997317732 69613606943925
211 3030 990341746674 990354633427 138555765130 138647844535 69613606943924 69660320779622
59914 859881 990332493076 990341746675 138647844534 138713925605 69660320779621 69693845669907
41479 594612 990296984574 990332493077 138713925604 138967198801 69693845669906 69822343036040
54554 781265 990293977151 990296984575 138967198800 138988628373 69822343036039 69833215579080
61417 879430 990291727823 990293977152 138988628372 139004653899 69833215579079 69841346348792
66967 958458 990276132853 990291727824 139004653898 139115709753 69841346348791 69897692815700
28815 412061 990258807042 990276132854 139115709752 139238985473 69897692815699 69960240839093
67284 961691 990256578838 990258807043 139238985472 139254831400 69960240839092 69968280914012
56453 806777 990253692811 990256578839 139254831399 139275352716 69968280914011 69978693278547
54327 775793 990226505105 990253692812 139275352715 139468521846 69978693278546 70076708097341
41003 585018 990219990138 990226505106 139468521845 139514770293 70076708097340 70100175349482
65749 937280 990193008945 990219990139 139514770292 139706138144 70100175349481 70197281125721
54348 772907 990126685879 990193008946 139706138143 140175411218 70197281125720 70435421127667
54061 766443 990071092095 990126685880 140175411217 140567537491 70435421127666 70634430121264
66966 947369 990042056639 990071092096 140567537490 140771893807 70634430121263 70738150149676
32329 456818 990024215907 990042056640 140771893806 140897309826 70738150149675 70801806681112
40864 576985 990012141591 990024215908 140897309825 140982124757 70801806681111 70844856576499
36149 510144 990003426801 990012141592 140982124756 141043308676 70844856576498 70875912461237
27595 389278 989996840600 990003426802 141043308675 141089530444 70875912461236 70899374092126
64935 915757 989991687977 989996840601 141089530443 141125680637 70899374092125 70917723671295
60977 859738 989987546803 989991687978 141125680636 141154727781 70917723671294 70932467897916
50249 707731 989949493661 989987546804 141154727780 141421356238 70932467897915 71067811865476
43643 613498 989909969600 989949493662 141421356237 141697749048 71067811865475 71208120574555
32365 454462 989905483204 989909969601 141697749047 141729087775 71208120574554 71224029970633
64729 908681 989899847831 989905483205 141729087774 141768442410 71224029970632 71244008870153
58328 818559 989892557244 989899847832 141768442409 141819339696 71244008870152 71269847801410
37353 523979 989882756584 989892557245 141819339695 141887731027 71269847801409 71304568350694
18087 253571 989868879811 989882756585 141887731026 141984508947 71304568350693 71353700933273
50537 707889 989847715736 989868879812 141984508946 142131979696 71353700933272 71428571428572
52175 729796 989811477172 989847715737 142131979695 142384127126 71428571428571 71556591545819
67103 936002 989735127505 989811477173 142384127125 142913880995 71556591545818 71825580711163
70342 978623 989704982271 989735127506 142913880994 143122493222 71825580711162 71931514720448
8860 123091 989677767394 989704982272 143122493221 143310560408 71931514720447 72027020031169
43048 597415 989660599000 989677767395 143310560407 143429072319 72027020031168 72087205421344
64427 893371 989643738006 989660599001 143429072318 143545365040 72087205421343 72146265332790
67067 929237 989627736739 989643738007 143545365039 143655639205 72146265332789 72202270078705
18539 256682 989614421680 989627736740 143655639204 143747335285 72202270078704 72248840638715
47300 654453 989599969660 989614421681 143747335284 143846793664 72248840638714 72299354572426
26840 371113 989586439284 989599969661 143846793663 143939845715 72299354572425 72346615795127
58896 813865 989575442695 989586439285 143939845714 144015427003 72346615795126 72385004313800
67259 928427 989541586427 989575442696 144015427002 144247872536 72385004313799 72503069812208
41872 577401 989532981063 989541586428 144247872535 144306893072 72503069812207 72533048934231
63581 876437 989526197637 989532981064 144306893071 144353400338 72533048934230 72556672291578
66764 918901 989468862187 989526197638 144353400337 144745883398 72556672291577 72756043660064
11584 159191 989462013686 989468862188 144745883397 144792691364 72756043660063 72779822066329
53789 739048 989461064134 989462013687 144792691363 144799180118 72779822066328 72783118366888
48857 671259 989460483269 989461064135 144799180117 144803149302 72783118366887 72785134723132
56852 781081 989459808914 989460483270 144803149301 144807757189 72785134723131 72787475544581
39911 547679 989410487299 989459808915 144807757188 145144368206 72787475544580 72958481486035
39100 535469 989374872899 989410487300 145144368205 145386935024 72958481486034 73081718787430
24663 337346 989359135364 989374872900 145386935023 145493990495 73081718787429 73136110975834
29685 405791 989349112426 989359135365 145493990494 145562130178 73136110975833 73170731707318
61783 844128 989337077407 989349112427 145562130177 145643905699 73170731707317 73212281293131
38254 522121 989305612365 989337077408 145643905698 145857482983 73212281293130 73320802030647
60373 823114 989290363574 989305612366 145857482982 145960873315 73320802030646 73373337541332
41677 567768 989271979155 989290363575 145960873314 146085424524 73373337541331 73436627094700
18015 245186 989249763258 989271979156 146085424523 146235788691 73436627094699 73513035613395
69686 947477 989228820514 989249763259 146235788690 146377391233 73513035613394 73584994206157
26397 358516 989203462353 989228820515 146377391232 146548661090 73584994206156 73672031978091
51057 692707 989183364414 989203462354 146548661089 146684258072 73672031978090 73740943492284
71741 972625 989172132859 989183364415 146684258071 146759979474 73740943492283 73779426651276
66669 902795 989132451182 989172132860 146759979473 147027188025 73779426651275 73915232712083
53293 720987 989131576527 989132451183 147027188024 147033072187 73915232712082 73918223370215
5943 80399 989131221779 989131576528 147033072186 147035458651 73918223370214 73919436304790
68071 920289 989103392566 989131221780 147035458650 147222548587 73919436304789 74014527921048
67756 915163 989090177881 989103392567 147222548586 147311303089 74014527921047 74059640295270
34663 467662 989054911876 989090177882 147311303088 147547894910 74059640295269 74179900227449
111 1496 989044367093 989054911877 147547894909 147618562253 74179900227448 74215821775979
66049 889825 989037828415 989044367094 147618562252 147662364748 74215821775978 74238087701394
55997 753719 989004804083 989037828416 147662364747 147883391561 74238087701393 74350444633032
61052 821105 989003028533 989004804084 147883391560 147895265484 74350444633031 74356480790508
3017 40556 988982730958 989003028534 147895265483 148030935504 74356480790507 74425450356899
34591 464283 988936352868 988982730959 148030935503 148340452931 74425450356898 74582805385562
51185 685646 988895352035 988936352869 148340452930 148613534791 74582805385561 74721646183607
57881 774357 988880254162 988895352036 148613534790 148713963460 74721646183606 74772708486753
72355 967321 988864477933 988880254163 148713963459 148818830402 74772708486752 74826028647143
70517 942053 988847558802 988864477934 148818830401 148931210465 74826028647142 74883170308850
42623 569055 988836773758 988847558803 148931210464 149002801526 74883170308849 74919572833364
39381 525530 988827166513 988836773759 149002801525 149066544753 74919572833363 74951985402567
68282 910435 988799086686 988827166514 149066544752 149252692331 74951985402566 75046641628699
71629 954115 988782982036 988799086687 149252692330 149359346661 75046641628698 75100877275118
60653 807490 988775776279 988782982037 149359346660 149407042144 75100877275117 75125131714304
39584 526293 988723584065 988775776280 149407042143 149752042766 75125131714303 75300581722384
40069 532054 988717958714 988723584066 149752042765 149789178899 75300581722383 75319468123783
14211 188666 988715504224 988717958715 149789178898 149805379428 75319468123782 75327707311455
67607 897460 988713249580 988715504225 149805379427 149820259322 75327707311454 75335274883352
67915 901423 988709249453 988713249581 149820259321 149846655101 75335274883351 75348699233560
51091 677092 988644903427 988709249454 149846655100 150270605664 75348699233559 75564322923703
21919 290064 988643852075 988644903428 150270605663 150277522447 75564322923702 75567841013671
58006 767177 988618837339 988643852076 150277522446 150441996987 75567841013670 75651499503910
28195 372507 988595877516 988618837340 150441996986 150592798493 75651499503909 75728206115068
47957 632930 988570932646 988595877517 150592798492 150756462968 75728206115067 75811458617004
2977 39263 988564598957 988570932647 150756462967 150797989672 75811458617003 75832582834122
53558 706153 988557298724 988564598958 150797989671 150845838980 75832582834121 75856923547892
74568 982417 988529882671 988557298725 150845838979 151025398742 75856923547891 75948267138234
72850 958851 988513008450 988529882672 151025398741 151135806893 75948267138233 76004434595252
63999 841762 988497754574 988513008451 151135806892 151235542123 76004434595251 76055173697941
63167 830241 988481175941 988497754575 151235542122 151343862807 76055173697940 76110281876401
52750 692861 988467138760 988481175942 151343862806 151435516280 76110281876400 76156911687166
39933 524282 988461047467 988467138761 151435516279 151475270722 76156911687165 76177137547840
38979 511549 988448489061 988461047468 151475270721 151557198682 76177137547839 76218820610614
54763 717300 988371697650 988448489062 151557198681 152057184254 76218820610613 76473218982953
62230 812337 988291186333 988371697651 152057184253 152579589122 76473218982952 76739056215723
76699 999331 988284335335 988291186334 152579589121 152623957916 76739056215722 76761635749389
30565 398062 988270441780 988284335336 152623957915 152713895581 76761635749388 76807406261890
40692 529733 988265188212 988270441781 152713895580 152747889567 76807406261889 76824706519275
71054 924293 988235294117 988265188213 152747889566 152941176471 76824706519274 76923076923077
73179 950818 988210237283 988235294118 152941176470 153102994509 76923076923076 77005435158567
28625 371504 988182078850 988210237284 153102994508 153284634060 77005435158566 77097885395177
16293 211292 988173903359 988182078851 153284634059 153337329832 77097885395176 77124707035195
33029 428153 988162756944 988173903360 153337329831 153409145062 77124707035194 77161260830413
33683 436250 988132814984 988162756945 153409145061 153601887849 77161260830412 77259369540399
57691 746460 988116468954 988132814985 153601887848 153707006282 77259369540398 77312878134686
75337 974085 988099092123 988116468955 153707006281 153818672940 77312878134685 77369721433513
9849 127240 988077564367 988099092124 153818672939 153956899143 77369721433512 77440086796528
74914 967039 988060836773 988077564368 153956899142 154064216595 77440086796527 77494719348800
67883 875421 988031082402 988060836774 154064216594 154254919554 77494719348799 77591804735176
74269 956793 988012033751 988031082403 154254919553 154376880274 77591804735175 77653896280659
56780 730841 987989053716 988012033752 154376880273 154523880795 77653896280658 77728738247145
71986 925557 987960080211 987989053717 154523880794 154709016895 77728738247144 77822999784738
9443 121251 987925135346 987960080212 154709016894 154932007512 77822999784737 77936540343647
6243 80096 987920560055 987925135347 154932007511 154961179072 77936540343646 77951394127866
74408 954523 987919526388 987920560056 154961179071 154967768846 77951394127865 77954749570154
61786 792561 987917889368 987919526389 154967768845 154978204490 77954749570153 77960063299373
77639 995038 987877125404 987917889369 154978204489 155237833993 77960063299372 78092268384318
21116 270345 987867659106 987877125405 155237833992 155298062101 78092268384317 78122938108848
76253 975188 987824284262 987867659107 155298062100 155573723428 78122938108847 78263317668112
53277 680410 987800769478 987824284263 155573723427 155722958542 78263317668111 78339318976389
72535 925708 987790290400 987800769479 155722958541 155789416169 78339318976388 78373164876248
74629 951691 987762965329 987790290401 155789416168 155962573474 78373164876247 78461353890449
70441 897244 987733910153 987762965330 155962573473 156146478452 78461353890448 78555020696620
6595 83933 987721767317 987733910154 156146478451 156223270891 78555020696619 78594133977541
78017 992056 987692190081 987721767318 156223270890 156410158402 78594133977540 78689325833264
70059 889597 987652169583 987692190082 156410158401 156662669189 78689325833263 78817949933888
60767 770718 987635528464 987652169584 156662669188 156767544201 78817949933887 78871373526825
22320 282917 987622423990 987635528465 156767544200 156850080114 78871373526824 78913418474562
58191 736982 987594293491 987622423991 156850080113 157027104234 78913418474561 79003599852988
70059 886531 987580306335 987594293492 157027104233 157115048736 79003599852987 79048402841562
14915 188644 987570394936 987580306336 157115048735 157177336296 79048402841561 79080135574498
69459 877654 987531921240 987570394937 157177336295 157418882384 79080135574497 79203197041204
65271 824060 987529784760 987531921241 157418882383 157432284527 79203197041203 79210025295791
55978 706679 987528068024 987529784761 157432284526 157443052766 79210025295790 79215511619138
13387 168941 987512310602 987528068025 157443052765 157541856050 79215511619137 79265851692846
46761 589273 987457230067 987512310603 157541856049 157886727714 79265851692845 79441572540574
37369 470328 987450018081 987457230068 157886727713 157931826401 79441572540573 79464552549221
51148 643537 987440631916 987450018082 157931826400 157990501107 79464552549220 79494450586082
62463 785627 987432626525 987440631917 157990501106 158040526677 79494450586081 79519941741618
71403 897841 987427913145 987432626526 158040526676 158069972927 79519941741617 79534946591475
41665 523667 987409701685 987427913146 158069972926 158183693905 79534946591474 79592896105030
10408 130615 987351997393 987409701686 158183693904 158543474299 79592896105029 79776242209159
32269 404320 987330371276 987351997394 158543474298 158678095384 79776242209158 79844849994326
47539 595057 987301989917 987330371277 158678095383 158854589817 79844849994325 79934801365329
63004 788073 987294344555 987301989918 158854589816 158902099451 79934801365328 79959015575955
56469 705893 987270632256 987294344556 158902099450 159049359268 79959015575954 80034071195938
50630 632237 987241120712 987270632257 159049359267 159232438825 80034071195937 80127387243033
5335 66532 987203380580 987241120713 159232438824 159466251508 80127387243032 80246568149970
20971 261325 987202008863 987203380581 159466251507 159474743126 80246568149969 80250896695226
64407 802141 987174761532 987202008864 159474743125 159643321792 80250896695225 80336830399668
4695 58433 987167398737 987174761533 159643321791 159688843914 80336830399667 80360036107100
38642 480729 987153400641 987167398738 159688843913 159775353551 80360036107099 80404136640149
79533 988598 987124074342 987153400642 159775353550 159956437365 80404136640148 80496451846976
70242 872293 987105477747 987124074343 159956437364 160071158554 80496451846975 80554937997105
74107 919557 987083231657 987105477748 160071158553 160208282496 80554937997104 80624847486570
76465 947956 987058912045 987083231658 160208282495 160358049852 80624847486569 80701205625936
38895 481622 987022467266 987058912046 160358049851 160582219164 80701205625935 80815502496104
38780 479751 987010916203 987022467267 160582219163 160653201946 80815502496103 80851695698254
24357 301234 987007269930 987010916204 160653201945 160675602082 80851695698253 80863117369133
76909 950972 987000259402 987007269931 160675602081 160718660831 80863117369132 80885072898106
52983 654434 986952337744 987000259403 160718660830 161012679690 80885072898105 81034998490225
41207 508318 986932880775 986952337745 161012679689 161131898903 81034998490224 81095793653205
16800 207047 986903920632 986932880776 161131898902 161309179653 81095793653204 81186200287599
55104 678665 986898472677 986903920633 161309179652 161342507191 81186200287598 81203196544127
77819 957885 986874582897 986898472678 161342507190 161488568111 81203196544126 81277685819011
81257 999528 986863231363 986874582898 161488568110 161557923308 81277685819010 81313057062835
29428 361689 986831330925 986863231364 161557923307 161752663976 81313057062834 81412378322264
80419 987729 986827665105 986831330926 161752663975 161775027067 81412378322263 81423784210237
50545 620744 986825930954 986827665106 161775027066 161785605033 81423784210236 81429179331418
66538 816553 986789091699 986825930955 161785605032 162010149384 81429179331417 81543707915621
64987 796694 986771618522 986789091700 162010149383 162116541037 81543707915620 81597975089282
79096 969065 986756818481 986771618523 162116541036 162206600299 81597975089281 81643912727227
19579 239685 986729433159 986756818482 162206600298 162373106570 81643912727226 81728847350469
35433 433543 986729388018 986729433160 162373106569 162373380886 81728847350468 81728987281825
58439 714578 986695722148 986729388019 162373380885 162577833341 81728987281824 81833283037744
80907 988166 986668165564 986695722149 162577833340 162744987827 81833283037743 81918556227518
81433 994032 986665996822 986668165565 162744987826 162758135631 81918556227517 81925263678215
75016 915305 986645219314 986665996823 162758135630 162884042200 81925263678214 81989496974892
76543 933176 986622761075 986645219315 162884042199 163020021248 81989496974891 82058871186628
62856 765535 986591384902 986622761076 163020021247 163209801287 82058871186627 82155697707710
54828 667069 986567576519 986591384903 163209801286 163353656096 82155697707709 82229096068016
79533 966874 986548892301 986567576520 163353656095 163466458633 82229096068015 82286652629796
30432 369725 986533838545 986548892302 163466458632 163557284783 82286652629795 82332997107352
18610 225981 986521450732 986533838546 163557284782 163631987228 82332997107351 82371115180819
76204 924951 986511078237 986521450733 163631987227 163694509728 82371115180818 82403018800513
49091 594446 986393923832 986511078238 163694509727 164398987306 82403018800512 82762530298220
67527 814063 986270831335 986393923833 164398987305 165135844859 82762530298219 83138634597639
12751 153338 986259328996 986270831336 165135844858 165204527687 83138634597638 83173695033248
45701 549325 986245455141 986259328997 165204527686 165287332282 83173695033247 83215965002361
76967 924618 986228391931 986245455142 165287332281 165389113755 83215965002360 83267923480523
17617 211487 986206896551 986228391932 165389113754 165517241380 83267923480522 83333333333334
9661 115873 986178983891 986206896552 165517241379 165683468488 83333333333333 83418196361698
82079 983335 986144850068 986178983892 165683468487 165886511457 83418196361697 83521859672170
76837 919903 986141274865 986144850069 165886511456 165907763550 83521859672169 83532710210154
63157 755815 986122325746 986141274866 165907763549 166020356175 83532710210153 83590196848483
2785 33301 986095323718 986122325747 166020356174 166180662357 83590196848482 83672047545686
80788 965395 986087511569 986095323719 166180662356 166227012024 83672047545685 83695713837044
52257 624085 986062361886 986087511570 166227012023 166376135523 83695713837043 83771858686361
75243 897523 986021223247 986062361887 166376135522 166619768651 83771858686360 83896267925307
69503 828362 986016013843 986021223248 166619768650 166650593890 83896267925306 83912009131564
41519 494691 986004658836 986016013844 166650593889 166717763759 83912009131563 83946310506706
79114 942033 985980885458 986004658837 166717763758 166858303693 83946310506705 84018081399822
59357 706321 985968436200 985980885459 166858303692 166931850816 84018081399821 84055641455508
83816 996615 985938557634 985968436201 166931850815 167108230108 84055641455507 84145720150873
41866 497183 985898241564 985938557635 167108230107 167345921013 84145720150872 84267117775699
20303 240886 985886564640 985898241565 167345921012 167414699656 84267117775698 84302246984717
6809 80760 985880384499 985886564641 167414699655 167451089751 84302246984716 84320833750611
3198 37913 985860305259 985880384500 167451089750 167569264823 84320833750610 84381194577695
80720 956117 985831260205 985860305260 167569264822 167740056046 84381194577694 84468433651160
27941 330727 985821169784 985831260206 167740056045 167799348049 84468433651159 84498720530109
81383 962771 985800339029 985821169785 167799348048 167921682844 84498720530108 84561211690454
81703 965710 985771739521 985800339030 167921682843 168089492715 84561211690453 84646935682067
33521 395954 985763802095 985771739522 168089492714 168136035633 84646935682066 84670712325156
17741 209428 985736425510 985763802096 168136035632 168296462893 84670712325155 84752669452978
22688 267551 985705585598 985736425511 168296462892 168476997003 84752669452977 84844902600152
64425 759227 985698129783 985705585599 168476997002 168520612806 84844902600151 84867186143808
73744 868265 985654321029 985698129784 168520612805 168776655482 84867186143807 84998004785649
29113 342401 985635526208 985654321030 168776655481 168886380376 84998004785648 85054068657887
61595 724018 985622254813 985635526209 168886380375 168963815111 85054068657886 85093634854902
81810 961117 985604753492 985622254814 168963815110 169065874418 85093634854901 85145784487324
68181 799985 985549604792 985604753493 169065874417 169387061173 85145784487323 85309911554997
82217 963733 985548890759 985549604793 169387061172 169391215600 85309911554996 85312034565171
41163 482468 985545163331 985548890760 169391215599 169412901029 85312034565170 85323116369649
83234 974451 985482406477 985545163332 169412901028 169777579565 85323116369648 85509485760421
41297 482873 985472941501 985482406478 169777579564 169832510338 85509485760420 85537559735999
19886 232431 985460115744 985472941502 169832510337 169906916508 85537559735998 85575587824865
47213 551602 985448696018 985460115745 169906916507 169973137629 85575587824864 85609433257949
82182 959849 985441754057 985448696019 169973137628 170013379942 85609433257948 85630001280326
27067 315937 985413290113 985441754058 170013379941 170178282010 85630001280325 85714285714286
39999 466409 985382724805 985413290114 170178282009 170355175015 85714285714285 85804702985722
15498 180571 985367140721 985382724806 170355175014 170445293239 85804702985721 85850767720579
85816 999309 985350505855 985367140722 170445293238 170541433706 85850767720578 85899911981672
62989 732838 985315112579 985350505856 170541433705 170745802062 85899911981671 86004383374298
55753 648116 985302365655 985315112580 170745802061 170819343849 86004383374297 86041978694737
32555 378171 985272903703 985302365656 170819343848 170989196234 86041978694736 86128811769231
17635 204742 985270201653 985272903704 170989196233 171004765237 86128811769230 86136771253508
68094 789745 985211754819 985270201654 171004765236 171341174752 86136771253507 86308764964377
1418 16413 985153079631 985211754820 171341174751 171678215544 86308764964376 86481096750055
75611 874058 985136304377 985153079632 171678215543 171774450366 86481096750054 86530305242288
20741 239611 985115271816 985136304378 171774450365 171895029696 86530305242287 86591963769688
11852 136829 985096770841 985115271817 171895029695 172001023481 86591963769687 86646165570721
50813 586202 985072479095 985096770842 172001023480 172140090999 86646165570720 86717282523013
77906 898361 985070519851 985072479096 172140090998 172151302407 86717282523012 86723015976034
58837 678184 985047495208 985070519852 172151302406 172283000274 86723015976033 86790366824798
23059 265610 985030467155 985047495209 172283000273 172380331753 86790366824797 86840144070558
24137 277846 985008751413 985030467156 172380331752 172504375707 86840144070557 86903584472399
19607 225440 984961763242 985008751414 172504375706 172772465831 86903584472398 87040702259532
80315 922656 984957024646 984961763243 172772465830 172799478009 87040702259531 87054518492115
10907 125283 984954019712 984957024647 172799478008 172816605254 87054518492114 87063278814981
22271 255745 984940598981 984954019713 172816605253 172893078167 87063278814980 87102394023992
28835 330918 984917256307 984940598982 172893078166 173026004487 87102394023991 87170386542104
31993 366987 984912387004 984917256308 173026004486 173053719766 87170386542103 87184563358181
82256 942505 984851016002 984912387005 173053719765 173402642076 87184563358180 87363051774648
81799 935930 984826515652 984851016003 173402642075 173541735811 87363051774647 87434208703792
46876 536027 984815070903 984826515653 173541735810 173606670728 87434208703791 87467428715552
49567 566395 984783558817 984815070904 173606670727 173785333910 87467428715551 87558833877357
81307 928039 984747123052 984783558818 173785333909 173991676926 87558833877356 87664405658876
65479 746728 984730901690 984747123053 173991676925 174083460605 87664405658875 87711367045420
8657 98630 984688640951 984730901691 174083460604 174322346192 87711367045419 87833598980786
86352 982955 984677710424 984688640952 174322346191 174384077810 87833598980785 87865186822956
57001 648400 984646509046 984677710425 174384077809 174560167914 87865186822955 87955294364685
63 716 984623266046 984646509047 174560167913 174691224622 87955294364684 88022360520424
37804 429339 984602962283 984623266047 174691224621 174805625375 88022360520423 88080905197153
84338 957291 984589230100 984602962284 174805625374 174882955061 88080905197152 88120479748752
80878 917411 984562507785 984589230101 174882955060 175033334718 88120479748751 88197441013220
83835 950194 984540331172 984562507786 175033334717 175158032343 88197441013219 88261261104525
87351 989416 984523536060 984540331173 175158032342 175252409238 88261261104524 88309564514196
83563 946055 984510817439 984523536061 175252409237 175323844202 88309564514195 88346126743578
29481 333368 984449748088 984510817440 175323844201 175666426752 88346126743577 88521479024880
80363 907660 984437767323 984449748089 175666426751 175733554757 88521479024879 88555840677149
83096 938191 984427575508 984437767324 175733554756 175790638484 88555840677148 88585061331157
48773 550500 984418799359 984427575509 175790638483 175839777829 88585061331156 88610215688996
63112 712155 984411162791 984418799360 175839777828 175882524917 88610215688995 88632098132938
85699 965782 984339009597 984411162792 175882524916 176285887653 88632098132937 88838594010126
87829 988598 984336643247 984339009598 176285887652 176299100284 88838594010125 88845358413879
29169 328301 984334554635 984336643248 176299100283 176310761299 88845358413878 88851328465069
87545 984767 984301039451 984334554636 176310761298 176497772603 88851328465068 88947074609056
86575 972911 984274092821 984301039452 176497772602 176647983858 88947074609055 89023983378225
85113 956024 984271206993 984274092822 176647983857 176664062794 89023983378224 89032216045415
67176 754493 984269519261 984271206994 176664062793 176673465614 89032216045414 89037030453261
22261 250012 984267629196 984269519262 176673465613 176683995073 89037030453260 89042421734429
15951 178924 984192402595 984267629197 176683995072 177102554113 89042421734428 89256744396907
63847 715215 984183323973 984192402596 177102554112 177152998316 89256744396906 89282575946906
70098 784991 984172592089 984183323974 177152998315 177212609539 89282575946905 89313102219502
84973 950885 984138176114 984172592090 177212609538 177403636700 89313102219501 89410928550631
41139 460030 984127017445 984138176115 177403636699 177465527737 89410928550630 89442624476995
13988 156359 984114220737 984127017446 177465527736 177536476652 89442624476994 89478959827967
2495 27872 984087861099 984114220738 177536476651 177682530477 89478959827966 89553761181645
46048 514087 984074725457 984087861100 177682530476 177755266351 89553761181644 89591013922108
22359 249229 983988798641 984074725458 177755266350 178230312093 89591013922107 89834333850323
9287 103298 983938830378 983988798642 178230312092 178505960891 89834333850322 89975536623228
66388 737609 983918433702 983938830379 178505960890 178618352417 89975536623227 90033112945851
19249 213762 983907352390 983918433703 178618352416 178679383006 90033112945850 90064378656510
76227 846269 983900391298 983907352391 178679383005 178717710380 90064378656509 90084013876435
89493 993365 983895612742 983900391299 178717710379 178744015915 90084013876434 90097490395450
11149 123694 983869910099 983895612743 178744015914 178885438200 90097490395449 90169943749475
70375 780169 983845150524 983869910100 178885438199 179021562361 90169943749474 90239685447603
83575 926081 983840746236 983845150525 179021562360 179045765227 90239685447602 90252085791860
69392 768793 983834436088 983840746237 179045765226 179080435463 90252085791859 90269849240056
88997 985749 983824641523 983834436089 179080435462 179134236623 90269849240055 90297414838709
72844 806495 983807376059 983824641524 179134236622 179229034510 90297414838708 90345986547093
61250 677543 983768825714 983807376060 179229034509 179440512572 90345986547092 90454346416713
85308 941399 983651878959 983768825715 179440512571 180080484839 90454346416712 90782302453548
34959 385060 983647487689 983651878960 180080484838 180104469577 90782302453547 90794594651874
44147 485923 983606557377 983647487690 180104469576 180327868853 90794594651873 90909090909091
90873 998804 983554490897 983606557378 180327868852 180611637044 90909090909090 91054537635750
60201 661079 983547166232 983554490898 180611637043 180651520329 91054537635749 91074980924956
44667 490369 983537442113 983547166233 180651520328 180704454736 91074980924955 91102114282697
35270 386789 983476774088 983537442114 180704454735 181034347098 91102114282696 91271221051333
89737 982837 983453188589 983476774089 181034347097 181162429477 91271221051332 91336881817617
91315 999527 983437855792 983453188590 181162429476 181245644898 91336881817616 91379543033438
57337 627281 983419111829 983437855793 181245644897 181347320051 91379543033437 91431669166008
78505 858419 983403757457 983419111830 181347320050 181430564729 91431669166007 91474347593859
79115 864604 983382180387 983403757458 181430564728 181547479457 91474347593858 91534289886914
74009 808211 983355456222 983382180388 181547479456 181692175720 91534289886913 91608478525347
72587 792275 983348275621 983355456223 181692175719 181731034313 91608478525346 91628402608772
89199 973054 983318913877 983348275622 181731034312 181889839219 91628402608771 91709829390566
40962 446399 983282004984 983318913878 181889839218 182089260183 91709829390565 91812087098393
6033 65663 983234201162 983282004985 182089260182 182347211838 91812087098392 91944366293413
5858 63705 983226432845 983234201163 182347211837 182389094397 91944366293412 91965844835474
75553 821162 983196340035 983226432846 182389094396 182551244700 91965844835473 92049002418157
7253 78786 983188736076 983196340036 182551244699 182592193843 92049002418156 92070003485405
18670 202723 983169822738 983188736077 182592193842 182694005528 92070003485404 92122219404924
20146 218599 983142713206 983169822739 182694005527 182839835564 92122219404923 92197013530912
91693 994345 983130049483 983142713207 182839835563 182907916183 92197013530911 92231932157260
14587 158127 983117929683 983130049484 182907916182 182973048114 92231932157259 92265339027181
29999 325028 983095189484 983117929684 182973048113 183095189485 92265339027180 92327988316145
79340 858881 983060298944 983095189485 183095189484 183282428617 92327988316144 92424032044967
89098 963695 983038098359 983060298945 183282428616 183401464482 92424032044966 92485093772469
65166 704251 983003707980 983038098360 183401464481 183585702321 92485093772468 92579606171198
66688 720155 982987190104 983003707981 183585702320 183674124716 92579606171197 92624967842662
17129 184869 982965453075 982987190105 183674124715 183790418846 92624967842661 92684629760202
81743 881879 982960186527 982965453076 183790418845 183818583668 92684629760201 92699079344472
92593 998623 982944438537 982960186528 183818583667 183902775259 92699079344471 92742273401434
75667 815015 982872186934 982944438538 183902775258 184288535051 92742273401433 92940198699903
41537 446403 982793159380 982872186935 184288535050 184709517554 92940198699902 93156220899683
10877 116742 982782136999 982793159381 184709517553 184768155251 93156220899682 93186312203534
71336 765407 982772041661 982782137000 184768155250 184821844296 93186312203533 93213864434386
92887 996128 982746972784 982772041662 184821844295 184955095858 93213864434385 93282248514909
40463 433697 982735524235 982746972785 184955095857 185015916626 93282248514908 93313462317253
79343 849975 982710578520 982735524236 185015916625 185148369867 93313462317252 93381440474449
42097 450519 982666735204 982710578521 185148369866 185380925456 93381440474448 93500799788371
28306 302713 982661653748 982666735205 185380925455 185407859198 93500799788370 93514624064721
29724 317833 982657104632 982661653749 185407859197 185431967892 93514624064720 93526998419336
18929 202250 982609211634 982657104633 185431967891 185685586977 93526998419335 93657179582675
88241 942149 982607662747 982609211635 185685586976 185693783177 93657179582674 93661386801504
55050 587437 982570245697 982607662748 185693783176 185891668105 93661386801503 93762966789352
68252 727401 982520838684 982570245698 185891668104 186152629720 93762966789351 93896934694100
3038 32353 982517360004 982520838685 186152629719 186170989388 93896934694099 93906360238197
51511 548292 982486524306 982517360005 186170989387 186333651162 93906360238196 93989870234706
13793 146707 982466233275 982486524307 186333651161 186440608433 93989870234705 94044783867389
30163 320708 982461426029 982466233276 186440608432 186465938885 94044783867388 94057789188820
30936 328463 982367902571 982461426030 186465938884 186958027366 94057789188819 94310459286286
56323 597049 982349232243 982367902572 186958027365 187056103646 94310459286285 94360822302457
10367 109859 982345084243 982349232244 187056103645 187077886086 94360822302456 94372007967743
40063 424511 982343259202 982345084244 187077886085 187087469113 94372007967742 94376929042810
13591 143998 982338566422 982343259203 187087469112 187112107890 94376929042809 94389581607988
63688 674669 982331665623 982338566423 187112107889 187148333450 94389581607987 94408184409606
61056 646679 982326835200 982331665624 187148333449 187173686303 94408184409605 94421203899903
59234 627093 982299460820 982326835201 187173686302 187317295710 94421203899902 94494953669611
44355 468806 982211915114 982299460821 187317295709 187775807302 94494953669610 94730440206455
41691 440018 982198545478 982211915115 187775807301 187845727285 94730440206454 94766353104706
92013 970669 982178409595 982198545479 187845727284 187950982238 94766353104705 94820416430624
65263 688054 982155191892 982178409596 187950982237 188072270788 94820416430623 94882717335733
52099 548823 982120965578 982155191893 188072270787 188250920238 94882717335732 94974486172494
48428 509771 982102279234 982120965579 188250920237 188348382319 94974486172493 95024552613752
47681 501632 982081965850 982102279235 188348382318 188454271246 95024552613751 95078949555450
87893 924324 982074493009 982081965851 188454271245 188493209906 95078949555449 95098953430206
86043 904459 982049786537 982074493010 188493209905 188621888342 95098953430205 95165060747996
90353 948857 982006446980 982049786538 188621888341 188847393651 95165060747995 95280917949491
72877 764454 981968117661 982006446981 188847393650 189046597155 95280917949490 95383268514665
22473 235531 981944937507 981968117662 189046597154 189166962505 95383268514664 95445115010333
76922 805877 981940306268 981944937508 189166962504 189191001177 95445115010332 95457466896669
54622 571869 981897224038 981940306269 189191001176 189414469947 95457466896668 95572296912699
89387 935101 981883371633 981897224039 189414469946 189486264702 95572296912698 95609190436361
66569 696189 981875890911 981883371634 189486264701 189525024329 95609190436360 95629108360375
74105 774651 981850847433 981875890912 189525024328 189654721518 95629108360374 95695759225643
77267 807369 981845995598 981850847434 189654721517 189679837957 95695759225642 95708666757189
66021 689420 981805044562 981845995599 189679837956 189891691424 95708666757188 95817543680495
63277 660160 981779850590 981805044563 189891691423 190021906566 95817543680494 95884467948982
64397 671360 981752912552 981779850591 190021906565 190161033587 95884467948981 95955975329512
88388 920369 981693006245 981752912553 190161033586 190470054048 95955975329511 96114813670625
84437 878484 981691567677 981693006246 190470054047 190477468356 96114813670624 96118624846633
92209 959320 981691189301 981691567678 190477468355 190479418437 96118624846632 96119627248219
85219 885933 981637081701 981691189302 190479418436 190758066223 96119627248218 96262866689355
96041 997398 981615389668 981637081702 190758066222 190869659103 96262866689354 96320234540643
17513 181774 981596717681 981615389669 190869659102 190965661408 96320234540642 96369589081047
95179 987233 981566223430 981596717682 190965661407 191122340454 96369589081046 96450140395674
58951 611005 981542064574 981566223431 191122340453 191246373744 96450140395673 96513910636852
90496 937327 981517065923 981542064575 191246373743 191374630765 96513910636851 96579854928092
4398 45521 981490592025 981517065924 191374630764 191510359420 96579854928091 96649643551356
69348 717247 981462717559 981490592026 191510359419 191653160790 96649643551355 96723071845595
84476 873217 981448999199 981462717560 191653160789 191723399643 96723071845594 96759189724418
89638 925815 981402282617 981448999200 191723399642 191962391300 96759189724417 96882088500504
93717 967241 981395461841 981402282618 191962391299 191997259037 96882088500503 96900019574087
1424 14695 981392654860 981395461842 191997259036 192011606386 96900019574086 96907397892429
2657 27417 981390160571 981392654861 192011606385 192024354531 96907397892428 96913953824895
64495 665449 981385922083 981390160572 192024354530 192046015156 96913953824894 96925093196418
26527 273507 981337730729 981385922084 192046015155 192292116967 96925093196417 97051660594765
54255 558851 981313749677 981337730730 192292116966 192414460722 97051660594764 97114584074514
77699 799511 981261432458 981313749678 192414460721 192681086693 97114584074513 97251722330096
52199 536650 981248820521 981261432459 192681086692 192745304031 97251722330095 97284753956464
47987 493151 981231895030 981248820522 192745304030 192831450173 97284753956463 97329066151560
38469 395048 981194456491 981231895031 192831450172 193021860294 97329066151559 97427014123185
48545 498109 981170300093 981194456492 193021860293 193144614770 97427014123184 97490162637734
75985 779182 981148273046 981170300094 193144614769 193256478025 97490162637733 97547710412966
61681 632077 981119992179 981148273047 193256478024 193400002444 97547710412965 97621549026444
59614 610571 981108552986 981119992180 193400002443 193458024533 97621549026443 97651400394465
41477 424701 981100696389 981108552987 193458024532 193497864445 97651400394464 97671897646247
86839 888438 981045796021 981100696390 193497864444 193776020467 97671897646246 97815013088567
56773 580374 981040888410 981045796022 193776020466 193800864982 97815013088566 97827796546321
32579 332849 981001383840 981040888411 193800864981 194000734283 97827796546320 97930640465667
61045 623189 980982012327 981001383841 194000734282 194098664319 97930640465666 97981033200083
90926 927783 980964715723 980982012328 194098664318 194186061566 97981033200082 98026007239804
91021 928192 980936487242 980964715724 194186061565 194328608284 98026007239803 98099363374166
39974 407471 980933928232 980936487243 194328608283 194341525264 98099363374165 98106010752430
97119 989596 980907711499 980933928233 194341525263 194473806774 98106010752429 98174087386429
1811 18445 980900235485 980907711500 194473806773 194511511291 98174087386428 98193491931435
20809 211876 980885117840 980900235486 194511511290 194587732395 98193491931434 98232719627201
3967 40376 980870686138 980885117841 194587732394 194660466129 98232719627200 98270153367549
63419 645309 980865444656 980870686139 194660466128 194686875465 98270153367548 98283745617103
92035 936183 980846138059 980865444657 194686875464 194784120126 98283745617102 98333796039274
82247 836178 980825420801 980846138060 194784120125 194888413994 98333796039273 98387476224468
47299 480630 980807702665 980825420802 194888413993 194977563815 98387476224467 98433363093459
51481 521451 980580675690 980807702666 194977563814 196116135139 98433363093458 99019513592785
13793 138924 980374291557 980580675691 196116135138 197145247100 99019513592784 99549488164975
73703 740227 980359751767 980374291558 197145247099 197217537545 99549488164974 99586722749918
84878 852119 980343008386 980359751768 197217537544 197300749893 99586722749917 99629583893600
80218 804961 980323519486 980343008387 197300749892 197397561132 99629583893599 99679450952930
35887 359918 980300549612 980323519487 197397561131 197511600747 99679450952929 99738194176978
18353 183947 980273074944 980300549613 197511600746 197647915595 99738194176977 99808414352371
86141 862860 980254643926 980273074945 197647915594 197739305805 99808414352370 99855494045344
80404 805049 980239626662 980254643927 197739305804 197813736432 99855494045343 99893837982109
84629 847070 980228594451 980239626663 197813736431 197868397222 99893837982108 99921997781612
95601 956383 980198019801 980228594452 197868397221 198019801981 99921997781611 100000000000000
83043 830045 980161628319 980198019802 198019801980 198199854615 100000000000000 100092766054883
67106 670295 980144856463 980161628320 198199854614 198282778748 100092766054882 100135491653638
66796 666825 980117584886 980144856464 198282778747 198417539033 100135491653637 100204927498937
63206 630423 980074549174 980117584887 198417539032 198630002923 100204927498936 100314406346678
45847 456995 980067977123 980074549175 198630002922 198662427796 100314406346677 100331114936712
82871 825925 980063191360 980067977124 198662427795 198686036098 100331114936711 100343280438829
61139 609047 980030589123 980063191361 198686036097 198846786200 100343280438828 100426118309124
91329 908998 979994311340 980030589124 198846786199 199025500227 100426118309123 100518218202106
93854 933619 979987319582 979994311341 199025500226 199059924291 100518218202105 100535959155599
35839 356434 979977220547 979987319583 199059924290 199109636152 100535959155598 100561579237157
4169 41436 979936662274 979977220548 199109636151 199309151649 100561579237156 100664407830124
64925 644702 979904263674 979936662275 199309151648 199468378526 100664407830123 100746476577344
30097 298636 979876548708 979904263675 199468378525 199604482145 100746476577343 100816630347220
97519 967144 979864451158 979876548709 199604482144 199663860916 100816630347219 100847237697845
86369 856103 979833615676 979864451159 199663860915 199815128530 100847237697844 100925212577332
41207 408187 979812986233 979833615677 199815128529 199916262493 100925212577331 100977346791128
36049 356961 979804058780 979812986234 199916262492 199960011997 100977346791127 100999900019996
86727 858442 979781507506 979804058781 199960011996 200070481450 100999900019995 101056849299146
14579 144215 979753557466 979781507507 200070481449 200207309138 101056849299145 101127389508875
70379 695609 979714932282 979753557467 200207309137 200396236149 101127389508874 101224793974583
61717 609469 979684162737 979714932283 200396236148 200546606258 101224793974582 101302323891769
66616 657539 979677192850 979684162738 200546606257 200580651633 101302323891768 101319877986820
46544 458961 979604233600 979677192851 200580651632 200936670400 101319877986819 101503455584222
54784 539719 979603265970 979604233601 200936670399 200941387725 101503455584221 101505888163900
90181 888425 979602700641 979603265971 200941387724 200944143722 101505888163899 101507309348596
91075 897219 979602068038 979602700642 200944143721 200947227636 101507309348595 101508899631810
16233 159914 979600546498 979602068039 200947227635 200954644883 101508899631809 101512724492768
92459 910073 979534918634 979600546499 200954644882 201274298350 101512724492767 101677569036456
88488 870079 979516155720 979534918635 201274298349 201365589619 101677569036455 101724650762113
61754 606975 979503439770 979516155721 201365589618 201427434767 101724650762112 101756546980407
64471 633219 979457043256 979503439771 201427434766 201652920671 101756546980406 101872845059938
101731 998055 979411987871 979457043257 201652920670 201871637467 101872845059937 101985659732856
34215 335368 979382730896 979411987872 201871637466 202013530296 101985659732855 102058852561512
99483 974569 979366639219 979382730897 202013530295 202091528728 102058852561511 102099088023197
83511 817624 979334988160 979366639220 202091528727 202244853986 102099088023196 102178183680616
9809 95988 979325641182 979334988161 202244853985 202290109801 102178183680615 102201530456534
85502 836189 979285203967 979325641183 202290109800 202485775524 102201530456533 102302475215760
102141 998120 979260419507 979285203968 202485775523 202605604036 102302475215759 102364298320283
85787 837885 979243675005 979260419508 202605604035 202686518943 102364298320282 102406046057713
55291 539840 979231604891 979243675006 202686518942 202744824795 102406046057712 102436129401726
80953 789802 979182048977 979231604892 202744824794 202984026366 102436129401725 102559553058795
92977 906293 979157222537 979182048978 202984026365 203103750710 102559553058794 102621332149296
73205 713184 979137933106 979157222538 203103750709 203196722297 102621332149295 102669308135371
79006 769481 979133837466 979137933107 203196722296 203216456833 102669308135370 102679491899767
1047 10196 979127533500 979133837467 203216456832 203246828123 102679491899766 102695164754101
5291 51488 979073885019 979127533501 203246828122 203505104783 102695164754100 102828452400102
47849 465121 979036934155 979073885020 203505104782 203682796425 102828452400101 102920159249698
74921 727752 979014054309 979036934156 203682796424 203792741441 102920159249697 102976904583778
47694 462965 978980419737 979014054310 203792741440 203954254113 102976904583777 103060268852506
97893 949487 978947577716 978980419738 203954254112 204111832295 103060268852505 103141606474506
36566 354431 978926107658 978947577717 204111832294 204214778469 103141606474505 103194746725524
85205 825087 978866943011 978926107659 204214778468 204498185516 103194746725523 103341048895732
26772 259039 978858699875 978866943012 204498185515 204537638780 103341048895731 103361416756458
81528 788435 978823529411 978858699876 204537638779 204705882353 103361416756457 103448275862069
94647 914644 978798140488 978823529412 204705882352 204827244713 103448275862068 103510934501944
6799 65678 978790625252 978798140489 204827244712 204863154123 103510934501943 103529474775289
98067 947173 978784909672 978790625253 204863154122 204890459998 103529474775288 103543573127217
56559 546181 978776791513 978784909673 204890459997 204929237530 103543573127216 103563594645159
11890 114727 978716949725 978776791514 204929237529 205214844298 103563594645158 103711066065187
53643 517066 978689401651 978716949726 205214844297 205346183543 103711066065186 103778886858493
99653 959906 978659741363 978689401652 205346183542 205487495078 103778886858492 103851860318428
17863 171986 978650596360 978659741364 205487495077 205531044475 103851860318427 103874349949523
96134 925133 978618573320 978650596361 205531044474 205683465434 103874349949522 103953065136836
82949 797770 978599833959 978618573321 205683465433 205772605015 103953065136835 103999101527500
42057 404159 978549784986 978599833960 205772605014 206010481050 103999101527499 104121959736900
11641 111729 978494608762 978549784987 206010481049 206272394236 104121959736899 104257243523189
36009 345290 978470925116 978494608763 206272394235 206384710437 104257243523188 104315260748466
100636 964415 978443143757 978470925117 206384710436 206516378125 104315260748465 104383276707436
88991 852226 978411626897 978443143758 206516378124 206665643858 104383276707435 104460386831220
20048 191901 978403328152 978411626898 206665643857 206704928484 104460386831219 104480681740463
69451 664690 978398731248 978403328153 206704928483 206726685970 104480681740462 104491922029888
76927 735953 978369983766 978398731249 206726685969 206862695683 104491922029887 104562188761535
49193 470355 978349703118 978369983767 206862695682 206958591045 104562188761534 104611733061205
19619 187457 978311252554 978349703119 206958591044 207140274028 104611733061204 104705603711476
16700 159457 978290901819 978311252555 207140274027 207236366061 104705603711475 104755254078012
59953 572106 978259517031 978290901820 207236366060 207384467443 104755254078011 104831780490602
27193 259320 978234125102 978259517032 207384467442 207504208356 104831780490601 104893655266572
37630 358657 978213161034 978234125103 207504208355 207603014378 104893655266571 104944713980811
62105 591667 978195560599 978213161035 207603014377 207685929289 104944713980810 104987562112090
23121 220042 978123331986 978195560600 207685929288 208025833548 104987562112089 105163227278975
103288 981971 978105928984 978123331987 208025833547 208107644465 105163227278974 105205510693586
37076 352361 978092652847 978105928985 208107644464 208170032538 105205510693585 105237756299125
95328 905299 978041348549 978092652848 208170032537 208410941480 105237756299124 105362277503576
86660 822449 978036435887 978041348550 208410941479 208433994534 105362277503575 105374193696208
90848 862107 978032447234 978036435888 208433994533 208452709642 105374193696207 105383867657262
38249 362789 977994033876 978032447235 208452709641 208632858635 105383867657261 105476990860845
81771 775238 977992725885 977994033877 208632858634 208638989919 105476990860844 105480160360447
33475 316884 977862242080 977992725886 208638989918 209249696566 105480160360446 105795890185690
5786 54675 977837866010 977862242081 209249696565 209363578008 105795890185689 105854772833349
94870 896123 977827603374 977837866011 209363578007 209411504172 105854772833348 105879553816773
83833 791726 977821948587 977827603375 209411504171 209437906933 105879553816772 105893205949321
95723 903921 977818367252 977821948588 209437906932 209454626741 105893205949320 105901851357498
85959 811538 977802414077 977818367253 209454626740 209529088731 105901851357497 105940354425452
99859 942391 977783269567 977802414078 209529088730 209618409864 105940354425451 105986542150035
13765 129867 977777869532 977783269568 209618409863 209643597214 105986542150034 105999566707409
75059 708029 977768226130 977777869533 209643597213 209688568999 105999566707408 106022822203485
84433 796166 977746099905 977768226131 209688568998 209791716042 106022822203484 106076162178569
25025 235639 977642733233 977746099906 209791716041 210272884976 106076162178568 106325010803112
76433 718666 977618621307 977642733234 210272884975 210384959714 106325010803111 106382978723405
11308 106251 977581781173 977618621308 210384959713 210556075946 106382978723404 106471488536940
79343 745136 977573665470 977581781174 210556075945 210593752467 106471488536939 106490977374656
62717 588698 977536900324 977573665471 210593752466 210764343533 106490977374655 106579221605506
35602 333983 977521044082 977536900325 210764343532 210837872254 106579221605505 106617258452939
87405 819604 977499603859 977521044083 210837872253 210937252412 106617258452938 106668669869941
23276 218095 977453309580 977499603860 210937252411 211151669636 106668669869940 106779598088486
101300 948267 977414165439 977453309581 211151669635 211332792528 106779598088485 106873307686925
101715 951454 977387836863 977414165440 211332792527 211454525491 106873307686924 106936293198864
89492 836605 977359277672 977387836864 211454525490 211586489047 106936293198863 107004574958123
8434 78815 977354665237 977359277673 211586489046 211607793663 107004574958122 107015598861733
70237 656094 977323140026 977354665238 211607793662 211753347006 107015598861732 107090916360255
100559 938689 977292856838 977323140027 211753347005 211893067308 107090916360254 107163218930734
91091 849866 977276463297 977292856839 211893067307 211968663450 107163218930733 107202339877229
106019 988626 977245946896 977276463298 211968663449 212109309732 107202339877228 107275126832160
103925 968738 977242909229 977245946897 212109309731 212123304616 107275126832159 107282369619505
80477 749588 977176363922 977242909230 212123304615 212429644332 107282369619504 107440918375928
75515 702399 977118198254 977176363923 212429644331 212697030162 107440918375927 107579319410221
43139 400883 977092428395 977118198255 212697030161 212815380958 107579319410220 107640582656230
77433 719294 977083331755 977092428396 212815380957 212857141776 107640582656229 107662200351678
69986 649767 977043606261 977083331756 212857141775 213039412935 107662200351677 107756557447408
34071 316088 977015761409 977043606262 213039412934 213167075217 107756557447407 107822648345857
59815 554658 977000098371 977015761410 213167075216 213238851486 107822648345856 107859808232107
101047 936261 976944170409 977000098372 213238851485 213494936482 107859808232106 107992395373129
34377 318224 976914377302 976944170410 213494936481 213631222952 107992395373128 108062961858248
105955 980339 976900017396 976914377303 213631222951 213696878806 108062961858247 108096958331200
73565 680442 976885997033 976900017397 213696878805 213760961824 108096958331199 108130141113076
37693 348486 976858924576 976885997034 213760961823 213884645255 108130141113075 108194187554388
18599 171817 976812641419 976858924577 213884645254 214095921408 108194187554387 108303597883345
106677 984835 976799037065 976812641420 214095921407 214157981846 108303597883344 108335737639653
105371 972404 976777355201 976799037066 214157981845 214256851384 108335737639652 108386941412343
84531 779620 976744343171 976777355202 214256851383 214407294843 108386941412342 108464858181191
106557 982100 976715279861 976744343172 214407294842 214539651546 108464858181190 108533410821238
33219 306014 976697934949 976715279862 214539651545 214618600930 108533410821237 108574303202650
99981 920539 976666476342 976697934950 214618600929 214761714438 108574303202649 108648432605233
24328 223879 976651693238 976666476343 214761714437 214828932164 108648432605232 108683251024269
97724 899093 976644466705 976651693239 214828932163 214861782676 108683251024268 108700267698257
102530 943021 976623416622 976644466706 214861782675 214957442545 108700267698256 108749820899816
93337 857823 976574948550 976623416623 214957442544 215177531037 108749820899815 108863835997913
51578 473595 976537877797 976574948551 215177531036 215345706312 108863835997912 108950963566345
59527 546282 976523773463 976537877798 215345706311 215409655912 108950963566344 108984095614316
61761 566614 976510117363 976523773464 215409655911 215471554240 108984095614315 109016165587156
88769 813867 976463690262 976510117364 215471554239 215681852733 109016165587155 109125127769959
4629 42410 976443515978 976463690263 215681852732 215773168173 109125127769958 109172443547477
103994 952279 976415406607 976443515979 215773168172 215900332884 109172443547476 109238337326084
58461 535079 976399678472 976415406608 215900332883 215971451538 109238337326083 109275190585258
104589 956929 976381474898 976399678473 215971451537 216053732844 109275190585257 109317829370020
77913 712622 976368638548 976381474899 216053732843 216111734199 109317829370019 109347886817906
71992 658289 976356323626 976368638549 216111734198 216167364128 109347886817905 109376715900631
3805 34784 976345506388 976356323627 216167364127 216216216217 109376715900630 109402032952890
95087 867684 976187060183 976345506389 216216216216 216930457819 109402032952889 109772228646444
60671 551806 976034514335 976187060184 216930457818 217615777982 109772228646443 110127518726560
96491 875978 976013188667 976034514336 217615777981 217711404263 110127518726559 110177100796429
33062 300061 976007026318 976013188668 217711404262 217739028605 110177100796428 110191424273316
104407 947285 975984932321 976007026319 217739028604 217838040482 110191424273315 110242763959264
91707 831806 975978300369 975984932322 217838040481 217867751649 110242763959263 110258170146648
99577 902816 975945711911 975978300370 217867751648 218013686272 110258170146647 110333844172815
58871 533532 975938665158 975945711912 218013686271 218045228907 110333844172814 110350201021318
106087 960851 975887612261 975938665159 218045228906 218273608655 110350201021317 110468635614928
103963 941038 975880447426 975887612262 218273608654 218305639715 110468635614927 110485247221839
80245 726012 975843140333 975880447427 218305639714 218472344851 110485247221838 110571705005833
105187 950799 975792690104 975843140334 218472344850 218697567292 110571705005832 110688519290013
7955 71866 975789577016 975792690105 218697567291 218711456918 110688519290012 110695723604179
104722 946005 975786569416 975789577017 218711456917 218724875008 110695723604178 110702683373523
64877 585789 975744374550 975786569417 218724875007 218913031895 110702683373522 110800281004947
52121 470267 975716252093 975744374551 218913031894 219038342307 110800281004946 110865283450808
107837 972378 975685946240 975716252094 219038342306 219173297438 110865283450807 110935292046125
20617 185845 975684871404 975685946241 219173297437 219178082192 110935292046124 110937774219033
85544 770497 975609756097 975684871405 219178082191 219512195122 110937774219032 111111111111112
89441 804355 975536138250 975609756098 219512195121 219839129747 111111111111111 111280743232191
108921 978512 975508206652 975536138251 219839129746 219963039517 111280743232190 111345039608248
109643 984694 975506258247 975508206653 219963039516 219971680270 111345039608247 111349523369680
107671 966313 975441002067 975506258248 219971680269 220260871435 111349523369679 111499594877344
68415 613288 975393251309 975441002068 220260871434 220472232492 111499594877343 111609287085109
3587 32129 975363279391 975393251310 220472232491 220604789645 111609287085108 111678085720251
72464 648827 975357580019 975363279392 220604789644 220629986855 111678085720250 111691163709453
87583 783797 975313298973 975357580020 220629986854 220825652598 111691163709452 111792723064509
55035 492151 975284752550 975313298974 220825652597 220951694816 111792723064508 111858148315120
104024 929917 975279865328 975284752551 220951694815 220973265998 111858148315119 111869345643681
21425 191269 975152542809 975279865329 220973265997 221534462899 111869345643680 112160685363079
66151 589710 975139597405 975152542810 221534462898 221591438399 112160685363078 112190266799297
67501 601649 975136922955 975139597406 221591438398 221603207308 112190266799296 112196377239384
47023 419096 975132855791 975136922956 221603207307 221621103589 112196377239383 112205669071392
109253 973656 975129909127 975132855792 221621103588 221634068510 112205669071391 112212400554316
68173 607528 975128720612 975129909128 221634068509 221639297592 112212400554315 112215115540637
68301 608644 975125925226 975128720613 221639297591 221651595870 112215115540636 112221500937366
108618 967747 975111465910 975125925227 221651595869 221715198057 112221500937365 112254524305647
101677 904711 974996043043 975111465911 221715198056 222222222223 112254524305646 112517806303939
86367 767519 974987526900 974996043044 222222222222 222259583343 112517806303938 112537208622980
81686 725689 974964553525 974987526901 222259583342 222360336770 112537208622979 112589532997990
76423 678546 974931117925 974964553526 222360336769 222506888208 112589532997989 112665644987705
105385 935247 974917214283 974931117926 222506888207 222567799319 112665644987704 112697280528374
99156 879323 974858506571 974917214284 222567799318 222824801503 112697280528373 112830767754061
50359 446121 974813458549 974858506572 222824801502 223021794967 112830767754060 112933094516405
92735 821046 974800867789 974813458550 223021794966 223076821199 112933094516404 112961678737761
111790 989111 974748856135 974800867790 223076821198 223303979952 112961678737760 113079685681411
90784 802699 974732318528 974748856136 223303979951 223376156330 113079685681410 113117182634594
8719 77075 974726673545 974732318529 223376156329 223400787551 113117182634593 113129979223819
97873 865038 974715178237 974726673546 223400787550 223450937150 113129979223818 113156033645829
85322 753603 974659789560 974715178238 223450937149 223692410719 113156033645828 113281493805386
98438 868665 974624863165 974659789561 223692410718 223844535558 113281493805385 113360537351960
109424 965157 974612694662 974624863166 223844535557 223897510936 113360537351959 113388064171346
102665 905318 974600245658 974612694663 223897510935 223951693813 113388064171345 113416218956173
63658 561079 974564701834 974600245659 223951693812 224106318383 113416218956172 113496568724488
63497 559355 974545511040 974564701835 224106318382 224189756481 113496568724487 113539928670563
79095 696514 974529174605 974545511041 224189756480 224260758588 113539928670562 113576827059426
91772 807891 974513492514 974529174606 224260758587 224328894499 113576827059425 113612236811428
6296 55405 974492478242 974513492515 224328894498 224420163640 113612236811427 113659670073219
10288 90425 974391195694 974492478243 224420163639 224859506699 113659670073218 113888021375445
66649 584558 974277386226 974391195695 224859506698 225352112677 113888021375444 114144098619685
98698 864527 974259531045 974277386227 225352112676 225429293055 114144098619684 114184224266997
81895 717152 974250152894 974259531046 225429293054 225469819678 114184224266996 114205294272030
66526 582383 974227557381 974250152895 225469819677 225567432134 114205294272029 114256044745237
36851 322461 974205783970 974227557382 225567432133 225661451027 114256044745236 114304928522909
50707 443478 974175077903 974205783971 225661451026 225793971557 114304928522908 114373833447602
30055 262721 974152703703 974175077904 225793971556 225890482019 114373833447601 114424016741196
25456 222401 974120675291 974152703704 225890482018 226028560075 114424016741195 114495817253323
87088 760447 974097200243 974120675292 226028560074 226129707200 114495817253322 114548415939942
82120 716733 974073066207 974097200244 226129707199 226233644024 114548415939941 114602467303044
108385 945382 974033473492 974073066208 226233644023 226404047042 114602467303043 114691088110352
55251 481618 974008027039 974033473493 226404047041 226513494661 114691088110351 114748010928824
46935 408904 973977226563 974008027040 226513494660 226645895918 114748010928823 114816874717401
47902 417103 973952471008 973977226564 226645895917 226752252949 114816874717400 114872194887735
110387 960834 973939528804 973952471009 226752252948 226807835475 114872194887734 114901106222003
67735 589229 973890976085 973939528805 226807835474 227016225631 114901106222002 115009505783590
103245 897422 973858071300 973890976086 227016225630 227157339664 115009505783589 115082914504359
74002 642927 973841209741 973858071301 227157339663 227229615607 115082914504358 115120514499819
82596 717403 973830958695 973841209742 227229615606 227273544183 115120514499818 115143367866100
108955 946192 973824068037 973830958696 227273544182 227303067536 115143367866099 115158727272938
97615 847368 973788921498 973824068038 227303067535 227453591679 115158727272937 115237039382084
65703 569876 973738200298 973788921499 227453591678 227670633329 115237039382083 115349965509327
112481 974883 973712123731 973738200299 227670633328 227782132965 115349965509326 115407981856036
113057 979403 973688178796 973712123732 227782132964 227884467378 115407981856035 115461231326244
9315 80641 973642526661 973688178797 227884467377 228079438520 115461231326243 115562689513655
22295 192877 973616310567 973642526662 228079438519 228191322790 115562689513654 115620914545279
10349 89485 973589504640 973616310568 228191322789 228305664526 115620914545278 115680420872250
115499 998197 973564987704 973589504641 228305664525 228410189608 115680420872249 115734820505163
61847 534203 973529346379 973564987705 228410189607 228562052272 115734820505162 115813860427889
86389 745914 973527144994 973529346380 228562052271 228571428572 115813860427888 115818740649795
96165 830093 973500321492 973527144995 228571428571 228685644618 115818740649794 115878189695085
13641 117625 973417168333 973500321493 228685644617 229039333726 115878189695084 116062299143246
4645 39992 973339434407 973417168334 229039333725 229369451817 116062299143245 116234160133301
55713 479204 973314633901 973339434408 229369451816 229474668392 116234160133300 116288940673111
15589 134051 973312261040 973314633902 229474668391 229484732626 116288940673110 116294180681107
92658 796499 973278363904 973312261041 229484732625 229628452844 116294180681106 116369011612256
87062 748071 973266590977 973278363905 229628452843 229678346579 116369011612255 116394990737259
22989 197458 973239601789 973266590978 229678346578 229792683756 116394990737258 116454526630984
17115 146929 973212111192 973239601790 229792683755 229909083395 116454526630983 116515138991169
82470 707621 973184612776 973212111193 229909083394 230025453929 116515138991168 116575738752244
62315 534341 973144160115 973184612777 230025453928 230196532626 116575738752243 116664832341710
89735 769094 973133791614 973144160116 230196532625 230240360533 116664832341709 116687657730400
95335 816737 973098323415 973133791615 230240360532 230390218905 116687657730399 116765706082840
75729 648445 973080287490 973098323416 230390218904 230466383880 116765706082839 116805375503697
58807 503375 973062047312 973080287491 230466383879 230543384379 116805375503696 116845481211512
68304 584363 973024945095 973062047313 230543384378 230699926794 116845481211511 116927019786071
105639 903190 972992999727 973024945096 230699926793 230834621497 116927019786070 116997182214171
84101 718761 972982875400 972992999728 230834621496 230877292468 116997182214170 117019410227295
115873 990022 972963354763 972982875401 230877292467 230959542533 117019410227294 117062256617457
23768 202935 972909569457 972963354764 230959542532 231186006624 117062256617456 117180234818032
104261 889747 972909325842 972909569458 231186006623 231187031836 117180234818031 117180768931862
30214 257755 972873672614 972909325843 231187031835 231337020675 117180768931861 117258912157087
35027 298527 972806214685 972873672615 231337020674 231620527307 117258912157086 117406628984581
72133 614027 972743431568 972806214686 231620527306 231884057972 117406628984580 117543951362542
105577 897943 972713640216 972743431569 231884057971 232008995811 117543951362541 117609059460532
51669 439306 972708150437 972713640217 232008995810 232032010879 117609059460531 117621053487651
111324 946049 972660986089 972708150438 232032010878 232229640959 117621053487650 117724050202107
5776 49059 972650231108 972660986090 232229640958 232274682056 117724050202106 117747524823631
114967 976203 972630032561 972650231109 232274682055 232359247200 117747524823630 117791599724168
105666 896777 972596081614 972630032562 232359247199 232501316187 117791599724167 117865648397834
113602 963673 972578891654 972596081615 232501316186 232573213222 117865648397833 117903123776534
81159 688243 972561557439 972578891655 232573213221 232645689817 117903123776533 117940902244127
53082 449927 972526452532 972561557440 232645689816 232792394905 117940902244126 118017375435023
116378 985973 972511496915 972526452533 232792394904 232854865459 118017375435022 118049940810349
54383 460648 972504455281 972511496916 232854865458 232884272671 118049940810348 118065270801829
113819 963583 972453602160 972504455282 232884272670 233096528599 118065270801828 118175924819352
53224 450285 972430820267 972453602161 233096528598 233191551722 118175924819351 118225465413482
36015 304508 972387301980 972430820268 233191551721 233372952476 118225465413481 118320044060814
103451 873846 972326690519 972387301981 233372952475 233625355866 118320044060813 118451652552277
114735 968506 972313497075 972326690520 233625355865 233680258912 118451652552276 118480281790052
104120 878509 972277804910 972313497076 233680258911 233828719532 118480281790051 118557699604552
75605 637667 972271053426 972277804911 233828719531 233856790941 118557699604551 118572338489906
36559 308193 972223637157 972271053427 233856790940 234053838576 118572338489905 118675100615021
42761 360161 972175280001 972223637158 234053838575 234254615654 118675100615020 118779815378822
24693 207886 972173771908 972175280002 234254615653 234260874270 118779815378821 118783079669016
66601 560455 972126882781 972173771909 234260874269 234455376936 118783079669015 118884529683527
73853 620964 972082208573 972126882782 234455376935 234640533104 118884529683526 118981111478943
88447 743091 972040837364 972082208574 234640533103 234811861917 118981111478942 119070486506785
21949 184272 972002410860 972040837365 234811861916 234970877518 119070486506784 119153443334317
117234 983833 971995901229 972002410861 234970877517 234997804231 119153443334316 119167491212122
58889 494004 971958774044 971995901230 234997804230 235151316302 119167491212121 119247582351217
101564 851441 971924214226 971958774045 235151316301 235294117648 119247582351216 119322089535424
77389 648515 971914433014 971924214227 235294117647 235334517013 119322089535423 119343168786894
36057 302038 971881150747 971914433015 235334517012 235471927887 119343168786893 119414868282915
51511 431241 971850105688 971881150748 235471927886 235600025622 119414868282914 119481711587412
81839 684771 971821076898 971850105689 235600025621 235719737180 119481711587411 119544181741840
118385 990061 971793871917 971821076899 235719737179 235831869144 119544181741839 119602699096361
71628 598807 971779788708 971793871918 235831869143 235889894355 119602699096360 119632981180225
32490 271517 971753703944 971779788709 235889894354 235997328101 119632981180224 119689050224001
94112 786017 971712993120 971753703945 235997328100 236164897901 119689050224000 119776508408665
55342 461947 971689599991 971712993121 236164897900 236261129408 119776508408664 119826736119395
89981 750778 971667603161 971689599992 236261129407 236351579148 119826736119394 119873947702172
118343 986873 971627322054 971667603162 236351579147 236517117853 119873947702171 119960357217222
88859 740614 971608832807 971627322055 236517117852 236593059937 119960357217221 120000000000000
87474 728585 971552721317 971608832808 236593059936 236823372370 120000000000000 120120233057421
57525 478757 971520338783 971552721318 236823372369 236956180192 120120233057420 120189569201839
73715 613164 971491253377 971520338784 236956180191 237075398577 120189569201838 120251813529802
105146 873845 971422157582 971491253378 237075398576 237358361466 120251813529801 120399560567176
48863 405757 971399006496 971422157583 237358361465 237453090477 120399560567175 120449026145626
81607 677397 971378007300 971399006497 237453090476 237538979820 120449026145625 120493877348732
114727 951598 971313737060 971378007301 237538979819 237801648853 120493877348731 120631051456443
88346 732259 971297311631 971313737061 237801648852 237868729380 120631051456442 120666085209813
26164 216801 971282290600 971297311632 237868729379 237930056877 120666085209812 120698115135908
23662 195939 971222263812 971282290601 237930056876 238174965676 120698115135907 120826032684394
87958 727899 971210844098 971222263813 238174965675 238221527798 120826032684393 120850353736078
110583 914956 971200328338 971210844099 238221527797 238264395650 120850353736077 120872745516584
108854 900121 971144050406 971200328339 238264395649 238493675722 120872745516583 120992514815119
109137 901954 971136422266 971144050407 238493675721 238524735294 120992514815118 121008740236912
93445 772169 971129356238 971136422267 238524735293 238553502282 121008740236911 121023768189979
42865 354022 971076407286 971129356239 238553502281 238768949430 121023768189978 121136323557201
120983 998693 971071693103 971076407287 238768949429 238788121256 121136323557200 121146339877176
88239 728339 971067303857 971071693104 238788121255 238805970150 121146339877175 121155665096720
70427 581039 971017326481 971067303858 238805970149 239009103745 121155665096719 121261797414623
22987 189561 971014878934 971017326482 239009103744 239019047123 121261797414622 121266992794891
117041 965132 971012589850 971014878935 239019047122 239028346336 121266992794890 121271851619207
61507 506973 970965278491 971012589851 239028346335 239220458917 121271851619206 121372233964147
83110 684749 970964611727 970965278492 239220458916 239223165209 121372233964146 121373648103499
109466 901731 970944091436 970964611728 239223165208 239306438075 121373648103498 121417162016136
70663 581862 970919821530 970944091437 239306438074 239404887501 121417162016135 121468608152088
67201 553234 970919077740 970919821531 239404887500 239407903962 121468608152087 121470184476692
9651 79423 970877791028 970919077741 239407903961 239575280211 121470184476691 121557653803451
88750 727243 970424166227 970877791029 239575280210 241406167282 121557653803450 122514822655442
112791 919756 970313126369 970424166228 241406167281 241852096943 122514822655441 122748051416878
89582 729503 970264863277 970313126370 241852096942 242045646704 122748051416877 122849293622821
29910 243413 970237879718 970264863278 242045646703 242153787414 122849293622820 122905863249282
107621 875509 970220645684 970237879719 242153787413 242222828583 122905863249281 122941980692971
119356 970733 970208686106 970220645685 242222828582 242270727502 122941980692970 122967038573100
110830 901231 970199901103 970208686107 242270727501 242305905623 122967038573099 122985441978332
120855 982621 970193174832 970199901104 242305905622 242332836216 122985441978331 122999530863568
110841 901109 970187859538 970193174833 242332836215 242354115305 122999530863567 123010663237410
43888 356769 970183553405 970187859539 242354115304 242371352891 123010663237409 123019681324533
109037 886311 970179993959 970183553406 242371352890 242385600484 123019681324532 123027135199058
77162 627179 970177002484 970179993960 242385600483 242397573937 123027135199057 123033399349582
55459 450754 970174453084 970177002485 242397573936 242407777480 123033399349581 123038737559700
116951 950504 970172254508 970174453085 242407777479 242416576541 123038737559699 123043340999963
29555 240196 970170339004 970172254509 242416576540 242424242425 123043340999962 123047351604470
121921 990832 970168655210 970170339005 242424242424 242430980789 123047351604469 123050876963004
65489 532204 970167163481 970168655211 242430980788 242436950365 123050876963003 123054000116386
20968 170361 970142500145 970167163482 242436950364 242535625037 123054000116385 123105625617661
49197 399557 970120287058 970142500146 242535625036 242624460096 123105625617660 123152104817750
85389 693355 970119084231 970120287059 242624460095 242629269484 123152104817749 123154621172782
48146 390935 970117743682 970119084232 242629269483 242634629418 123154621172781 123157425587919
9165 74416 970116240323 970117743683 242634629417 242640640167 123157425587918 123160570529138
108223 878702 970114542577 970116240324 242640640166 242647427930 123160570529137 123164122026984
111330 903901 970112610135 970114542578 242647427929 242655153780 123164122026983 123168164363157
103149 837449 970110390721 970112610136 242655153779 242664026619 123168164363156 123172806844340
107133 869759 970107815283 970110390722 242664026618 242674322347 123172806844339 123178193834768
111437 904658 970104790687 970107815284 242674322346 242686413062 123178193834767 123184520035858
90383 733698 970101188214 970104790688 242686413061 242700812989 123184520035857 123192054520139
101216 821581 970096824763 970101188215 242700812988 242718253503 123192054520138 123201179988617
93624 759893 970091430754 970096824764 242718253502 242739811271 123201179988616 123212459828650
122959 997885 970084592231 970091430755 242739811270 242767139282 123212459828649 123226759012788
94407 766066 970075639278 970084592232 242767139281 242802912006 123226759012787 123245477059281
84841 688319 970063412047 970075639279 242802912005 242851758500 123245477059280 123271036360999
80828 655595 970045712758 970063412048 242851758499 242922446799 123271036360998 123308025405161
33962 275359 970017810483 970045712759 242922446798 243033839919 123308025405160 123366316093611
95503 773811 969967317119 970017810484 243033839918 243235284693 123366316093610 123471736093694
45047 364470 969848208397 969967317120 243235284692 243709771383 123471736093693 123720076675704
112741 907647 969373754146 969848208398 243709771382 245590156098 123720076675703 124704696394235
97327 780222 969336980682 969373754147 245590156097 245735259745 124704696394234 124780706478983
83144 666305 969334087965 969336980683 245735259744 245746670189 124780706478982 124786683828887
45280 362851 969331348394 969334087966 245746670188 245757476021 124786683828886 124792344478135
59329 475248 969287160715 969331348395 245757476020 245931697982 124792344478134 124883614176424
52669 421739 969285531300 969287160716 245931697981 245938119883 124883614176423 124886978537755
110113 881690 969283993327 969285531301 245938119882 245944181228 124886978537754 124890154015882
42939 343663 969230769230 969283993328 245944181227 246153846154 124890154015881 125000000000000
72723 581495 969170513604 969230769231 246153846153 246390981084 125000000000000 125124248703191
111338 889805 969168531093 969170513605 246390981083 246398779092 125124248703190 125128334726514
101985 815029 969166413542 969168531094 246398779091 246407107975 125128334726513 125132698932936
110947 886163 969101735442 969166413543 246407107974 246661359685 125132698932935 125265929761215
9200 73441 969097173922 969101735443 246661359684 246679280635 125265929761214 125275321046489
33123 264391 969092277295 969097173923 246679280634 246698516587 125275321046488 125285401517557
16714 133331 969022490466 969092277296 246698516586 246972494358 125285401517556 125428985983489
538 4289 969014535327 969022490467 246972494357 247003705084 125428985983488 125445343674083
103619 825951 969005945985 969014535328 247003705083 247037399284 125445343674082 125463003190787
84756 675127 968930194873 969005945986 247037399283 247334343477 125463003190786 125618645150890
19199 152820 968917710624 968930194874 247334343476 247383245266 125618645150889 125644278544968
95908 763245 968904138451 968917710625 247383245265 247436396862 125644278544967 125672140166109
45120 358787 968821339121 968904138452 247436396861 247760394056 125672140166108 125841989383470
119618 950397 968802704477 968821339122 247760394055 247833249983 125841989383469 125880185667664
80093 636158 968782279321 968802704478 247833249982 247913080076 125880185667663 125922039566918
22074 175169 968691033109 968782279322 247913080075 248269374618 125922039566917 126108856312220
102442 812151 968663866044 968691033110 248269374617 248375350268 126108856312219 126164427839480
113691 900914 968633790329 968663866045 248375350267 248492616050 126164427839479 126225922398510
111914 886373 968599839083 968633790330 248492616049 248624921777 126225922398509 126295307375560
13486 106767 968583068647 968599839084 248624921776 248690247356 126295307375559 126329567350328
48407 383023 968532254419 968583068648 248690247355 248888071530 126329567350327 126433321562770
96831 765748 968513137697 968532254420 248888071529 248962451202 126433321562769 126472334084964
118385 935902 968492932596 968513137698 248962451201 249041039811 126472334084963 126513555465034
48758 385331 968471542295 968492932597 249041039810 249124209509 126513555465033 126557181120161
124273 981772 968448857990 968471542296 249124209508 249212378219 126557181120160 126603430516582
87456 690605 968416120641 968448857991 249212378218 249339562206 126603430516581 126670148446376
17033 134441 968391739893 968416120642 249339562205 249434236034 126670148446375 126719814444409
65707 518414 968365833631 968391739894 249434236033 249534791672 126719814444408 126772568090470
123297 972340 968334546343 968365833632 249534791671 249656176285 126772568090469 126836251870042
116483 918169 968306832622 968334546344 249656176284 249763644066 126836251870041 126892636821526
85423 673032 968277323709 968306832623 249763644065 249878019022 126892636821525 126952648395531
103837 817713 968245836551 968277323710 249878019021 250000000001 126952648395530 127016653792584
91593 720916 968212161928 968245836552 249999999999 250130384988 127016653792583 127085072344006
125566 987815 968182791517 968212161929 250130384987 250244045305 127085072344005 127144717646483
117115 920852 968146911611 968182791518 250244045304 250382821969 127144717646482 127217546866710
104815 823651 968108441494 968146911612 250382821968 250531525976 127217546866709 127295590371470
103943 816374 968081631879 968108441495 250531525975 250635101329 127295590371469 127349951988293
121061 950308 968040798398 968081631880 250635101328 250792768308 127349951988292 127432707955603
3866 30327 967996898165 968040798399 250792768307 250962158784 127432707955602 127521623137530
61730 483893 967949565092 967996898166 250962158783 251144658390 127521623137529 127617426200544
86663 678809 967898371185 967949565093 251144658389 251341884805 127617426200543 127720967954885
59193 463376 967876659100 967898371186 251341884804 251425481541 127720967954884 127764857811262
85215 666682 967822506788 967876659101 251425481540 251633851765 127764857811261 127874262489074
125368 980205 967797234902 967822506789 251633851764 251731031291 127874262489073 127925289671711
11962 93483 967763736133 967797234903 251731031290 251859784454 127925289671710 127992898653952
35326 275987 967757903755 967763736134 251859784453 251882194129 127992898653951 128004666451813
115051 898724 967746724938 967757903756 251882194128 251925140412 128004666451812 128027218756714
58009 452878 967684765328 967746724939 251925140411 252163032482 128027218756713 128152149635533
127885 997744 967662918830 967684765329 252163032481 252246854332 128152149635532 128196172178637
104924 818171 967617272396 967662918831 252246854331 252421897148 128196172178636 128288108001571
89771 699495 967568816374 967617272397 252421897147 252607572293 128288108001570 128385635201156
122693 955470 967543450339 967568816375 252607572292 252704712472 128385635201155 128436661679891
27584 214715 967512310606 967543450340 252704712471 252823908731 128436661679890 128499276658810
118183 919358 967462338886 967512310607 252823908730 253015064446 128499276658809 128599698934319
103367 803768 967459022681 967462338887 253015064445 253027744394 128599698934318 128606360527253
21031 163528 967457445278 967459022682 253027744393 253033775563 128606360527252 128609529100671
79565 618389 967402225830 967457445279 253033775562 253244809341 128609529100670 128720404000683
99515 772929 967372223380 967402225831 253244809340 253359391838 128720404000682 128780608380439
75697 587661 967342260400 967372223381 253359391837 253473768353 128780608380438 128840707311022
70165 544334 967282462973 967342260401 253473768352 253701866026 128840707311021 128960569110196
20666 160247 967279624391 967282462974 253701866025 253712688365 128960569110195 128966256356891
95521 740658 967278127660 967279624392 253712688364 253718394585 128966256356890 128969255041660
70619 547286 967212554703 967278127661 253718394584 253968253969 128969255041659 129100565854470
111958 867023 967183921277 967212554704 253968253968 254077276479 129100565854469 129157865581333
18922 146463 967148752286 967183921278 254077276478 254211114925 129157865581332 129228211455530
103469 800557 967130696529 967148752287 254211114924 254279798312 129228211455529 129264313123890
5197 40187 967074537262 967130696530 254279798311 254493299280 129264313123889 129376540877701
111404 860553 966994643823 967074537263 254493299279 254796700953 129376540877700 129536042079312
112383 867380 966964558870 966994643824 254796700952 254910850864 129536042079311 129596056885868
68633 529542 966952353105 966964558871 254910850863 254957147035 129596056885867 129620398090300
74557 575081 966926585318 966952353106 254957147034 255054854109 129620398090299 129671771184880
96071 740729 966900358349 966926585319 255054854108 255154261232 129671771184879 129724040238204
120088 925351 966848566899 966900358350 255154261231 255350442891 129724040238203 129827200318124
74545 574139 966837822168 966848566900 255350442890 255391122838 129827200318123 129848592475928
37589 289471 966832275693 966837822169 255391122837 255412119285 129848592475927 129859633910485
110315 849381 966814892126 966832275694 255412119284 255477913648 129859633910484 129894233906078
31943 245848 966779064866 966814892127 255477913647 255613457659 129894233906077 129965516831349
97823 752469 966741670534 966779064867 255613457658 255754848345 129965516831348 130039878737426
98513 757349 966705227861 966741670535 255754848344 255892560317 130039878737425 130112310015328
17901 137543 966668902899 966705227862 255892560316 256029748598 130112310015327 130184469902446
26443 203054 966626621887 966668902900 256029748597 256189332054 130184469902445 130268414554483
37200 285499 966596622440 966626621888 256189332053 256302496062 130268414554482 130327944804282
7691 59001 966570631159 966596622441 256302496061 256400497231 130327944804281 130379500826218
107661 825694 966561557861 966570631160 256400497230 256434699025 130379500826217 130397494042024
106141 813864 966542750929 966561557862 256434699024 256505576209 130397494042023 130434782608696
62405 478229 966485126926 966542750930 256505576208 256722611840 130434782608695 130548972033719
20911 160128 966444418400 966485126927 256722611839 256875818526 130548972033718 130629585114063
69523 532148 966427847534 966444418401 256875818525 256938155030 130629585114062 130662386291808
125805 962576 966393697199 966427847535 256938155029 257066571170 130662386291807 130729960910570
124823 954619 966366479239 966393697200 257066571169 257168870203 130729960910569 130783794840810
112005 856208 966334734219 966366479240 257168870202 257288129225 130783794840809 130846556665684
122419 935455 966315333010 966334734220 257288129224 257360986143 130846556665683 130884900209906
124925 953886 966234939601 966315333011 257360986142 257662650561 130884900209905 131043674065006
32737 249616 966127685927 966234939602 257662650560 258064516130 131043674065005 131255217032016
97255 740809 966100347394 966127685928 258064516129 258166842882 131255217032015 131309087668672
82327 626923 966090124422 966100347395 258166842881 258205095794 131309087668671 131329226766621
65608 499477 966065581325 966090124423 258205095793 258296907799 131329226766620 131377564538757
92473 703590 966012064815 966065581326 258296907798 258496983797 131377564538756 131482908178671
32597 247912 966008746816 966012064816 258496983796 258509382951 131482908178670 131489436844834
131164 997509 966006603474 966008746817 258509382950 258517392150 131489436844833 131493654035633
129157 981800 965948051503 966006603475 258517392149 258736085225 131493654035632 131608810836199
28479 216332 965911348973 965948051504 258736085224 258873069136 131608810836198 131680947501042
16323 123934 965884624115 965911348974 258873069135 258972764778 131680947501041 131733450478640
130273 988731 965859848646 965884624116 258972764777 259065151600 131733450478639 131782106327636
128003 971200 965842837234 965859848647 259065151599 259128566088 131782106327635 131815504871114
131421 996845 965820990012 965842837235 259128566087 259209982931 131815504871113 131858386011612
11015 83496 965755633463 965820990013 259209982930 259453380078 131858386011611 131986588597930
64847 491312 965754792232 965755633464 259453380077 259456511347 131986588597929 131988237989433
131957 999737 965751246711 965754792233 259456511346 259469708204 131988237989432 131995189441069
117389 888745 965660587543 965751246712 259469708203 259806908426 131995189441068 132172822750594
107973 816799 965642615345 965660587544 259806908425 259873698996 132172822750593 132208010228702
120695 912736 965615758520 965642615346 259873698995 259973473448 132208010228701 132260576524646
2233 16880 965589024488 965615758521 259973473447 260072750953 132260576524645 132312883167591
129135 975854 965571270566 965589024489 260072750952 260138658136 132312883167590 132347609079679
24815 187377 965483337721 965571270567 260138658135 260464824079 132347609079678 132519477056739
99496 750731 965470352147 965483337722 260464824078 260512953852 132519477056738 132544840255079
110231 831634 965467637733 965470352148 260512953851 260523013357 132544840255078 132550141429518
101306 764261 965463488534 965467637734 260523013356 260538389314 132550141429517 132558244319125
76662 578035 965394896406 965463488535 260538389313 260792434692 132558244319124 132692129794337
45989 346504 965363393028 965394896407 260792434691 260909025143 132692129794336 132753579347361
132010 994209 965337397190 965363393029 260909025142 261005190727 132753579347360 132804266127103
125671 946007 965297005824 965337397191 261005190726 261154533843 132804266127102 132882985659755
93153 700937 965281775817 965297005825 261154533842 261210821512 132882985659754 132912656457569
104009 782219 965226371919 965281775818 261210821511 261415475729 132912656457568 133020541278879
59039 443758 965203050561 965226371920 261415475728 261501570142 133020541278878 133065929277509
51281 385250 965156745979 965203050562 261501570141 261672420578 133065929277508 133156004533772
131659 988639 965140327769 965156745980 261672420577 261732970243 133156004533771 133187928894482
21619 162306 965128918533 965140327770 261732970242 261775038175 133187928894481 133210109375325
110281 827585 965081274590 965128918534 261775038174 261950631675 133210109375324 133302695955493
86809 651028 965041393886 965081274591 261950631674 262097516367 133302695955492 133380150251407
6272 47021 965034121555 965041393887 262097516366 262124291577 133380150251406 133394269698072
130539 978265 964987714935 965034121556 262124291576 262295081968 133394269698071 133484336809641
88449 662531 964969837599 964987714936 262295081967 262360844114 133484336809640 133519018507803
111929 838188 964951431760 964969837600 262360844113 262428531879 133519018507802 133554716741178
132851 994578 964930257580 964951431761 262428531878 262506377076 133554716741177 133595773215229
132401 990864 964903435653 964930257581 262506377075 262604950191 133595773215228 133647763765784
116031 867308 964763821237 964903435654 262604950190 263117405793 133647763765783 133918083663794
90485 674946 964614275996 964763821238 263117405792 263665125765 133918083663793 134207070052418
104129 775772 964594358060 964614275997 263665125764 263737984369 134207070052417 134245516529378
52661 392242 964583075885 964594358061 263737984368 263779244283 134245516529377 134267289340129
67177 500259 964565297592 964583075886 263779244282 263844247010 134267289340128 134301591976923
131285 977329 964535422208 964565297593 263844247009 263953441548 134301591976922 134359217229229
58957 438766 964524208912 964535422209 263953441547 263994413620 134359217229228 134380840114904
60851 452622 964461677498 964524208913 263994413619 264222770854 134380840114903 134501361813472
57241 425569 964458286836 964461677499 264222770853 264235147079 134501361813471 134507894033252
102031 758525 964453633711 964458286837 264235147078 264252130401 134507894033251 134516857952712
45119 335296 964403964139 964453633712 264252130400 264433345007 134516857952711 134612508340102
87046 646415 964355000764 964403964140 264433345006 264611852532 134612508340101 134706737035083
48035 356516 964326147917 964355000765 264611852531 264716981782 134706737035082 134762234907815
108589 805520 964280527760 964326147918 264716981781 264883113434 134762234907814 134849941080031
64100 475311 964271026255 964280527761 264883113433 264917700283 134849941080030 134868201354030
94564 700955 964230244247 964271026256 264917700282 265066097567 134868201354029 134946551374356
104261 772473 964205392803 964230244248 265066097566 265156483022 134946551374355 134994275034826
112378 832319 964180734328 964205392804 265156483021 265246133902 134994275034825 135041612651110
48877 361815 964131994261 964180734329 265246133901 265423242468 135041612651109 135135135135136
124065 917977 964116029770 964131994262 265423242467 265481225589 135135135135135 135165754754293
133870 990367 964109398688 964116029771 265481225588 265505305710 135165754754292 135178471162105
87957 650399 964049950942 964109398689 265505305709 265721079497 135178471162104 135292424395094
121383 897055 964028708046 964049950943 265721079496 265798137808 135292424395093 135333122534391
89897 664095 963992618206 964028708047 265798137807 265928998126 135333122534390 135402239122831
6652 49113 963950285537 963992618207 265928998125 266082406432 135402239122830 135483269811151
43273 319324 963917743900 963950285538 266082406431 266200268584 135483269811150 135545528528392
75013 553377 963907876322 963917743901 266200268583 266235996746 135545528528391 135564401953561
77425 570872 963843591925 963907876323 266235996745 266468629120 135564401953560 135687297203772
27178 200253 963811120254 963843591926 266468629119 266586054539 135687297203771 135749335457419
108347 798015 963788819653 963811120255 266586054538 266666666667 135749335457418 135791926299760
54358 400165 963739536156 963788819654 266666666666 266844723479 135791926299759 135886006552766
116316 855925 963730021877 963739536157 266844723478 266879082982 135886006552765 135904161981611
119481 878884 963685875248 963730021878 266879082981 267038450128 135904161981610 135988374461362
58625 431051 963668659159 963685875249 267038450127 267100571611 135988374461361 136021202133193
123100 904363 963567147979 963668659160 267100571610 267466542457 136021202133192 136214614678163
15367 112799 963547332626 963567147980 267466542456 267537918411 136214614678162 136252339816360
133577 980307 963538889420 963547332627 267537918410 267568325058 136252339816359 136268411335759
34818 255473 963517909629 963538889421 267568325057 267643863787 136268411335758 136308338453881
30536 223989 963497112075 963517909630 267643863786 267718723704 136308338453880 136347908054941
71720 525977 963488843813 963497112076 267718723703 267748478702 136347908054940 136363636363637
135609 994333 963469663413 963488843814 267748478701 267817489501 136363636363636 136400115820836
41755 305922 963376085401 963469663414 267817489500 268153907444 136400115820835 136577963558617
136157 996658 963338591492 963376085402 268153907443 268288572514 136577963558616 136649161624819
98378 719751 963302533842 963338591493 268288572513 268418010372 136649161624818 136717599933964
129566 947617 963291323828 963302533843 268418010371 268458237789 136717599933963 136738870350016
46067 336862 963276080864 963291323829 268458237788 268512927128 136738870350015 136767788160085
86819 634581 963228282277 963276080865 268512927127 268684343090 136767788160084 136858431347672
61890 452119 963196301333 963228282278 268684343089 268798967814 136858431347671 136919047591620
79624 581341 963146643259 963196301334 268798967813 268976845802 136919047591619 137013119587646
83956 612743 963142902994 963146643260 268976845801 268990238505 137013119587645 137020202703481
116783 852117 963110974002 963142902995 268990238504 269104536854 137020202703480 137080654337654
117881 859731 963075926448 963110974003 269104536853 269229938707 137080654337653 137146981978385
103269 752944 963068902838 963075926449 269229938706 269255061950 137146981978384 137160270615310
130190 948919 963028772495 963068902839 269255061949 269398558544 137160270615309 137236174180236
46465 338426 962964019714 963028772496 269398558543 269629925520 137236174180235 137358567356335
112594 819379 962905508327 962964019715 269629925519 269838807500 137358567356334 137469076506736
19927 144922 962871097743 962905508328 269838807499 269961569731 137469076506735 137534028617806
135577 985760 962869532427 962871097744 269961569730 269967152674 137534028617805 137536982572240
107605 782078 962814831414 962869532428 269967152673 270162174276 137536982572239 137640173668602
126668 920117 962788389831 962814831415 270162174275 270256390129 137640173668601 137690028903922
22580 163941 962743343357 962788389832 270256390128 270416816825 137690028903921 137774924948432
137461 997553 962718640925 962743343358 270416816824 270504747492 137774924948431 137821459403715
78931 572527 962673200832 962718640926 270504747491 270666415353 137821459403714 137907021524457
4657 33764 962650940153 962673200833 270666415352 270745576919 137907021524456 137948919687703
63688 461609 962628979860 962650940154 270745576918 270823645817 137948919687702 137990240945173
44455 322066 962585942981 962628979861 270823645816 270976571636 137990240945172 138071187457699
5025 36383 962540441844 962585942982 270976571635 271138152633 138071187457698 138156721182006
6813 49309 962526838271 962540441845 271138152632 271186440678 138156721182005 138182283874829
67195 486156 962489929348 962526838272 271186440677 271317408036 138182283874828 138251617997026
30764 222461 962449675986 962489929349 271317408035 271460165022 138251617997025 138327198064511
130170 940799 962413529312 962449675987 271460165021 271588288768 138327198064510 138395034843724
126662 915025 962381973079 962413529313 271588288767 271700088132 138395034843723 138454231571063
137932 996021 962351264173 962381973080 271700088131 271808837869 138454231571062 138511816324815
8546 61687 962323216742 962351264174 271808837868 271908121466 138511816324814 138564390996064
109345 789054 962309403107 962323216743 271908121465 271957005226 138564390996063 138590277759114
4459 32171 962295727366 962309403108 271957005225 272005391660 138590277759113 138615901704099
94712 683145 962268783173 962295727367 272005391659 272100696306 138615901704098 138666373658506
113310 816901 962225240008 962268783174 272100696305 272254637227 138666373658505 138747902980433
88733 639444 962206045824 962225240009 272254637226 272322465800 138747902980432 138783827712110
105802 762097 962156582946 962206045825 272322465799 272497174100 138783827712109 138876365152230
102534 738163 962126726315 962156582947 272497174099 272602572457 138876365152229 138932194745616
72271 520087 962097571548 962126726316 272602572456 272705450661 138932194745615 138986691902976
75481 542958 962063932547 962097571549 272705450660 272824100275 138986691902975 139049546627400
25823 185676 962036041443 962063932548 272824100274 272922433971 139049546627399 139101641460975
134291 965267 962012987262 962036041444 272922433970 273003685575 139101641460974 139144688310893
52339 376091 961990381626 962012987263 273003685574 273083330979 139144688310892 139186885693097
78633 564808 961954072773 961990381627 273083330978 273211203785 139186885693096 139254637800302
125323 899732 961916952662 961954072774 273211203784 273341866864 139254637800301 139323872242800
23757 170491 961894719341 961916952663 273341866863 273420096012 139323872242799 139365325425702
136047 975986 961863502052 961894719342 273420096011 273529894928 139365325425701 139423509658578
135868 974409 961849757759 961863502053 273529894927 273578221900 139423509658577 139449119799958
111570 799933 961822851671 961849757760 273578221899 273672800991 139449119799957 139499242124460
79471 569656 961814520104 961822851672 273672800990 273702080585 139499242124459 139514759310516
57207 409978 961790894698 961814520105 273702080584 273785088849 139514759310515 139558751948588
81244 582049 961765111561 961790894699 273785088848 273875647298 139558751948587 139606747863599
124543 890669 961523947640 961765111562 273875647297 274721127898 139606747863598 140054944640260
70229 500612 961274236929 961523947641 274721127897 275593616428 140054944640259 140517634524920
104141 741079 961264999884 961274236930 275593616427 275625833327 140517634524919 140534722917685
49559 352608 961248648234 961264999885 275625833326 275682854504 140534722917684 140564968522203
66249 471263 961235037224 961248648235 275682854503 275730308838 140564968522202 140590140194451
60585 430883 961217217300 961235037225 275730308837 275792424052 140590140194450 140623089384759
135209 961373 961197232052 961217217301 275792424051 275862068966 140623089384758 140660033808412
134173 953759 961177685912 961197232053 275862068965 275930165266 140660033808411 140696157848355
108865 773609 961148040873 961177685913 275930165265 276033410162 140696157848354 140750929766082
98185 697481 961126460211 961148040874 276033410161 276108542934 140750929766081 140790789648357
133178 945649 961081406154 961126460212 276108542933 276265326714 140790789648356 140873971802600
82911 588455 961057452260 961081406155 276265326713 276348644751 140873971802599 140918178828516
139703 991170 961025593124 961057452261 276348644750 276459417201 140918178828515 140976955206275
9320 66093 960986044835 961025593125 276459417200 276596857595 140976955206274 141049885756519
77515 549509 960972583441 960986044836 276596857594 276643622506 141049885756518 141074701830058
134968 956631 960959463570 960972583442 276643622505 276689192733 141074701830057 141098884435419
129376 916603 960906954427 960959463571 276689192732 276871495344 141098884435418 141195631296177
16881 119504 960838259065 960906954428 276871495343 277109797583 141195631296176 141322108695828
134571 952138 960823591180 960838259066 277109797582 277160651303 141322108695827 141349100729283
10972 77621 960818809690 960823591181 277160651302 277177226598 141349100729282 141357898663597
73243 518107 960809403412 960818809691 277177226597 277209830841 141357898663596 141375204728083
43275 305981 960749432543 960809403413 277209830840 277417605546 141375204728082 141485495770870
140978 996185 960714182841 960749432544 277417605545 277539652821 141485495770869 141550285732422
134261 948260 960674546667 960714182842 277539652820 277676818236 141550285732421 141623105531357
25019 176648 960664919995 960674546668 277676818235 277710121331 141623105531356 141640786499874
72371 510661 960578349863 960664919996 277710121330 278009413103 141640786499873 141799695545079
5312 37459 960568885332 960578349864 278009413102 278042112875 141799695545078 141817058790660
127799 901127 960564264414 960568885333 278042112874 278058076542 141817058790659 141825535427725
13469 94966 960559715500 960564264415 278058076541 278073790491 141825535427724 141833879525474
74117 522532 960550827281 960559715501 278073790490 278104491529 141833879525473 141850181927476
137918 971749 960466366084 960550827282 278104491528 278396048141 141850181927475 142005011132362
44718 314837 960433185234 960466366085 278396048140 278510496570 142005011132361 142065793757899
7844 55211 960425165360 960433185235 278510496569 278538151323 142065793757898 142080481440322
141925 998398 960346226753 960425165361 278538151322 278810194864 142080481440321 142224975904217
114467 804531 960288328459 960346226754 278810194863 279009545043 142224975904216 142330870919402
138791 974905 960252502927 960288328460 279009545042 279132818963 142330870919401 142396358910516
35797 251381 960247013644 960252502928 279132818962 279151702104 142396358910515 142406390705116
140155 983864 960195296603 960247013645 279151702103 279329540831 142406390705115 142500872904922
72835 511009 960161492025 960195296604 279329540830 279445717861 142500872904921 142562599559998
120889 847959 960159217341 960161492026 279445717860 279453533444 142562599559997 142566752216539
140835 986848 960000000000 960159217342 279453533443 280000000000 142566752216538 142857142857143
69320 484811 959861137734 960000000000 280000000000 280475660739 142857142857142 143109965975844
133638 933655 959834445675 959861137735 280475660738 280566991813 143109965975843 143158516492003
140209 979175 959798768425 959834445676 280566991812 280689016759 143158516492002 143223386646194
62939 439436 959795043269 959798768426 280689016758 280701754386 143223386646193 143230158352518
41719 291166 959737407008 959795043270 280701754385 280898753271 143230158352517 143334893882305
107453 749460 959694456026 959737407009 280898753270 281045460864 143334893882304 143412897862074
126701 883446 959690155483 959694456027 281045460863 281060145641 143412897862073 143420706000034
143002 996731 959634727266 959690155484 281060145640 281249338176 143420706000033 143521307446970
126830 883667 959628543885 959634727267 281249338175 281270435277 143521307446969 143532526179195
61409 427823 959622142991 959628543886 281270435276 281292272699 143532526179194 143544138702827
57978 403685 959536390440 959622142992 281292272698 281584650543 143544138702826 143699628093568
32159 223779 959526325170 959536390441 281584650542 281618946994 143699628093567 143717868637845
109529 761940 959490674021 959526325171 281618946993 281740388419 143717868637844 143782459469833
58323 405613 959482601771 959490674022 281740388418 281767877692 143782459469832 143797080635760
143581 997762 959365501571 959482601772 281767877691 282166323992 143797080635759 144009029333871
18614 129175 959265860808 959365501572 282166323991 282504881883 144009029333870 144189151423376
126622 878001 959235872165 959265860809 282504881882 282606690564 144189151423375 144243321888020
82141 569412 959222021055 959235872166 282606690563 282653700351 144243321888019 144268335754333
55896 387343 959180063696 959222021056 282653700350 282796049138 144268335754332 144344082699373
109843 760878 959158561035 959180063697 282796049137 282868971067 144344082699372 144382887986843
50813 351836 959114754596 959158561036 282868971066 283017468570 144382887986842 144461914701744
52277 361705 959039906535 959114754597 283017468569 283270996878 144461914701743 144596848656355
140597 972249 959025226592 959039906536 283270996877 283320692432 144596848656354 144623299682545
81169 561218 959017708058 959025226593 283320692431 283346141018 144623299682544 144636845216758
25202 174235 959010066404 959017708059 283346141017 283372003795 144636845216757 144650611374663
107655 744169 958994400826 959010066405 283372003794 283425015099 144650611374662 144678828576025
88091 608645 958934255811 958994400827 283425015098 283628441860 144678828576024 144787116269099
31993 220930 958908185831 958934255812 283628441859 283716568332 144787116269098 144834030703434
118319 816811 958885088583 958908185832 283716568331 283794620971 144834030703433 144875583883935
136763 943911 958869370627 958885088584 283794620970 283847723387 144875583883934 144903855072231
11293 77900 958798112708 958869370628 283847723386 284088329692 144903855072230 145031960082181
42772 294785 958727280923 958798112709 284088329691 284327277646 145031960082180 145159196185269
87709 604142 958704724595 958727280924 284327277645 284403324591 145159196185268 145199692949663
20677 142372 958668490699 958704724596 284403324590 284525438125 145199692949662 145264724212178
86381 594566 958646866278 958668490700 284525438124 284598288427 145264724212177 145303522205162
28896 198839 958624475685 958646866279 284598288426 284673698497 145303522205161 145343684831207
63109 434135 958598221835 958624475686 284673698496 284762092094 145343684831206 145390764128596
130523 897621 958576848737 958598221836 284762092093 284834030736 145390764128595 145429080773150
93139 640283 958536356279 958576848738 284834030735 284970268083 145429080773149 145501648294325
140152 962847 958471208101 958536356280 284970268082 285189311233 145501648294324 145618332326115
119365 819516 958432424259 958471208102 285189311232 285319624505 145618332326114 145687755661339
133742 917741 958385683586 958432424260 285319624504 285476586601 145687755661338 145771381496923
122246 838425 958348828534 958385683587 285476586600 285600285096 145771381496922 145837289523616
23105 158397 958314847499 958348828535 285600285095 285714285715 145837289523615 145898033750316
13473 92330 958287760773 958314847500 285714285714 285805121635 145898033750315 145946437167777
116911 800945 958265493455 958287760774 285805121634 285879772026 145946437167776 145986217385161
114299 782800 958235467303 958265493456 285879772025 285980400029 145986217385160 146039842911586
125083 856413 958219013401 958235467304 285980400028 286035526389 146039842911585 146069221282668
92115 630572 958205085972 958219013402 286035526388 286082179132 146069221282667 146094084415027
15295 104586 958037765154 958205085973 286082179131 286642007629 146094084415026 146392481661979
136235 929848 957902162297 958037765155 286642007628 287094840542 146392481661978 146633905447215
93791 639512 957872522749 957902162298 287094840541 287193715393 146633905447214 146686626455764
127448 868777 957859535073 957872522750 287193715392 287237029417 146686626455763 146709722669622
30051 204824 957852243698 957859535074 287237029416 287261343104 146709722669621 146722687592170
136295 928903 957847575070 957852243699 287261343103 287276909849 146722687592169 146730988410955
22299 151969 957844329772 957847575071 287276909848 287287730198 146730988410954 146736758295211
66867 455687 957841942999 957844329773 287287730197 287295687803 146736758295210 146741001657455
115228 785173 957826285221 957841943000 287295687802 287347885567 146741001657454 146768836303517
70536 480539 957807902622 957826285222 287347885566 287409153776 146768836303516 146801508661921
119578 814539 957804523203 957807902623 287409153775 287420415648 146801508661920 146807514356553
88247 601089 957799621352 957804523204 287420415647 287436750149 146807514356552 146816225222387
56885 387439 957791869141 957799621353 287436750148 287462580880 146816225222386 146830000374479
143870 979757 957777761067 957791869142 287462580879 287509583154 146830000374478 146855066428584
140305 955203 957744048110 957777761068 287509583153 287621866884 146855066428583 146914948949152
138727 943200 957556611027 957744048111 287621866883 288245271736 146914948949151 147247476834806
98145 666326 957505486555 957556611028 288245271735 288415053726 147247476834805 147338056371347
128255 870267 957464539859 957505486556 288415053725 288550957218 147338056371346 147410566752163
118878 806413 957458652447 957464539860 288550957217 288570492002 147410566752162 147420989782225
11721 79487 957416746641 957458652448 288570492001 288709496295 147420989782224 147495160031670
144867 982124 957407006199 957416746642 288709496294 288741795521 147495160031669 147512395023601
68733 465916 957395809040 957407006200 288741795520 288778920340 147512395023600 147532205293195
126053 854151 957345209931 957395809041 288778920339 288946619676 147532205293194 147621696065230
82537 559053 957327710786 957345209932 288946619675 289004591936 147621696065229 147652633916603
127077 860542 957307058342 957327710787 289004591935 289072994325 147652633916602 147689139060896
145497 984782 957243382841 957307058343 289072994324 289283781100 147689139060895 147801639609737
94523 639404 957211427298 957243382842 289283781099 289389501277 147801639609736 147858068494801
78212 528843 957172229602 957211427299 289389501276 289519123509 147858068494800 147927259098166
32407 218985 957104155601 957172229603 289519123508 289744085930 147927259098165 148047351031263
147517 996315 957086847673 957104155602 289744085929 289801252603 148047351031262 148077870405687
135649 915725 957024404433 957086847674 289801252602 290007395283 148077870405686 148187929913334
126933 856375 956986539083 957024404434 290007395282 290132321559 148187929913333 148254633215034
91307 615720 956942897795 956986539084 290132321558 290276231129 148254633215033 148331477354789
122215 823867 956929671260 956942897796 290276231128 290319830982 148331477354788 148354759624161
69922 471179 956880576642 956929671261 290319830981 290481603624 148354759624160 148441150211655
146638 987517 956823179917 956880576643 290481603623 290670608031 148441150211654 148542091597088
15096 101623 956815265041 956823179918 290670608030 290696660773 148542091597087 148556006264657
102682 691045 956777203164 956815265042 290696660772 290821910290 148556006264656 148622903935642
38358 258049 956750699412 956777203165 290821910289 290909090910 148622903935641 148669470769283
14596 98133 956673880428 956750699413 290909090909 291161615783 148669470769282 148804365763231
39821 267512 956614032718 956673880429 291161615782 291358185753 148804365763230 148909381656564
148597 997708 956580979465 956614032719 291358185752 291466687163 148909381656563 148967351835572
134501 902735 956551969217 956580979466 291466687162 291561880543 148967351835571 149018214251051
110034 738091 956482388302 956551969218 291561880542 291790063003 149018214251050 149140142914946
147623 989798 956477330127 956482388303 291790063002 291806643090 149140142914945 149149002953586
134249 900086 956474703473 956477330128 291806643089 291815252541 149149002953585 149153603684494
145601 976134 956466402108 956474703474 291815252540 291842460306 149153603684493 149168143133599
34995 234497 956390801813 956466402109 291842460305 292090113161 149168143133598 149300493996372
24493 164014 956351571051 956390801814 292090113160 292218535600 149300493996371 149369131767039
83533 559107 956311331765 956351571052 292218535599 292350195376 149369131767038 149439504146494
144480 966599 956273544988 956311331766 292350195375 292473771740 149439504146493 149505559940039
117539 785974 956227647393 956273544989 292473771739 292623796640 149505559940038 149585758604815
99208 663139 956207187360 956227647394 292623796639 292690646998 149585758604814 149621496581927
12925 86381 956199955507 956207187361 292690646997 292714272095 149621496581926 149634126751722
140267 937317 956184817128 956199955508 292714272094 292763719564 149634126751721 149660562233215
18109 120949 956111824861 956184817129 292763719563 293002010845 149660562233214 149787965657574
124938 833881 956066916347 956111824862 293002010844 293148514352 149787965657573 149866301557355
68191 454929 956035467002 956066916348 293148514351 293251062800 149866301557354 149921137804786
40810 272157 956002105992 956035467003 293251062799 293359801845 149921137804785 149979287315479
13503 90011 955961114435 956002105993 293359801844 293493352033 149979287315478 150050709017685
17287 115206 955958543049 955961114436 293493352032 293501727373 150050709017684 150055188243084
76639 510616 955917115361 955958543050 293501727372 293636626734 150055188243083 150127336392223
54299 361632 955891221385 955917115362 293636626733 293720909843 150127336392222 150172415843257
97306 647541 955779008721 955891221386 293720909842 294085848838 150172415843256 150367627183861
109444 727399 955673407691 955779008722 294085848837 294428833222 150367627183860 150551125798049
104954 697041 955650782627 955673407692 294428833221 294502260881 150551125798048 150590413941488
89643 595157 955615820314 955650782628 294502260880 294615688592 150590413941487 150651107201733
143357 951285 955561463222 955615820315 294615688591 294791943589 150651107201732 150745424847355
102379 679125 955554649413 955561463223 294791943588 294814029492 150745424847354 150757244027855
64352 426725 955500281251 955554649414 294814029491 294990190564 150757244027854 150851520397098
136783 906606 955474691181 955500281252 294990190563 295073066395 150851520397097 150895875934874
135111 895112 955420152691 955474691182 295073066394 295249609366 150895875934873 150990368468531
141954 940085 955407599659 955420152692 295249609365 295290227594 150990368468530 151012110030099
134843 892903 955402640982 955407599660 295290227593 295306270850 151012110030098 151020697558649
119179 789105 955391206475 955402640983 295306270849 295343262306 151020697558648 151040498355429
42449 280948 955331682727 955391206476 295343262305 295535743992 151040498355428 151143535698661
148187 980182 955285890691 955331682728 295535743991 295683728072 151143535698660 151222759535479
82792 547337 955239004375 955285890692 295683728071 295835164441 151222759535478 151303837422579
74120 489813 955216768729 955239004376 295835164440 295906952840 151303837422578 151342274458681
118690 784153 955195367474 955216768730 295906952839 295976029359 151342274458680 151379260754206
48299 318962 955141764716 955195367475 295976029358 296148964703 151379260754205 151471862576143
65760 434027 955096070979 955141764717 296148964702 296296296297 151471862576142 151550760443094
72643 479244 955064136811 955096070980 296296296296 296399214873 151550760443093 151605877930884
115877 764228 955040562644 955064136812 296399214872 296475165407 151605877930883 151646554588935
145318 958169 955022446531 955040562645 296475165406 296533516860 151646554588934 151677806761373
141892 935073 954945316881 955022446532 296533516859 296781808349 151677806761372 151810797870360
69904 460449 954938084055 954945316882 296781808348 296805080180 151810797870359 151823263662500
109203 719057 954884133998 954938084056 296805080179 296978602996 151823263662499 151916217350344
146651 965216 954861231307 954884133999 296978602995 297052232691 151916217350343 151955662086465
121021 796403 954856776330 954861231308 297052232690 297066552637 151955662086464 151963333699480
32103 211247 954850169405 954856776331 297066552636 297087788351 151963333699479 151974710389770
135788 893105 954773893274 954850169406 297087788350 297332831557 151974710389769 152105996800591
91475 601336 954758063246 954773893275 297332831556 297383659044 152105996800590 152133230518587
98639 648295 954736922039 954758063247 297383659043 297451524949 152133230518586 152169594585480
88540 581653 954676727926 954736922040 297451524948 297644662570 152169594585479 152273088596628
61807 405773 954623111779 954676727927 297644662569 297816578547 152273088596627 152365219029377
126806 831987 954566955909 954623111780 297816578546 297996521264 152365219029376 152461659275574
151227 991765 954542448154 954566955910 297996521263 298075015175 152461659275573 152503730710144
101543 665788 954528715605 954542448155 298075015174 298118988133 152503730710143 152527300188587
121759 798058 954479978035 954528715606 298118988132 298274993136 152527300188586 152610922848043
71428 467871 954415725293 954479978036 298274993135 298480524177 152610922848042 152721102431591
72069 471830 954389505268 954415725294 298480524176 298564351914 152721102431590 152766043364788
111877 732086 954327126643 954389505269 298564351913 298763678102 152766043364787 152872911616964
144725 946571 954302529974 954327126644 298763678101 298842234775 152872911616963 152915032443042
121499 794341 954254992511 954302529975 298842234774 298993995371 152915032443041 152996408614167
137406 897955 954226213925 954254992512 298993995370 299085828246 152996408614166 153045653627040
61307 400460 954172671156 954226213926 299085828245 299256601630 153045653627039 153137236051891
126956 828913 954146487587 954172671157 299256601629 299340074538 153137236051890 153182003723192
97271 634933 954126787016 954146487588 299340074537 299402862874 153182003723191 153215679178572
145072 946671 954093210193 954126787017 299402862873 299509843348 153215679178571 153273058718756
134408 876441 953995389212 954093210194 299509843347 299821275700 153273058718755 153440114216674
46689 304280 953994457152 953995389213 299821275699 299824241386 153440114216673 153441705163321
99204 646523 953993716901 953994457153 299824241385 299826596741 153441705163320 153442968698935
153145 998052 953992615407 953993716902 299826596740 299830101473 153442968698934 153444848822816
151409 986703 953987262694 953992615408 299830101472 299847132082 153444848822815 153453984990664
69443 452227 953865494542 953987262695 299847132081 300234272397 153453984990663 153661689218187
148059 963452 953849250739 953865494543 300234272396 300285875233 153661689218186 153689377580744
116978 761043 953828009231 953849250740 300285875232 300353339928 153689377580743 153725577946548
126133 820289 953779923267 953828009232 300353339927 300506003222 153725577946547 153807498809123
26938 175119 953757225433 953779923268 300506003221 300578034683 153807498809122 153846153846154
64829 421241 953693934158 953757225434 300578034682 300778789061 153846153846153 153953894109046
90009 584498 953647160374 953693934159 300778789060 300927056793 153953894109045 154033472827734
140359 911128 953628072095 953647160375 300927056792 300987541457 154033472827733 154065938013150
92077 597497 953582665134 953628072096 300987541456 301131367938 154065938013149 154143140861880
58768 381167 953540301444 953582665135 301131367937 301265486773 154143140861879 154215137793671
76010 492839 953524141316 953540301445 301265486772 301316630685 154215137793670 154242593839416
129733 840930 953488050355 953524141317 301316630684 301430817650 154242593839415 154303896353396
141753 918274 953411399750 953488050356 301430817649 301673172202 154303896353395 154434018476586
99773 645816 953343780879 953411399751 301673172201 301886792453 154434018476585 154548725835055
132229 855574 953342225350 953343780880 301886792452 301891704695 154548725835054 154551363696751
152629 987556 953341182193 953342225351 301891704694 301894998856 154551363696750 154553132657007
93680 606117 953335891516 953341182194 301894998855 301911705546 154553132657006 154562104171168
151417 979213 953254218877 953335891517 301911705545 302169479252 154562104171167 154700538379252
126467 817390 953230637699 953254218878 302169479251 302243860734 154700538379251 154740487324088
36555 236179 953187903332 953230637700 302243860733 302378605295 154740487324087 154812859929241
74653 482135 953157760144 953187903333 302378605294 302473609224 154812859929240 154863890360262
21322 137657 953124267144 953157760145 302473609223 302579132427 154863890360261 154920573932149
123263 795440 953075252047 953124267145 302579132426 302733486644 154920573932148 155003493248096
87016 561363 953069408348 953075252048 302733486643 302751883347 155003493248095 155013376407844
139271 898168 953012847179 953069408349 302751883346 302929881509 155013376407843 155109006039479
30938 199433 952988248026 953012847180 302929881508 303007259193 155109006039478 155150579886381
121552 783179 952925780013 952988248027 303007259192 303203657277 155150579886380 155256108747199
119783 771142 952835909400 952925780014 303203657276 303485963031 155256108747198 155407815664180
47639 306475 952795718487 952835909401 303485963030 303612119048 155407815664179 155475616918441
130343 838253 952774359192 952795718488 303612119047 303679140650 155475616918440 155511638720667
115529 742775 952744267711 952774359193 303679140649 303773534633 155511638720666 155562374272711
132745 853202 952718023854 952744267712 303773534632 303855832628 155562374272710 155606610332703
115151 739778 952659211218 952718023855 303855832627 304040173794 155606610332702 155705702278403
134415 863086 952621250181 952659211219 304040173793 304159092751 155705702278402 155769631577278
151679 973624 952599351117 952621250182 304159092750 304227671739 155769631577277 155806500480747
108881 698740 952577642996 952599351118 304227671738 304295635958 155806500480746 155843040121202
155908 999701 952444951737 952577642997 304295635957 304710705277 155843040121201 156066220973763
115919 742696 952430144286 952444951738 304710705276 304756985572 156066220973762 156091108541423
124253 796018 952427650682 952430144287 304756985571 304764778504 156091108541422 156095299304457
112729 722167 952424147199 952427650683 304764778503 304775727104 156095299304456 156101187101672
86522 554259 952420900290 952424147200 304775727103 304785873508 156101187101671 156106643532801
155293 994777 952418864650 952420900291 304785873507 304792234578 156106643532800 156110064339015
52036 333313 952409987036 952418864651 304792234577 304819974073 156110064339014 156124981994815
74287 475429 952258018732 952409987037 304819974072 305294391955 156124981994814 156380144952575
153785 983374 952252162122 952258018733 305294391954 305312658980 156380144952574 156389970979807
52093 333031 952215316531 952252162123 305312658979 305427554360 156389970979806 156451776488411
140199 895856 952161074701 952215316532 305427554359 305596609641 156451776488410 156542722627130
71601 457336 952139216508 952161074702 305596609640 305664705826 156542722627129 156579358295843
61863 395026 952108752381 952139216509 305664705825 305759584705 156579358295842 156630405110096
9849 62875 952092360776 952108752382 305759584704 305810622038 156630405110095 156657865264020
89083 568453 952028561285 952092360777 305810622037 306009180414 156657865264019 156764704411721
10951 69835 951971461292 952028561286 306009180413 306186767978 156764704411720 156860268732753
154103 982290 951946236273 951971461293 306186767977 306265184513 156860268732752 156902469351331
75677 482294 951936616041 951946236274 306265184512 306295084909 156902469351330 156918560977496
147812 941733 951890117609 951936616042 306295084908 306439560104 156918560977495 156996317230789
80551 512995 951860557856 951890117610 306439560103 306531366090 156996317230788 157045729960366
29809 189795 951844758917 951860557857 306531366089 306580421621 157045729960365 157072134051726
58779 374113 951792689162 951844758918 306580421620 306742036339 157072134051725 157159127627751
90709 577016 951739408948 951792689163 306742036338 306907310851 157159127627750 157248098513158
140239 891687 951708617760 951739408949 306907310850 307002779923 157248098513157 157299494980467
110443 701992 951674448414 951708617761 307002779922 307108684727 157299494980466 157356512494008
17691 112378 951593455118 951674448415 307108684726 307359555206 157356512494007 157491589449352
75874 481707 951570542876 951593455119 307359555205 307430483084 157491589449351 157529782464394
71438 453475 951564769177 951570542877 307430483083 307448353483 157529782464393 157539405475312
140043 888569 951485913604 951564769178 307448353482 307692307693 157539405475311 157670780786755
133729 847968 951444518554 951485913605 307692307692 307820285415 157670780786754 157739706401026
107654 682351 951409028913 951444518555 307820285414 307929959084 157739706401025 157798777458046
30994 196355 951351351351 951409028914 307929959083 308108108109 157798777458045 157894736842106
138384 876329 951329033501 951351351352 308108108108 308177010853 157894736842105 157931853399181
149861 948850 951319702817 951329033502 308177010852 308205812779 157931853399180 157947368815796
81704 517149 951269275021 951319702818 308205812778 308361421712 157947368815795 158031198286810
132260 836719 951222818948 951269275022 308361421711 308504698038 158031198286809 158108389796121
121802 770165 951172077787 951222818949 308504698037 308661106131 158108389796120 158192662576757
149432 944477 951143164283 951172077788 308661106130 308750191963 158192662576756 158240665069910
8213 51878 951055089350 951143164284 308750191962 309021386024 158240665069909 158386807071765
21829 137810 951040089786 951055089351 309021386023 309067545400 158386807071764 158411683602654
5639 35596 951034068730 951040089787 309067545399 309086072338 158411683602653 158421668432784
74561 470636 951028790426 951034068731 309086072337 309102312803 158421668432783 158430421078019
108928 687513 951019972872 951028790427 309102312802 309129440846 158430421078018 158445041641753
152935 964743 950924586743 951019972873 309129440845 309422737250 158445041641752 158603125591090
140493 885800 950921381868 950924586744 309422737249 309432586367 158603125591089 158608434579993
142956 901079 950871431486 950921381869 309432586366 309586047461 158608434579992 158691158455719
68383 430824 950829253659 950871431487 309586047460 309715563679 158691158455718 158760979771586
69271 436288 950814047649 950829253660 309715563678 309762242362 158760979771585 158786145063473
40379 254229 950761945910 950814047650 309762242361 309922122812 158786145063472 158872343937892
105707 665288 950741704098 950761945911 309922122811 309984212645 158872343937891 158905821305431
153574 966387 950729839481 950741704099 309984212644 310020599831 158905821305430 158925440907452
133694 841179 950716528649 950729839482 310020599830 310061416742 158925440907451 158947449405173
17714 111427 950684361442 950716528650 310061416741 310160031126 158947449405172 159000624219969
95546 600843 950661021725 950684361443 310160031125 310231561536 159000624219968 159039196498070
27506 172921 950627538461 950661021726 310231561535 310334147524 159039196498069 159094517740939
71841 451510 950605456490 950627538462 310334147523 310401781712 159094517740938 159130992214969
118567 745017 950586428682 950605456491 310401781711 310460048324 159130992214968 159162415855448
127712 802271 950555310817 950586428683 310460048323 310555310818 159162415855447 159213793679730
123423 774962 950495325175 950555310818 310555310817 310738856308 159213793679729 159312792138808
65062 408219 950413659795 950495325176 310738856307 310988545246 159312792138807 159447481145295
111710 700547 950397129044 950413659796 310988545245 311039060415 159447481145294 159474732495620
62747 393438 950386087727 950397129045 311039060414 311072795748 159474732495619 159492932042737
84529 529775 950309027802 950386087728 311072795747 311308129798 159492932042736 159619898877291
81849 512605 950244950404 950309027803 311308129797 311503666482 159619898877290 159725405988907
98656 617611 950229540973 950244950405 311503666481 311550669172 159725405988906 159750769140807
54587 341662 950207370774 950229540974 311550669171 311618280153 159750769140806 159787253818419
99344 621567 950157464068 950207370775 311618280152 311770417898 159787253818418 159869356009317
127843 799540 950125437087 950157464069 311770417897 311868007014 159869356009316 159922024031055
75252 470473 950091807135 950125437088 311868007013 311970444135 159922024031054 159977311320725
111451 696500 950044974415 950091807136 311970444134 312113034955 159977311320724 160054275183303
139180 869521 950031749040 950044974416 312113034954 312153288971 160054275183302 160076003441504
56458 352679 950022928412 950031749041 312153288970 312180133081 160076003441503 160090493568905
123135 768976 949976602947 950022928413 312180133080 312321074942 160090493568904 160166575573022
145099 905728 949934034068 949976602948 312321074941 312450525552 160166575573021 160236459332784
148977 929636 949913821945 949934034069 312450525551 312511969175 160236459332783 160269631230408
96972 604877 949856209317 949913821946 312511969174 312687034624 160269631230407 160364150510067
93451 582592 949805694936 949856209318 312687034623 312840441545 160364150510066 160446983182672
121827 759227 949787506721 949805694937 312840441544 312895656850 160446983182671 160476798508130
50761 316215 949726410541 949787506722 312895656849 313081051998 160476798508129 160576914947995
55541 345864 949715023073 949726410542 313081051997 313115593591 160576914947994 160595569036796
52469 326643 949671723346 949715023074 313115593590 313246896035 160595569036795 160666481584291
34094 212167 949637897697 949671723347 313246896034 313349426769 160666481584290 160721858730301
113046 703309 949622486600 949637897698 313349426768 313396127837 160721858730300 160747083084311
72756 452509 949577923893 949622486601 313396127836 313531125176 160747083084310 160820001772082
154367 959843 949571495518 949577923894 313531125175 313550593844 160820001772081 160830518174995
118852 738861 949537399639 949571495519 313550593843 313653832569 160830518174994 160886286473110
143849 893996 949513726494 949537399640 313653832568 313725490197 160886286473109 160924996799188
85030 528347 949500388523 949513726495 313725490196 313765855686 160924996799187 160946803361945
60119 373469 949466452572 949500388524 313765855685 313868532095 160946803361944 161002274073665
101221 628682 949463010397 949466452573 313868532094 313878944637 161002274073664 161007899592286
123343 765960 949435223729 949463010398 313878944636 313962984989 161007899592285 161053304652744
135661 842263 949418130354 949435223730 313962984988 314014671241 161053304652743 161081230522574
136148 845163 949406390428 949418130355 314014671240 314050164488 161081230522573 161100407810832
137913 855946 949378134118 949406390429 314050164487 314135573373 161100407810831 161146556368177
126206 783033 949342265865 949378134119 314135573372 314243953389 161146556368176 161205119742659
15213 94355 949309918045 949342265866 314243953388 314341660459 161205119742658 161257918788578
61345 380359 949280596730 949309918046 314341660458 314430196818 161257918788577 161305764467422
145969 904799 949253896243 949280596731 314430196817 314510795469 161305764467421 161349322463436
83360 515161 948683298050 949253896244 314510795468 316227766017 161349322463435 162277660168380
114001 700766 948185645589 948683298051 316227766016 317716825961 162277660168379 163083444680889
123429 756770 948165455140 948185645590 317716825960 317777075444 163083444680888 163116061115540
113699 696968 948143557427 948165455141 317777075443 317842405147 163116061115539 163151428925569
146275 896454 948119726391 948143557428 317842405146 317913485760 163151428925568 163189911509536
64129 392921 948093694232 948119726392 317913485759 317991111444 163189911509535 163231939195087
144257 883630 948065141308 948093694233 317991111443 318076229599 163231939195086 163278025387150
32977 201937 948033682957 948065141309 318076229598 318169979695 163278025387149 163328787627249
7099 43457 947998852080 948033682958 318169979694 318273744525 163328787627248 163384975398962
156482 957567 947960075823 947998852081 318273744524 318389218796 163384975398961 163447507342078
81010 495527 947916643853 947960075824 318389218795 318518502297 163447507342077 163517521810318
94331 576747 947867664513 947916643854 318518502296 318664228570 163517521810317 163596446706796
129247 790005 947859824230 947867664514 318664228569 318687548566 163596446706795 163609077306877
72442 442693 947822219253 947859824231 318687548565 318799373730 163609077306876 163669646325025
73201 447226 947812003041 947822219254 318799373729 318829745930 163669646325024 163686097750595
163335 997703 947781014220 947812003042 318829745929 318921854196 163686097750594 163735990785177
30214 184499 947748192718 947781014221 318921854195 319019377468 163735990785176 163788819653398
24608 150233 947735665982 947748192719 319019377467 319056589691 163788819653397 163808978427287
66057 403157 947685516298 947735665983 319056589690 319205517181 163808978427286 163889660065456
137540 839177 947674303977 947685516299 319205517180 319238803376 163889660065455 163907693767414
111577 680582 947629759631 947674303978 319238803375 319371004728 163907693767413 163979320580637
752 4585 947587746359 947629759632 319371004727 319495638390 163979320580636 164046851797624
34796 212089 947567399487 947587746360 319495638389 319555978554 164046851797623 164079547972128
65322 397975 947497188227 947567399488 319555978553 319764097892 164079547972127 164192328401793
68603 417796 947484959331 947497188228 319764097891 319800331209 164192328401792 164211964603729
30644 186551 947417542586 947484959332 319800331208 320000000001 164211964603728 164320179418248
154450 939831 947395259336 947417542587 319999999999 320065965993 164320179418247 164355933628562
142519 866991 947360911864 947395259337 320065965992 320167616526 164355933628561 164411031655581
80464 489359 947340570768 947360911865 320167616525 320227798570 164411031655580 164443653758623
100916 613639 947326422578 947340570769 320227798569 320269650584 164443653758622 164466340552901
161973 984622 947281032508 947326422579 320269650583 320403878643 164466340552900 164539105190107
61429 373231 947221153878 947281032509 320403878642 320580856642 164539105190106 164635052368535
68469 415873 947215969572 947221153879 320580856641 320596174317 164635052368534 164643357145048
97148 590029 947208257043 947215969573 320596174316 320618960432 164643357145047 164655711206687
135353 821782 947144575627 947208257044 320618960431 320807033681 164655711206686 164757685533932
101964 618733 947098160212 947144575628 320807033680 320944037058 164757685533931 164831975919844
55063 334003 947065879415 947098160213 320944037057 321039281158 164831975919843 164883625434505
106463 645529 947015828866 947065879416 321039281157 321186892441 164883625434504 164963678095930
155733 943924 946989557330 947015828867 321186892440 321264343350 164963678095929 165005683846634
141781 859204 946978700315 946989557331 321264343349 321296344750 165005683846633 165023040415268
17409 105481 946952547630 946978700316 321296344749 321373416039 165023040415267 165064842710253
146683 888509 946922401071 946952547631 321373416038 321462231605 165064842710252 165113017050851
78770 476973 946881588720 946922401072 321462231604 321582426358 165113017050850 165178215368118
66511 402600 946849703262 946881588721 321582426357 321676296037 165178215368117 165229136844855
129389 782815 946777435144 946849703263 321676296036 321888937837 165229136844854 165344498053863
143870 870103 946772744819 946777435145 321888937836 321902733239 165344498053862 165351982708446
17231 104207 946770748997 946772744820 321902733238 321908603245 165351982708445 165355167479470
13869 83872 946765796624 946770748998 321908603244 321923168383 165355167479469 165363069836652
145922 882089 946684694977 946765796625 321923168382 322161587245 165363069836651 165492433405052
127671 771332 946649906050 946684694978 322161587244 322263797805 165492433405051 165547896826603
81551 492472 946590539354 946649906051 322263797804 322438134850 165547896826602 165642505874004
147933 892967 946562830415 946590539355 322438134849 322519469298 165642505874003 165686647385653
104997 633548 946510188178 946562830416 322519469297 322673927789 165686647385652 165770479778523
94183 568090 946487082670 946510188179 322673927788 322741696003 165770479778522 165807263184886
142354 858333 946434148017 946487082671 322741696002 322896892934 165807263184885 165891506405339
157501 949393 946427838917 946434148018 322896892933 322915384772 165891506405338 165901544519380
13150 79243 946372876661 946427838918 322915384771 323076427985 165901544519379 165988969461123
141991 855330 946349856067 946372876662 323076427984 323143853292 165988969461122 166025574633496
110000 662483 946329197083 946349856068 323143853291 323204348280 166025574633495 166058418464912
119078 716963 946293642805 946329197084 323204348279 323308431047 166058418464911 166114929390073
121379 730527 946246156297 946293642806 323308431046 323447386283 166114929390072 166190378969061
133190 801307 946213964201 946246156298 323447386282 323541549033 166190378969060 166241510432147
54855 329893 946163984953 946213964202 323541549032 323687679063 166241510432146 166320865849724
42966 258259 946104748280 946163984954 323687679062 323860780708 166320865849723 166414876174505
150482 904181 946086859220 946104748281 323860780707 323913035877 166414876174504 166443257320163
164099 985787 946059486625 946086859221 323913035876 323992974872 166443257320162 166486675817669
120003 720407 945945945945 946059486626 323992974871 324324324325 166486675817668 166666666666667
141471 848327 945822136424 945945945946 324324324324 324685211012 166666666666666 166862738856494
99170 594227 945788842488 945822136425 324685211011 324782181509 166862738856493 166915430089890
118879 712135 945766335222 945788842489 324782181508 324847716876 166915430089889 166951041857006
96091 575475 945733711272 945766335223 324847716875 324942683198 166951041857005 167002648571664
75263 450569 945686599304 945733711273 324942683197 325079768512 167002648571663 167077148307024
136701 817913 945614770126 945686599305 325079768511 325288651075 167077148307023 167190677244462
144803 866086 945612585028 945614770127 325288651074 325295003092 167190677244461 167194129805262
104563 625248 945561547840 945612585029 325295003091 325443327243 167194129805261 167274752938771
65725 392872 945537585866 945561547841 325443327242 325512939397 167274752938770 167312593578917
53529 319856 945485846273 945537585867 325512939396 325663191806 167312593578916 167394274509288
113699 679208 945479373133 945485846274 325663191805 325681984427 167394274509287 167404491110929
93533 558551 945413438293 945479373134 325681984426 325873335352 167404491110928 167508524891035
128502 766991 945372981626 945413438294 325873335351 325990683320 167508524891034 167572330035594
105165 627499 945345629703 945372981627 325990683319 326069993101 167572330035593 167615455126217
23583 140684 945325903694 945345629704 326069993100 326127177347 167615455126216 167646550497007
71804 428061 945204162524 945325903695 326127177346 326479847995 167646550497006 167838345343941
99787 594510 945192571068 945204162525 326479847994 326513404928 167838345343940 167856596711360
130728 778799 945190205468 945192571069 326513404927 326520252799 167856596711359 167860321258138
109690 653449 945186626686 945190205469 326520252798 326530612245 167860321258137 167865955772648
71956 428381 945051879773 945186626687 326530612244 326920394802 167865955772647 168077981981465
101049 601127 945024824494 945051879774 326920394801 326998594936 168077981981464 168120525156235
154653 919727 944986073440 945024824495 326998594935 327110563884 168120525156234 168181442710579
81347 483603 944949363377 944986073441 327110563883 327216595931 168181442710578 168239133672154
124591 740478 944925944322 944949363378 327216595930 327284218602 168239133672153 168275928220825
108155 642467 944840173211 944925944323 327284218601 327531749739 168275928220824 168410625330391
131996 783701 944819974072 944840173212 327531749738 327590012964 168410625330390 168442332622566
59864 355317 944771280247 944819974073 327590012963 327730419736 168442332622565 168518747198672
30265 179582 944756611917 944771280248 327730419735 327772702094 168518747198671 168541759974104
167599 994280 944729299173 944756611918 327772702093 327851416473 168541759974103 168584602808924
66008 391441 944673664234 944729299174 327851416472 328011688971 168584602808923 168671841966597
123785 733752 944635931661 944673664235 328011688970 328120338619 168671841966596 168730986235433
49351 292466 944623175084 944635931662 328120338618 328157061624 168730986235432 168750977479102
122282 724469 944575339338 944623175085 328157061623 328294727819 168750977479101 168825923674590
135888 804607 944496796706 944575339339 328294727818 328520624942 168825923674589 168948915471481
44571 263738 944435012209 944496796707 328520624941 328698201567 168948915471480 169045609394315
39094 231235 944408814943 944435012210 328698201566 328773463431 169045609394314 169086593777858
93477 552707 944358709224 944408814944 328773463430 328917357875 169086593777857 169164957224447
25379 150015 944344052201 944358709225 328917357874 328959436818 169164957224446 169187874154612
136762 808193 944303613371 944344052202 328959436817 329075501630 169187874154611 169251087827227
8865 52369 944267204860 944303613372 329075501629 329179959636 169251087827226 169307983394788
165676 978519 944260766876 944267204861 329179959635 329198426695 169307983394787 169318042262154
158517 935947 944200181445 944260766877 329198426694 329372156319 169318042262153 169412676462854
33557 198037 944154762171 944200181446 329372156318 329502329384 169412676462853 169483590398814
42105 248389 944117925632 944154762172 329502329383 329607861709 169483590398813 169541084603521
164553 970462 944091748577 944117925633 329607861708 329682832837 169541084603520 169581931036886
152579 899653 944071646621 944091748578 329682832836 329740391892 169581931036885 169613292012634
22495 132532 943918598084 944071646622 329740391891 330178255175 169613292012633 169851893746828
39334 231533 943876002542 943918598085 330178255174 330300002764 169851893746827 169918247013254
88937 523393 943868693608 943876002543 330300002763 330320888267 169918247013253 169929630202389
60290 354789 943865666013 943868693609 330320888266 330329539279 169929630202388 169934345286249
160749 945916 943858356366 943865666014 330329539278 330350424729 169934345286248 169945728631013
114463 673497 943848703883 943858356367 330350424728 330378001959 169945728631012 169960759445316
138382 814177 943842616328 943848703884 330378001958 330395392830 169960759445315 169970238358856
167929 987869 943815736541 943842616329 330395392829 330472170474 169970238358855 170012087185524
70428 413921 943640470674 943815736542 330472170473 330972298094 170012087185523 170284732741200
41487 243629 943636769512 943640470675 330972298093 330982850347 170284732741199 170290486132917
69505 408087 943599982132 943636769513 330982850346 331087713030 170290486132916 170347662107792
10175 59716 943545680315 943599982133 331087713029 331242432605 170347662107791 170432028410303
103621 607986 943544170818 943545680316 331242432604 331246732385 170432028410302 170434373119814
67065 393344 943460139651 943544170819 331246732384 331485995013 170434373119813 170564854019628
99327 582188 943402166861 943460139652 331485995012 331650948379 170564854019627 170654820723158
167647 982335 943393247622 943402166862 331650948378 331676318632 170654820723157 170668658562896
98486 576887 943327375233 943393247623 331676318631 331863621290 170668658562895 170770826119472
134892 789847 943312390837 943327375234 331863621289 331906211591 170770826119471 170794059234045
76113 445631 943306970022 943312390838 331906211590 331921617716 170794059234044 170802463448129
88213 516435 943295404303 943306970023 331921617715 331954485164 170802463448128 170820393249937
139573 816852 943235339163 943295404304 331954485163 332125119424 170820393249936 170913482649411
21071 123266 943202049122 943235339164 332125119423 332219648023 170913482649410 170965056450045
165423 967456 943172911542 943202049123 332219648022 332302360710 170965056450044 171010185833677
91235 533438 943144659178 943172911543 332302360709 332382538445 171010185833676 171053934082996
160574 938631 943120608214 943144659179 332382538444 332450775847 171053934082995 171091168732030
32598 190505 943091599376 943120608215 332450775846 332533058787 171091168732029 171136069392083
100088 584577 942990333582 943091599377 332533058786 332820117736 171136069392082 171292729553325
170218 993145 942860714948 942990333583 332820117735 333187142919 171292729553324 171493067081305
142579 831389 942858300500 942860714949 333187142918 333193975302 171493067081304 171496796866721
6781 39533 942818433414 942858300501 333193975301 333306768030 171496796866720 171558372258013
158195 922067 942809041582 942818433415 333306768029 333333333334 171558372258012 171572875253810
171432 998887 942744081653 942809041583 333333333333 333517010822 171572875253809 171673157556670
167834 977541 942722272979 942744081654 333517010821 333578650439 171673157556669 171706813206644
142389 829132 942688837017 942722272980 333578650438 333673128320 171706813206643 171758401016710
98190 571517 942627225161 942688837018 333673128319 333847142245 171758401016709 171853425052710
73395 427036 942604743994 942627225162 333847142244 333910611690 171853425052709 171888086200403
25147 146267 942556437773 942604743995 333910611689 334046945223 171888086200402 171962543134857
93104 541395 942546036167 942556437774 334046945222 334076293240 171962543134856 171978571945921
10583 61519 942481666483 942546036168 334076293239 334257847093 171978571945920 172077735846793
99845 580092 942427745481 942481666484 334257847092 334409845171 172077735846792 172160764254278
168541 978657 942355161459 942427745482 334409845170 334614329746 172160764254277 172272474357338
142364 826289 942328179882 942355161460 334614329745 334690306701 172272474357337 172313983891523
92874 538777 942243235333 942328179883 334690306700 334929373850 172313983891522 172444608253398
37879 219631 942214690279 942243235334 334929373849 335009667655 172444608253397 172488484064889
104275 604481 942195338086 942214690280 335009667654 335064090718 172488484064888 172518224169906
169955 984742 942104031095 942195338087 335064090717 335320733915 172518224169905 172658482010095
146541 848728 942102631717 942104031096 335320733914 335324665527 172658482010094 172660630828796
101724 589153 942101589643 942102631718 335324665526 335327593244 172660630828795 172662230972820
87187 504941 942094468996 942101589644 335327593243 335347598004 172662230972819 172673164646012
82542 477895 942033515352 942094468997 335347598003 335518786290 172673164646011 172766733239904
107390 621567 942025338514 942033515353 335518786289 335541743450 172766733239903 172779281915298
147882 855709 941974743748 942025338515 335541743449 335683753167 172779281915297 172856909827220
161604 934493 941876447022 941974743749 335683753166 335959459673 172856909827219 173007639177017
12137 70137 941825031673 941876447023 335959459672 336103569921 173007639177016 173086433864047
99069 572309 941802048230 941825031674 336103569920 336167966870 173086433864046 173121646037943
49485 285823 941789021666 941802048231 336167966869 336204459620 173121646037942 173141600795779
91066 525853 941741911594 941789021667 336204459619 336336396999 173141600795778 173213749463702
76961 444233 941701516646 941741911595 336336396998 336449481417 173213749463701 173275592840656
77169 445336 941692302164 941701516647 336449481416 336475271074 173275592840655 173289697187341
172711 996596 941677641703 941692302165 336475271073 336516298441 173289697187340 173312135450761
56741 327353 941650682398 941677641704 336516298440 336591729456 173312135450760 173353390755156
121490 700619 941584770511 941650682399 336591729455 336776067947 173353390755155 173454217946685
145356 837493 941445241059 941584770512 336776067946 337165920708 173454217946684 173667489340940
83191 478979 941423592781 941445241060 337165920707 337226361594 173667489340939 173700558109681
169049 973142 941405169070 941423592782 337226361593 337277790029 173700558109680 173728696823185
13199 75959 941357887846 941405169071 337277790028 337409731617 173728696823184 173800891494134
112613 647890 941339404156 941357887847 337409731616 337461295830 173800891494133 173829107423000
154949 891328 941324336730 941339404157 337461295829 337503323063 173829107422999 173852105326624
160868 924801 941197599484 941324336731 337503323062 337856594912 173852105326623 174045442360553
143385 823826 941194670761 941197599485 337856594911 337864753607 174045442360552 174049907871524
165109 948621 941192455070 941194670762 337864753606 337870925826 174049907871523 174053286134932
32223 185120 941176470588 941192455071 337870925825 337915449797 174053286134931 174077655955698
45218 259651 941082647846 941176470589 337915449796 338176654905 174077655955697 174220636756127
1425 8179 941074716280 941082647847 338176654904 338198726164 174220636756126 174232719290314
162160 930671 941065319110 941074716281 338198726163 338224873667 174232719290313 174247033490648
80359 460924 940938888364 941065319111 338224873666 338576443900 174247033490647 174439517868792
48008 275185 940915668328 940938888365 338576443899 338640967831 174439517868791 174474848833508
96757 554493 940887411868 940915668329 338640967830 338719468273 174474848833507 174517834574761
80863 463280 940852278327 940887411869 338719468272 338817045567 174517834574760 174571269204765
23838 136525 940807403725 940852278328 338817045566 338941630808 174571269204764 174639498054800
168019 961768 940730339624 940807403726 338941630807 339155463039 174639498054799 174756614102526
84257 482056 940690666396 940730339625 339155463038 339265486242 174756614102525 174816879431541
12659 72398 940643229847 940690666397 339265486241 339396986054 174816879431540 174888913548390
104649 598354 940635482367 940643229848 339396986053 339418457529 174888913548389 174900675893272
18041 103133 940597557385 940635482368 339418457528 339523541217 174900675893271 174958244136839
174868 999295 940553899691 940597557386 339523541216 339644463778 174958244136838 175024493693022
55207 315355 940503099034 940553899692 339644463777 339785109602 175024493693021 175101554731145
99547 568402 940459182637 940503099035 339785109601 339906642760 175101554731144 175168148756052
54041 308488 940443239533 940459182638 339906642759 339950751163 175168148756051 175192319072808
89027 508020 940376225750 940443239534 339950751162 340136081655 175192319072807 175293882258777
74045 422346 940343936787 940376225751 340136081654 340225337896 175293882258776 175342799513556
42398 241725 940271480595 940343936788 340225337895 340425531915 175342799513555 175452525751956
123693 704977 940265849956 940271480596 340425531914 340441083605 175452525751955 175461050150693
173919 991198 940262707102 940265849957 340441083604 340449763744 175461050150692 175465808056384
162829 927937 940251623718 940262707103 340449763743 340480372554 175465808056383 175482586068538
73308 417641 940190624657 940251623719 340480372553 340648777050 175482586068537 175574901105404
129901 739800 940171526063 940190624658 340648777049 340701484557 175574901105403 175603795839294
133331 759058 940106137626 940171526064 340701484556 340881871030 175603795839293 175702691939407
98799 562216 940068171439 940106137627 340881871029 340986558455 175702691939406 175760091049280
73364 417269 939989631088 940068171440 340986558454 341203009139 175760091049279 175878779799058
140811 800464 939946014075 939989631089 341203009138 341323146921 175878779799057 175944662605949
60961 346437 939918263071 939946014076 341323146920 341399558794 175944662605948 175986568760407
160460 911699 939899053005 939918263072 341399558793 341452442019 175986568760406 176015572299675
145009 823469 939793423488 939899053006 341452442018 341743063087 176015572299674 176174977679907
171951 975503 939668624201 939793423489 341743063086 342086066204 176174977679906 176363148805371
66177 375187 939640893105 939668624202 342086066203 342162230534 176363148805370 176404937506327
174847 990984 939597315436 939640893106 342162230533 342281879195 176404937506326 176470588235295
121585 688822 939542991208 939597315437 342281879194 342430967746 176470588235294 176552398837107
163121 923829 939518870779 939542991209 342430967745 342497140792 176552398837106 176588712773638
90029 509788 939502729453 939518870780 342497140791 342541415526 176588712773637 176613010295852
26497 149993 939447044120 939502729454 342541415525 342694107469 176613010295851 176696810829105
69994 396083 939422216860 939447044121 342694107468 342762160206 176696810829104 176734161971553
160379 907238 939364974932 939422216861 342762160205 342919004826 176734161971552 176820252638219
88294 499327 939357319820 939364974933 342919004825 342939973903 176820252638218 176831762975168
173143 979050 939335766880 939357319821 342939973902 342999004459 176831762975167 176864166750123
40523 229067 939281999377 939335766881 342999004458 343146216133 176864166750122 176944980793021
18694 105641 939264923790 939281999378 343146216132 343192952924 176944980793020 176970639087666
72946 412135 939231958231 939264923791 343192952923 343283161016 176970639087665 177020164895054
175170 989347 939183999435 939231958232 343283161015 343414349153 177020164895053 177092194063347
162860 919593 939173486963 939183999436 343414349152 343443097739 177092194063346 177107979274389
114186 644587 939122852120 939173486964 343443097738 343581531264 177107979274388 177183993725744
170144 960049 939069150203 939122852121 343581531263 343728280966 177183993725743 177264581270677
137159 773656 939039522840 939069150204 343728280965 343809212417 177264581270676 177309027674301
171943 969651 939018724957 939039522841 343809212416 343866011957 177309027674300 177340222417836
108172 609867 938979250081 939018724958 343866011956 343973789577 177340222417835 177399417534995
18172 102411 938922601667 938979250082 343973789576 344128388946 177399417534994 177484335192157
121442 684107 938876315886 938922601668 344128388945 344254649159 177484335192156 177553692485538
157447 886613 938837783590 938876315887 344254649158 344359719047 177553692485537 177611413374122
48909 275333 938805204782 938837783591 344359719046 344448526596 177611413374121 177660203173801
176451 993059 938773007282 938805204783 344448526595 344536269205 177660203173800 177708410375993
76832 432219 938701747171 938773007283 344536269204 344730372693 177708410375992 177815062680789
95873 539100 938669759516 938701747172 344730372692 344817462680 177815062680788 177862919141820
155156 872241 938644205965 938669759517 344817462679 344887017164 177862919141819 177901141479473
25445 142998 938592833200 938644205966 344887017163 345026801082 177901141479472 177977961731918
61114 343359 938578553396 938592833201 345026801081 345065644631 177977961731917 177999309868793
177201 994834 938415416701 938578553397 345065644630 345509052990 177999309868792 178243038108783
28826 161685 938359282718 938415416702 345509052989 345661476790 178243038108782 178326835417701
25229 141472 938352216941 938359282719 345661476789 345680657489 178326835417700 178337380826542
159683 895388 938349449182 938352216942 345680657488 345688170493 178337380826541 178341511453381
108755 609797 938343116817 938349449183 345688170492 345705358828 178341511453380 178350961616656
108352 607507 938337508122 938343116818 345705358827 345720582047 178350961616655 178359331436221
16579 92952 938335440117 938337508123 345720582046 345726194870 178359331436220 178362417419679
118381 663698 938330956420 938335440118 345726194869 345738363829 178362417419678 178369108063243
176793 991093 938313881066 938330956421 345738363828 345784702667 178369108063242 178394586162666
156888 878783 938133965376 938313881067 345784702666 346272527077 178394586162665 178662844396740
173203 969289 938096474139 938133965377 346272527076 346374082760 178662844396739 178718700220002
121787 681362 938067171918 938096474140 346374082759 346453432612 178718700220001 178762345098744
68128 381065 938039233884 938067171919 346453432611 346529069045 178762345098743 178803949365841
156540 875321 937994498829 938039233885 346529069044 346650140872 178803949365840 178870549468054
143733 803369 937937714110 937994498830 346650140871 346803754953 178870549468053 178955057444230
120757 674694 937903649209 937937714111 346803754952 346895870256 178955057444229 179005736635563
119945 669947 937862213470 937903649210 346895870255 347007879659 179005736635562 179067364669222
128167 715744 937861070744 937862213471 347007879658 347010968100 179067364669221 179069063999349
2138 11937 937810069689 937861070745 347010968099 347148776736 179069063999348 179144892559788
89685 500501 937748760723 937810069690 347148776735 347314355824 179144892559787 179236009777594
28584 159445 937700511811 937748760724 347314355823 347444600114 179236009777593 179307688672765
153680 856979 937673678934 937700511812 347444600113 347517009416 179307688672764 179347540916250
92067 513262 937635043251 937673678935 347517009415 347621238802 179347540916249 179404909098993
139707 778546 937579617834 937635043252 347621238801 347770700637 179404909098992 179487179487180
153691 856231 937566218409 937579617835 347770700636 347806822959 179487179487179 179507063889642
173065 964084 937559071862 937566218410 347806822958 347826086957 179507063889641 179517668394022
29262 162953 937484133352 937559071863 347826086956 348028015700 179517668394021 179628833965046
172975 962724 937425272009 937484133353 348028015699 348186529604 179628833965045 179716108091457
151903 844999 937356489664 937425272010 348186529603 348371656834 179716108091456 179818045203234
138487 770103 937341442886 937356489665 348371656833 348412140213 179818045203233 179840338156352
73579 408968 937242191874 937341442887 348412140212 348679041198 179840338156351 179987325621881
162040 900241 937230141096 937242191875 348679041197 348711431733 179987325621880 180005165279265
120103 667197 937221851057 937230141097 348711431732 348733712022 180005165279264 180017436738616
133759 743001 937211186066 937221851058 348733712021 348762372846 180017436738615 180033222683036
152567 847319 937177006946 937211186067 348762372845 348854206871 180033222683035 180083805258602
124675 692103 937101883096 937177006947 348854206870 349055956399 180083805258601 180194939380343
92239 511843 937082114832 937101883097 349055956398 349109023173 180194939380342 180224173513217
35656 197815 937048231468 937082114833 349109023172 349199959769 180224173513216 180274272005848
155608 862933 936980204786 937048231469 349199959768 349382449243 180274272005847 180374816623849
161081 892823 936922259792 936980204787 349382449242 349537807834 180374816623848 180460421716370
162659 901283 936902592865 936922259793 349537807833 349590519726 180460421716369 180489468604980
96497 534549 936860696111 936902592866 349590519725 349702782490 180489468604979 180551334017752
64502 357211 936833853826 936860696112 349702782489 349774685082 180551334017751 180590960030416
166848 923653 936768388188 936833853827 349774685081 349949977700 180590960030415 180687572057304
109073 603531 936717958281 936768388189 349949977699 350084942025 180687572057303 180761964088416
33195 183638 936716227117 936717958282 350084942024 350089574044 180761964088415 180764517352479
17551 97078 936677917280 936716227118 350089574043 350192060561 180764517352478 180821011813866
82238 454721 936633497773 936677917281 350192060560 350310848889 180821011813865 180886496743868
91992 508451 936579902677 936633497774 350310848888 350454113831 180886496743867 180965481127819
2453 13553 936542357114 936579902678 350454113830 350554437044 180965481127818 181020795003919
20315 112212 936514591091 936542357115 350554437043 350628607892 181020795003918 181061691713807
162482 896709 936329177569 936514591092 350628607891 351123441589 181061691713806 181334581772511
4708 25947 936176509200 936329177570 351123441588 351530288343 181334581772510 181559009042688
142694 785879 936158168966 936176509201 351530288342 351579127192 181559009042687 181585953475578
165109 909175 936134820993 936158168967 351579127191 351641290128 181585953475577 181620249951033
141339 778115 936104090203 936134820994 351641290127 351723090377 181620249951032 181665382639197
125479 690597 936061817784 936104090204 351723090376 351835577063 181665382639196 181727449934954
112555 619207 936000000000 936061817785 351835577062 352000000000 181727449934953 181818181818182
73485 404038 935920551770 936000000000 352000000000 352211187746 181818181818181 181934732509443
10237 56263 935901011042 935920551771 352211187745 352263108385 181934732509442 181963388817450
9523 52327 935864469935 935901011043 352263108384 352360176400 181963388817449 182016965480505
35661 195863 935790541416 935864469936 352360176399 352556467245 182016965480504 182125317642097
139949 768360 935770659924 935790541417 352556467244 352609234175 182125317642096 182154447050120
77743 426705 935716944850 935770659925 352609234174 352751752824 182154447050119 182233127504508
162071 889307 935701888527 935716944851 352751752823 352791688970 182233127504507 182255176306011
54971 301610 935697286393 935701888528 352791688969 352803894870 182255176306010 182261915305500
117370 643941 935688632177 935697286394 352803894869 352826846504 182261915305499 182274587264994
55739 305727 935631713371 935688632178 352826846503 352977756995 182274587264993 182357911660459
150929 827553 935601718950 935631713372 352977756994 353057252435 182357911660458 182401807653710
121728 667207 935543864240 935601718951 353057252434 353210529404 182401807653709 182486450412659
114844 629317 935539139685 935543864241 353210529403 353223043016 182486450412658 182493361034909
76718 420275 935472093666 935539139686 353223043015 353400568719 182493361034908 182591404895458
61389 336154 935430704986 935472093667 353400568718 353510107591 182591404895457 182651906203348
52845 289168 935298552698 935430704987 353510107590 353859601141 182651906203347 182844967587741
68889 376751 935291370326 935298552699 353859601140 353878584536 182844967587740 182855455235993
119047 651031 935286257456 935291370327 353878584535 353892097416 182855455235992 182862920693212
115121 629531 935279462828 935286257457 353892097415 353910054127 182862920693211 182872841325789
8066 44103 935255884080 935279462829 353910054126 353972359505 182872841325788 182907264314040
126871 693406 935172864356 935255884081 353972359504 354191634249 182907264314039 183028421270639
151610 828297 935159445289 935172864357 354191634248 354227062610 183028421270638 183047998175023
75475 412293 935140850403 935159445290 354227062609 354276149221 183047998175022 183075123005195
148133 808900 935067039698 935140850404 354276149220 354470917382 183075123005194 183182758069410
153803 839517 935037687574 935067039699 354470917381 354548336359 183182758069409 183225545752880
140222 765175 934997526317 935037687575 354548336358 354654234121 183225545752879 183284076231059
162378 885731 934939232003 934997526318 354654234120 354807881057 183284076231058 183369004663458
134408 732781 934866741302 934939232004 354807881056 354998839446 183369004663457 183474567972650
78212 426249 934846922834 934866741303 354998839445 355051025722 183474567972649 183503419072274
118429 645259 934800566663 934846922835 355051025721 355173057207 183503419072273 183570887525230
109711 597609 934783580588 934800566664 355173057206 355217760624 183570887525229 183595604277123
147205 801673 934746950425 934783580589 355217760623 355314140827 183595604277122 183648895659456
61737 336101 934696124820 934746950426 355314140826 355447822115 183648895659455 183722817012288
66200 360267 934655148658 934696124821 355447822114 355555555556 183722817012287 183782394398364
93911 510967 934643674903 934655148659 355555555555 355585715354 183782394398363 183799073682777
136913 744775 934599248677 934643674904 355585715353 355702466076 183799073682776 183863643242133
182787 994135 934596871604 934599248678 355702466075 355708711710 183863643242132 183867097549161
134357 730414 934487734928 934596871605 355708711709 355995327592 183867097549160 184025631780529
99447 540184 934387499903 934487734929 355995327591 356258333270 184025631780528 184171130803354
121586 660057 934340392679 934387499904 356258333269 356381860661 184171130803353 184239476158808
11408 61917 934330497741 934340392680 356381860660 356407801530 184239476158807 184253829397626
155460 843377 934224914810 934330497742 356407801529 356684466367 184253829397625 184406923742714
72289 391998 934218386179 934224914811 356684466366 356701565633 184406923742713 184416386578101
129959 704697 934215790425 934218386180 356701565632 356708363961 184416386578100 184420148841020
99952 541967 934209768284 934215790426 356708363960 356724135491 184420148841019 184428877022477
167869 909942 934134803816 934209768285 356724135490 356920394904 184428877022476 184537496662299
123423 668776 934116736301 934134803817 356920394903 356967677754 184537496662298 184563667256113
71513 387372 934051834851 934116736302 356967677753 357137466267 184563667256112 184657649723277
105239 569743 933975203040 934051834852 357137466266 357337823503 184657649723276 184768565254204
131908 713887 933967219738 933975203041 357337823502 357358688790 184768565254203 184780116820087
89495 484213 933904218414 933967219739 357358688789 357523301098 184780116820086 184871255615000
181539 981793 933856751696 933904218415 357523301097 357647266608 184871255614999 184939896035916
176287 953099 933826313775 933856751697 357647266607 357726733277 184939896035915 184983899913043
46751 252663 933758326067 933826313776 357726733276 357904161053 184983899913042 185082156455548
80261 433630 933746117302 933758326068 357904161052 357936011633 185082156455547 185099795898669
181809 981995 933687002652 933746117303 357936011632 358090185677 185099795898668 185185185185186
179835 971063 933674853581 933687002653 358090185676 358121861648 185185185185185 185202729913126
142024 766851 933672864434 933674853582 358121861647 358127047596 185202729913125 185205602344788
184183 994261 933616726358 933672864435 358127047595 358273370855 185205602344787 185286652711550
48376 260965 933496323915 933616726359 358273370854 358586967466 185286652711549 185460382329354
161290 869491 933442303888 933496323916 358586967465 358727564194 185460382329353 185538282405291
88651 477757 933416789355 933442303889 358727564193 358793948317 185538282405290 185575066013747
179838 969029 933401928080 933416789356 358793948316 358832608129 185575066013746 185596488198690
171625 924519 933345606203 933401928081 358832608128 358979079309 185596488198689 185677655436824
44028 237073 933293832054 933345606204 358979079308 359113663133 185677655436823 185752241681369
70806 381167 933281535760 933293832055 359113663132 359145618111 185752241681368 185769952004805
103190 555429 933261579856 933281535761 359145618110 359197471544 185769952004804 185798691333832
130299 701188 933223570816 933261579857 359197471543 359296210489 185798691333831 185853419083304
132005 709987 933122791425 933223570817 359296210488 359557861995 185853419083303 185998459895518
51761 278198 933039816888 933122791426 359557861994 359773123093 185998459895517 186117802618200
16093 86454 933001658364 933039816889 359773123092 359872068227 186117802618199 186172663985585
70707 379741 932966458993 933001658365 359872068226 359963312566 186172663985584 186223258500547
179723 965094 932966386089 932966458994 359963312565 359963501521 186223258500546 186223363277644
78347 420645 932923130042 932966386090 359963501520 360075594052 186223363277643 186285521889115
156446 839691 932883796710 932923130043 360075594051 360177486575 186285521889114 186342028003480
45845 245991 932846784569 932883796711 360177486574 360273335842 186342028003479 186395185959955
125908 675363 932798134405 932846784570 360273335841 360399279203 186395185959954 186465038840178
114567 614314 932755229755 932798134406 360399279202 360510306877 186465038840177 186526623405851
129698 695133 932680657835 932755229756 360510306876 360703188925 186526623405850 186633620749703
155782 834489 932616659239 932680657836 360703188924 360868628325 186633620749702 186725404957845
69917 374401 932591242811 932616659240 360868628324 360934306808 186725404957844 186761845346287
150959 808225 932568098274 932591242812 360934306807 360994102558 186761845346286 186795023099111
10274 54997 932546935030 932568098275 360994102557 361048769512 186795023099110 186825356200876
91214 488195 932527509866 932546935031 361048769511 361098938439 186825356200875 186853194376129
121170 648107 932378553678 932527509867 361098938438 361483378097 186853194376128 187066544186545
98179 524800 932361308950 932378553679 361483378096 361527854491 187066544186544 187091230204403
52067 278281 932345917440 932361308951 361527854490 361567545879 187091230204402 187113260941084
61289 327460 932273820032 932345917441 361567545878 361753402862 187113260941083 187216428184958
145729 778374 932265558018 932273820033 361753402861 361774694157 187216428184957 187228247512454
28957 154657 932257955919 932265558019 361774694156 361794283572 187228247512453 187239122221580
170579 910388 932075471698 932257955920 361794283571 362264150944 187239122221579 187500000000000
125078 666927 932014196374 932075471699 362264150943 362421767775 187500000000000 187587528318498
79125 421796 932009777561 932014196375 362421767774 362433131117 187587528318497 187593838978203
94667 504635 932008159440 932009777562 362433131116 362437292144 187593838978202 187596149825856
186023 991611 932007320100 932008159441 362437292143 362439450500 187596149825855 187597348482221
74315 396137 932004671541 932007320101 362439450499 362446261155 187597348482220 187601130832567
47739 254467 932000802204 932004671542 362446261154 362456210720 187601130832566 187606656428956
4445 23693 931998704382 932000802205 362456210719 362461604904 187606656428955 187609652160348
143638 765601 931991638000 931998704383 362461604903 362479774191 187609652160347 187619742787997
181076 964375 931787866067 931991638001 362479774190 363003268097 187619742787996 187910522926701
166295 884757 931724684796 931787866068 363003268096 363165405484 187910522926700 188000602954327
15110 80367 931708001735 931724684797 363165405483 363208204067 188000602954326 188024382432620
180179 958208 931689647639 931708001736 363208204066 363255282799 188024382432619 188050540749066
140089 744728 931609543953 931689647640 363255282798 363460668593 188050540749065 188164668025404
2635 14002 931577619485 931609543954 363460668592 363542485653 188164668025403 188210135583174
178991 950885 931540978723 931577619486 363542485652 363636363637 188210135583173 188262308510101
147253 781999 931483370975 931540978724 363636363636 363783905082 188262308510100 188344311190243
152407 809114 931457349479 931483370976 363783905081 363850527141 188344311190242 188381341808302
152876 811437 931428923882 931457349480 363850527140 363923288283 188381341808301 188421786472557
186779 990925 931333643858 931428923883 363923288282 364167054823 188421786472556 188557298724978
174051 922918 931290847711 931333643859 364167054822 364276484238 188557298724977 188618138313467
111944 593461 931275457267 931290847712 364276484237 364315828220 188618138313466 188640013442283
166953 884926 931242779705 931275457268 364315828219 364399348581 188640013442282 188686452272994
155007 821396 931207300653 931242779706 364399348580 364490004267 188686452272993 188736861207587
108327 573917 931188394741 931207300654 364490004266 364538301827 188736861207586 188763718143069
174087 922033 931126349683 931188394742 364538301826 364696752009 188763718143068 188851833577926
55619 294476 931094454310 931126349684 364696752008 364778175268 188851833577925 188897117100181
75598 400151 931057024993 931094454311 364778175267 364873698984 188897117100180 188950245519120
14869 78685 931031055722 931057024994 364873698983 364939958459 188950245519119 188987099600074
137931 729685 930973198487 931031055723 364939958458 365087528819 188987099600073 189069184960468
58130 307379 930908494467 930973198488 365087528818 365252481072 189069184960467 189160947874146
56109 296581 930873025324 930908494468 365252481071 365342867351 189160947874145 189211233757251
173454 916523 930815207766 930873025325 365342867350 365490148965 189211233757250 189293179116574
183931 971441 930751493440 930815207767 365490148964 365652372423 189293179116573 189383446634787
126472 667633 930680921900 930751493441 365652372422 365831958160 189383446634786 189483385892307
187787 990870 930633017169 930680921901 365831958159 365953804945 189483385892306 189551199886318
174427 920105 930602309674 930633017170 365953804944 366031885537 189551199886317 189594658466068
179291 945526 930565951697 930602309675 366031885536 366124308865 189594658466067 189646102762065
173992 917369 930540454956 930565951698 366124308864 366189106459 189646102762064 189682171911009
189053 996504 930492267803 930540454957 366189106458 366311533476 189682171911008 189750324093346
179879 947924 930477177087 930492267804 366311533475 366349864091 189750324093345 189771662901958
156414 824011 930408392817 930477177088 366349864090 366524518383 189771662901957 189868900148954
124306 654533 930342353906 930408392818 366524518382 366692111352 189868900148953 189962216085281
73405 386406 930333341152 930342353907 366692111351 366714976979 189962216085280 189974948450969
12457 65561 930289013977 930333341153 366714976978 366827412380 189974948450968 190037558999524
147290 775011 930272930554 930289013978 366827412379 366868197966 190037558999523 190060271870313
186871 983140 930251112130 930272930555 366868197965 366923518434 190060271870312 190091079926143
148060 778813 930224563019 930251112131 366923518433 366990820533 190091079926142 190128562014934
104152 547743 930197632275 930224563020 366990820532 367059075505 190128562014933 190166576399446
185519 975407 930155221331 930197632276 367059075504 367166534737 190166576399445 190226428775400
176555 927914 930092224924 930155221332 367166534736 367326085563 190226428775399 190315302460288
41978 220495 929999418702 930092224925 367326085562 367560989788 190315302460287 190446166058917
131836 692149 929960720173 929999418703 367560989787 367658889372 190446166058916 190500710987504
120777 633935 929934007278 929960720174 367658889371 367726450106 190500710987503 190538354533683
129889 681383 929810214516 929934007279 367726450105 368039352490 190538354533682 190712718650268
136189 714096 929806613071 929810214517 368039352489 368048451008 190712718650267 190717789292697
126704 664347 929804028283 929806613072 368048451007 368054980930 190717789292696 190721428464055
159213 834745 929788301062 929804028284 368054980929 368094709562 190721428464054 190743569830547
111778 585811 929695344619 929788301063 368094709561 368329426185 190743569830546 190874392277296
159695 836607 929681500465 929695344620 368329426184 368364368109 190874392277295 190893869283662
184021 963930 929662809204 929681500466 368364368108 368411537797 190893869283661 190920162859015
101517 531608 929603117520 929662809205 368411537796 368562130306 190920162859014 191004112171740
26723 139895 929577903322 929603117521 368562130305 368625720284 191004112171739 191039563444609
190979 999561 929544734931 929577903323 368625720283 368709351334 191039563444608 191086189741140
159694 835653 929523871359 929544734932 368709351333 368761945669 191086189741139 191115513594908
188473 986053 929490711169 929523871360 368761945668 368845520306 191115513594907 191162112452887
112762 589799 929455045097 929490711170 368845520305 368935386135 191162112452886 191212221850774
163701 856100 929448032309 929455045098 368935386134 368953052889 191212221850773 191222073209364
44126 230731 929416313260 929448032310 368953052888 369032947913 191222073209363 191266625754126
140334 733577 929367382088 929416313261 369032947912 369156158164 191266625754125 191335336955880
176131 920484 929352086045 929367382089 369156158163 369194664320 191335336955879 191356811952481
178802 934209 929299094580 929352086046 369194664319 369328028738 191356811952480 191431193730032
164902 861359 929280863978 929299094581 369328028737 369373897081 191431193730031 191456777484717
87937 458928 929056716980 929280863979 369373897080 369937314465 191456777484716 191771092683840
182027 948751 928930324964 929056716981 369937314464 370254576421 191771092683839 191948133962654
115519 601646 928849172972 928930324965 370254576420 370458113514 191948133962653 192061732303472
168123 875179 928792654769 928849172973 370458113513 370599790132 192061732303471 192140813692539
176132 916543 928751030575 928792654770 370599790131 370704091165 192140813692538 192199037246180
90523 470931 928719097800 928751030576 370704091164 370784084585 192199037246179 192243694277186
96565 502259 928693824416 928719097801 370784084584 370847381671 192243694277185 192279032045116
138317 719302 928673323823 928693824417 370847381670 370898716120 192279032045115 192307692307693
131641 684491 928656360602 928673323824 370898716119 370941186595 192307692307692 192331404480165
184043 956856 928642091867 928656360603 370941186594 370976906574 192331404480164 192351348204102
180991 940898 928629922829 928642091868 370976906573 371007367078 192351348204101 192368355735992
83891 436079 928619421766 928629922830 371007367077 371033650116 192368355735991 192383031057263
111173 577854 928610267726 928619421767 371033650115 371056559937 192383031057262 192395823119825
26566 138013 928476690885 928610267727 371056559936 371390676355 192395823119824 192582403567253
140962 731545 928321327916 928476690886 371390676354 371778848425 192582403567252 192799220255649
162867 844711 928308804200 928321327917 371778848424 371810118265 192799220255648 192816688621065
136642 708625 928294084261 928308804201 371810118264 371846867843 192816688621064 192837218595274
166647 864130 928276534817 928294084262 371846867842 371890676016 192837218595273 192861692449526
44627 231376 928255253190 928276534818 371890676015 371943792694 192861692449525 192891367508605
192342 997057 928228907000 928255253191 371943792693 372009537792 192891367508604 192928099169679
192629 998329 928195443882 928228907001 372009537791 372093023256 192928099169678 192974744565612
16865 87381 928151529091 928195443883 372093023255 372202551101 192974744565611 193035944263104
65615 339837 928091358159 928151529092 372202551100 372352562648 193035944263103 193119771566654
84419 436995 928003849846 928091358160 372352562647 372570603605 193119771566653 193241628451099
172939 894489 927864880717 928003849847 372570603604 372916563229 193241628451098 193435010388091
179377 927125 927805058243 927864880718 372916563228 373065374831 193435010388090 193518205191524
93123 481133 927760191988 927805058244 373065374830 373176936804 193518205191523 193580580382749
158641 819358 927708903805 927760191989 373176936803 373304419745 193580580382748 193651862585294
75014 387283 927649708998 927708903806 373304419744 373451492694 193651862585293 193734105813156
20077 103617 927610059298 927649708999 373451492693 373549967057 193734105813155 193789177045550
59896 309051 927585542017 927610059299 373549967056 373610843313 193789177045549 193823223493108
54267 279977 927580627142 927585542018 373610843312 373623045529 193823223493107 193830048023798
111835 576847 927518894334 927580627143 373623045528 373776270852 193830048023797 193915749386400
164404 847751 927498956422 927518894335 373776270851 373825742606 193915749386399 193943421530486
146857 757060 927441472032 927498956423 373825742605 373968335497 193943421530485 194023186137323
44658 230135 927400912421 927441472033 373968335496 374068907609 194023186137322 194079449271519
68252 351607 927350432563 927400912422 374068907608 374194034193 194079449271518 194149454022489
166433 857121 927311005679 927350432564 374194034192 374291729464 194149454022488 194204115662148
161841 833266 927281025835 927311005680 374291729463 374365996220 194204115662147 194245671078221
1981 10197 927241837107 927281025836 374365996219 374463049602 194245671078220 194299979582849
113397 583556 927211953075 927241837108 374463049601 374537039657 194299979582848 194341384744389
191288 984005 927131088090 927211953076 374537039656 374737168554 194341384744388 194453387664809
172650 887807 927110065704 927131088091 374737168553 374789175498 194453387664808 194482495923490
19362 99551 927094494658 927110065705 374789175497 374827691044 194482495923489 194504053684134
147156 756289 926989928621 927094494659 374827691043 375086219735 194504053684133 194648770168902
163601 840383 926952971478 926989928622 375086219734 375177542862 194648770168901 194699895853633
31758 163109 926946813223 926952971479 375177542861 375192757734 194699895853632 194708413931575
194215 997452 926942894643 926946813224 375192757733 375202438784 194708413931574 194713833931622
106910 549053 926938192706 926942894644 375202438783 375214054776 194713833931621 194720337266632
122693 629870 926835997184 926938192707 375214054775 375466422366 194720337266631 194861639970336
75987 389875 926779138007 926835997185 375466422365 375606748281 194861639970335 194940219598210
94465 484516 926739268223 926779138008 375606748280 375705108740 194940219598209 194995303690284
136469 699793 926713092125 926739268224 375705108739 375769669989 194995303690283 195031461364892
162037 830730 926680818048 926713092126 375769669988 375849253639 195031461364891 195076034451240
151048 774117 926612843417 926680818049 375849253638 376016806025 195076034451239 195169884447353
121094 620361 926570295370 926612843418 376016806024 376121639551 195169884447352 195228609334394
178303 913272 926560492160 926570295371 376121639550 376145788715 195228609334393 195242137604983
113986 583625 926466577122 926560492161 376145788714 376377046956 195242137604982 195371698333930
103471 529491 926402356709 926466577123 376377046955 376535089313 195371698333929 195460251593511
97214 497301 926369035032 926402356710 376535089312 376617061395 195460251593510 195506185235145
117521 601008 926320214271 926369035033 376617061394 376737124042 195506185235144 195573467614942
135609 693331 926295400954 926320214272 376737124041 376798129202 195573467614941 195607656549030
89919 459661 926277117845 926295400955 376798129201 376843072054 195607656549029 195632844600912
185399 947438 926202001921 926277117846 376843072053 377027653678 195632844600911 195736300399088
192933 985655 926195316309 926202001922 377027653677 377044077062 195736300399087 195745506111775
180436 921689 926164550900 926195316310 377044077061 377119642361 195745506111774 195787863598932
125375 640199 926092359769 926164550901 377119642360 377296887314 195787863598931 195887224929683
166183 848108 926007547913 926092359770 377296887313 377504994943 195887224929682 196003902140373
86843 443041 925990364016 926007547914 377504994942 377547143745 196003902140372 196027535130937
98233 501063 925958854608 925990364017 377547143744 377624416017 196027535130936 196070863670444
66233 337726 925895222024 925958854609 377624416016 377780409541 196070863670443 196158339882960
191557 976380 925847643695 925895222025 377780409540 377896997427 196158339882959 196223724479849
91741 467500 925827688927 925847643696 377896997426 377945882919 196223724479848 196251141829430
114875 585247 925778909776 925827688928 377945882918 378065351776 196251141829429 196318149428403
130665 665521 925754514590 925778909777 378065351775 378125083425 196318149428402 196351653629519
135767 691425 925744914011 925754514591 378125083424 378148587440 196351653629518 196364837673195
149911 763198 925657587754 925744914012 378148587439 378362300227 196364837673194 196484724300046
194573 990139 925619596475 925657587755 378362300226 378455231991 196484724300045 196536861529541
26309 133829 925546956205 925619596476 378455231990 378632845721 196536861529540 196636516445492
108610 552207 925478447663 925546956206 378632845720 378800267833 196636516445491 196730463689395
193042 981139 925445631752 925478447664 378800267832 378880433212 196730463689394 196775451336382
1648 8373 925376064714 925445631753 378880433211 379050311771 196775451336381 196870792526033
182983 929381 925352464197 925376064715 379050311770 379107922634 196870792526032 196903127964042
114969 583790 925305138660 925352464198 379107922633 379223417484 196903127964041 196967955815922
117142 594663 925274577479 925305138661 379223417483 379297978206 196967955815921 197009809739571
144617 733968 925238548993 925274577480 379297978205 379385855637 197009809739570 197059141494440
174827 887124 925220259621 925238548994 379385855636 379430456323 197059141494439 197084180070611
38254 194065 925168618374 925220259622 379430456322 379556356257 197084180070610 197154863544750
146389 742298 925087211317 925168618375 379556356256 379754725391 197154863544749 197266244956641
196381 995462 925072597332 925087211318 379754725390 379790323291 197266244956640 197286234200763
37229 188671 925019818378 925072597333 379790323290 379918853977 197286234200762 197358411767881
16644 84325 924989426699 925019818379 379918853976 379992842689 197358411767880 197399963562542
180283 913185 924956879181 924989426700 379992842688 380072061135 197399963562541 197444454598132
141421 716216 924940283919 924956879182 380072061134 380112445447 197444454598131 197467136316753
119491 604985 924876547648 924940283920 380112445446 380267500070 197467136316752 197554227845949
126185 638504 924771425884 924876547649 380267500069 380523074029 197554227845948 197697798768067
167930 849333 924739109849 924771425885 380523074028 380601601041 197697798768066 197741916861726
7321 37021 924723417682 924739109850 380601601040 380639725712 197741916861725 197763336910734
105724 534515 924678098474 924723417683 380639725711 380749805255 197763336910733 197825187264320
114225 577291 924621473715 924678098475 380749805254 380887293492 197825187264319 197902444035571
77083 389464 924594658997 924621473716 380887293491 380952380953 197902444035570 197939020131551
34302 173251 924519595707 924594658998 380952380952 381134513203 197939020131550 198041378249528
191717 967904 924471152038 924519595708 381134513202 381252002026 198041378249527 198107413364641
96821 488633 924413541908 924471152039 381252002025 381391666843 198107413364640 198185919261482
184027 928431 924373933534 924413541909 381391666842 381487655110 198185919261481 198239878675191
100303 505903 924336633837 924373933535 381487655109 381578022621 198239878675190 198290681531899
108869 548990 924311489990 924336633838 381578022620 381638925519 198290681531898 198324921668584
195023 983182 924261426490 924311489991 381638925518 381760154420 198324921668583 198393081711433
170751 860534 924215309124 924261426491 381760154419 381871787882 198393081711432 198455851624868
97413 490820 924194651264 924215309125 381871787881 381921780701 198455851624867 198483963381385
181512 914137 924081317410 924194651265 381921780700 382195916794 198483963381384 198638131005772
130036 654563 924047994456 924081317411 382195916793 382276475788 198638131005771 198683440791777
135632 682581 924016832421 924047994457 382276475787 382351792727 198683440791776 198725804412536
52699 265158 923987625886 924016832422 382351792726 382422367559 198725804412535 198765502653567
133541 671789 923960194874 923987625887 382422367558 382488638115 198765502653566 198802781436845
128953 648464 923877212128 923960194875 382488638114 382689034218 198802781436844 198915519039036
176091 885191 923855963606 923877212129 382689034217 382740327780 198915519039035 198944377864085
185195 930627 923773671502 923855963607 382740327779 382938903533 198944377864084 199056109980740
136690 686653 923757524279 923773671503 382938903532 382977853587 199056109980739 199078027637591
117551 590446 923742113571 923757524280 382977853586 383015022701 199078027637590 199098943667312
131961 662726 923713307730 923742113572 383015022700 383084488229 199098943667311 199138035116218
10814 54285 923610327136 923713307731 383084488228 383332706154 199138035116217 199277733512801
159014 797901 923591663500 923610327137 383332706153 383377671642 199277733512800 199303042800650
16465 82608 923574268065 923591663501 383377671641 383419576140 199303042800649 199326629860428
165732 831275 923509033835 923574268066 383419576139 383576673461 199326629860427 199415062114892
120154 602507 923496716237 923509033836 383576673460 383606328284 199415062114891 199431756261893
163079 817686 923485084228 923496716238 383606328283 383634330069 199431756261892 199447520136064
6038 30269 923440074907 923485084229 383634330068 383742658634 199447520136063 199508507512152
109897 550161 923076923076 923440074908 383742658633 384615384616 199508507512151 200000000000000
61112 305195 922722731818 923076923077 384615384615 385464343599 200000000000000 200478382670164
90781 452740 922668973832 922722731819 385464343598 385593003990 200478382670163 200550905661727
170090 848081 922657456471 922668973833 385593003989 385620562234 200550905661726 200566440442090
127313 634636 922595956987 922657456472 385620562233 385767676395 200566440442089 200649374608862
187526 934545 922579877145 922595956988 385767676394 385806130443 200649374608861 200671054050241
9231 45998 922562691108 922579877146 385806130442 385847224916 200671054050240 200694222716194
145169 723102 922467040544 922562691109 385847224915 386075846318 200694222716193 200823128914553
186679 929488 922440988301 922467040545 386075846317 386138088127 200823128914552 200858226845926
179188 892027 922412627829 922440988302 386138088126 386205831159 200858226845925 200896428564572
87011 433005 922337709853 922412627830 386205831158 386384716290 200896428564571 200997314004415
73043 363380 922318919922 922337709854 386384716289 386429566614 200997314004414 201022610040863
170263 846771 922243663747 922318919923 386429566613 386609136827 201022610040862 201123897099154
175309 871577 922219724377 922243663748 386609136826 386666238465 201123897099153 201156107993807
6139 30516 922194381828 922219724378 386666238464 386726676251 201156107993806 201190202149479
97717 485651 922167510267 922194381829 386726676250 386790748347 201190202149478 201226348005766
127901 635547 922138968522 922167510268 386790748346 386858789136 201226348005765 201264734481136
189913 943286 922039939848 922138968523 386858789135 387094754969 201264734481135 201397872616187
96625 479741 922020760266 922039939849 387094754968 387140436584 201397872616186 201423649831047
127405 632441 921982105607 922020760267 387140436583 387232484356 201423649831046 201475592944048
177794 882337 921940550216 921982105608 387232484355 387331410895 201475592944047 201531421380999
118374 587267 921886676672 921940550217 387331410894 387459617733 201531421380998 201603779470929
185387 919462 921854301676 921886676673 387459617732 387536638887 201603779470928 201647252108990
67451 334397 921761784738 921854301677 387536638886 387756640429 201647252108989 201771438847412
24214 119983 921701438364 921761784739 387756640428 387900062538 201771438847411 201852407868157
151525 750619 921680090819 921701438365 387900062537 387950783203 201852407868156 201881044121959
113939 564303 921635375138 921680090820 387950783202 388057000059 201881044121958 201941016011038
165209 818009 921599943896 921635375139 388057000058 388141138519 201941016011037 201988525109510
193772 959283 921587749531 921599943897 388141138518 388170091474 201988525109509 202004874129642
22924 113473 921562756812 921587749532 388170091473 388229423480 202004874129641 202038378451674
153957 761816 921482576223 921562756813 388229423479 388419697901 202038378451673 202145834007090
89398 442141 921411534391 921482576224 388419697900 388588193710 202145834007089 202241001864623
180439 892058 921364160958 921411534392 388588193709 388700505405 202241001864622 202304442490705
155182 766961 921320565368 921364160959 388700505404 388803826922 202304442490704 202362809168690
120865 597256 921314066244 921320565369 388803826921 388819227072 202362809168689 202371509116004
195149 964105 921249561411 921314066245 388819227071 388972037041 202371509116003 202457840383119
56671 279844 921172699179 921249561412 388972037040 389154028999 202457840383118 202560669930618
90809 448266 921146216293 921172699180 389154028998 389216711111 202560669930617 202596089672419
86389 426352 921104990003 921146216294 389216711110 389314265588 202596089672418 202651217717755
175241 864715 921095558150 921104990004 389314265587 389336580296 202651217717754 202663828274237
196713 970454 921038396462 921095558151 389336580295 389471786195 202663828274236 202740240336788
29635 146138 920967251068 921038396463 389471786194 389639990837 202740240336787 202835311544201
158203 779829 920917061831 920967251069 389639990836 389758598659 202835311544200 202902356589301
101206 498749 920891082509 920917061832 389758598658 389819976599 202902356589300 202937053614297
90218 444459 920820983066 920891082510 389819976598 389985534534 202937053614296 203030650941104
192172 946481 920809353971 920820983067 389985534533 390012991628 203030650941103 203046174687229
139694 687861 920751720674 920809353972 390012991627 390149034185 203046174687228 203123094976127
12357 60827 920711516496 920751720675 390149034184 390243902440 203123094976126 203176738977891
76186 374933 920678184757 920711516497 390243902439 390322533442 203176738977890 203221204124351
196951 969051 920648337433 920678184758 390322533441 390392928704 203221204124350 203261014051803
156413 769350 920581781875 920648337434 390392928703 390549846857 203261014051802 203349761276418
157541 774551 920511579768 920581781876 390549846856 390715281902 203349761276417 203443335628631
47965 235718 920449533214 920511579769 390715281901 390861429160 203443335628630 203526009092749
144084 707927 920444352495 920449533215 390861429159 390873629143 203526009092748 203532910825594
179112 879995 920437432446 920444352496 390873629142 390889924341 203532910825593 203542129379530
5047 24791 920377644995 920437432447 390889924340 391030677305 203542129379529 203621760711208
120557 591973 920330918458 920377644996 391030677304 391140640345 203621760711207 203683977894204
199259 978073 920267626620 920330918459 391140640344 391289528859 203683977894203 203768226591832
67049 329040 920262590300 920267626621 391289528858 391301373488 203768226591831 203774929253856
180611 886149 920201443185 920262590301 391301373487 391445148086 203774929253855 203856293033694
105263 516280 920154635628 920201443186 391445148085 391555164098 203856293033693 203918557824427
172441 845548 920122495486 920154635629 391555164097 391630684829 203918557824426 203961302338396
22112 108383 920038355480 920122495487 391630684828 391828309907 203961302338395 204073168011404
72621 355841 920023978989 920038355481 391828309906 391862065126 204073168011403 204092276665946
58185 285082 920013603610 920023978990 391862065125 391886423817 204092276665945 204106066269215
161470 790943 919949406669 920013603611 391886423816 392037101776 204106066269214 204191371092403
62659 306838 919923264640 919949406670 392037101775 392098440667 204191371092402 204226100015447
177079 867061 919918900060 919923264641 392098440666 392108680484 204226100015446 204231897749085
161713 791616 919843258058 919918900061 392108680483 392286095349 204231897749084 204332355624307
204186 999233 919827629614 919843258059 392286095348 392322739333 204332355624306 204353106122716
172219 842555 919755620078 919827629615 392322739332 392491527723 204353106122715 204448693165863
194282 950093 919697355636 919755620079 392491527722 392628035214 204448693165862 204526007216863
201779 986415 919649243280 919697355637 392628035213 392740715146 204526007216862 204589831460149
10974 53629 919591541594 919649243281 392740715145 392875803057 204589831460148 204666354556873
146616 716047 919454000049 919591541595 392875803056 393197586199 204666354556872 204848663311575
176366 860755 919381229493 919454000050 393197586198 393367709473 204848663311574 204945064288499
152917 746028 919336200475 919381229494 393367709472 393472934895 204945064288498 205004696309717
11253 54886 919305590143 919336200476 393472934894 393544447212 205004696309716 205045225331763
179111 873457 919283429095 919305590144 393544447211 393596210591 205045225331762 205074563049922
192751 939856 919266643369 919283429096 393596210590 393635413027 205074563049921 205096782349857
53246 259603 919253488820 919266643370 393635413026 393666131756 205096782349856 205114193642968
204278 995575 919145030018 919253488821 393666131755 393919298580 205114193642967 205257701954637
172011 837773 919051810254 919145030019 393919298579 394136740319 205257701954636 205380979404540
92017 448017 919042255305 919051810255 394136740318 394159019894 205380979404539 205393611737470
90521 440703 919030517984 919042255306 394159019893 394186386134 205393611737469 205409128432135
111275 541698 919015754246 919030517985 394186386133 394220805446 205409128432134 205428644644012
52949 257733 918996620406 919015754247 394220805445 394265407665 205428644644011 205453935390883
178236 867451 918970839249 918996620407 394265407664 394325495765 205453935390882 205488008310888
125413 610246 918934219019 918970839250 394325495764 394410827837 205488008310887 205536398239639
132850 646241 918878106441 918934219020 394410827836 394541538374 205536398239638 205610526822684
172595 839166 918781301634 918878106442 394541538373 394766918278 205610526822683 205738360041760
129843 630689 918574420160 918781301635 394766918277 395248067202 205738360041759 206011329583299
117521 570390 918536665635 918574420161 395248067201 395335798890 206011329583298 206061112080988
143357 695584 918483910172 918536665636 395335798889 395458350214 206061112080987 206130657711744
205949 999059 918465211053 918483910173 395458350213 395501777600 206130657711743 206155303375371
42317 205250 918438415273 918465211054 395501777599 395563999058 206155303375370 206190616236986
14078 68271 918412615811 918438415274 395563999057 395623896042 206190616236985 206224611317214
178179 863900 918374732386 918412615812 395623896041 395711828121 206224611317213 206274520530167
131127 635678 918367984255 918374732387 395711828120 395727488930 206274520530166 206283409740708
186345 903218 918324086366 918367984256 395727488929 395829347572 206283409740707 206341227942101
58862 285227 918281962680 918324086367 395829347571 395927060221 206341227942100 206396696587613
174941 847527 918256462405 918281962681 395927060220 395986198309 206396696587612 206430269397689
192115 930519 918211212871 918256462406 395986198308 396091111435 206430269397688 206489832181603
188647 913483 918174531541 918211212872 396091111434 396176134603 206489832181602 206538105937633
195059 944183 918095265859 918174531542 396176134602 396359789594 206538105937632 206642389796101
109354 529139 918062353536 918095265860 396359789593 396436016300 206642389796100 206685677120371
67778 327901 918036565934 918062353537 396436016299 396495729620 206685677120370 206719588490515
202169 977446 917862569804 918036565935 396495729619 396898353427 206719588490514 206948276521569
147470 712581 917857035960 917862569805 396898353426 396911150686 206948276521568 206955546343297
169189 817508 917854828718 917857035961 396911150685 396916254894 206955546343296 206958445941600
135249 653504 917852900330 917854828719 396916254893 396920714192 206958445941599 206960979188517
193079 932840 917824303810 917852900331 396920714191 396986835216 206960979188516 206998542268040
94494 456359 917729679068 917824303811 396986835215 397205533896 206998542268039 207122796414647
151800 732881 917722116807 917729679069 397205533895 397223005783 207122796414646 207132723923308
151149 729700 917713240280 917722116808 397223005782 397243512991 207132723923307 207144376253335
152236 734655 917596343678 917713240281 397243512990 397513458978 207144376253334 207297776869465
179959 868067 917577655003 917596343679 397513458977 397556596020 207297776869464 207322292780212
62353 300733 917555625309 917577655004 397556596019 397607437635 207322292780211 207351188349510
205222 989649 917529269635 917555625310 397607437634 397668252898 207351188349509 207385753737483
108363 522466 917497173070 917529269636 397668252897 397742300249 207385753737482 207427841790245
176316 849721 917389064563 917497173071 397742300248 397991588126 207427841790244 207569551470491
116875 562986 917345011096 917389064564 397991588125 398093118023 207569551470490 207627274026833
6515 31373 917291015217 917345011097 398093118022 398217520210 207627274026832 207698005701133
65425 314923 917212831923 917291015218 398217520209 398397566452 207698005701132 207800385965490
202308 973373 917148922613 917212831924 398397566451 398544669705 207800385965489 207884043332900
120682 580481 917124536783 917148922614 398544669704 398600782777 207884043332899 207915957012089
1203 5785 917070056253 917124536784 398600782776 398726111415 207915957012088 207987240796891
91426 439487 917006348365 917070056254 398726111414 398872607554 207987240796890 208070572063403
166292 799119 916970266678 917006348366 398872607553 398955548937 208070572063402 208117755330754
124571 598454 916913781599 916970266679 398955548936 399085350662 208117755330753 208191601778209
35371 169857 916839912152 916913781600 399085350661 399255025623 208191601778208 208288142943542
109704 526685 916834798939 916839912153 399255025622 399266767280 208288142943541 208294824103217
158951 763101 916832770157 916834798940 399266767279 399271425931 208294824103216 208297474952817
180122 864485 916740751358 916832770158 399271425930 399482658946 208297474952816 208417679158046
202704 972449 916695964708 916740751359 399482658945 399585420514 208417679158045 208476163080312
175349 840988 916653979675 916695964709 399585420513 399681725309 208476163080311 208530976142396
179579 860956 916577435577 916653979676 399681725308 399857230258 208530976142395 208630876496438
170943 819286 916550038252 916577435578 399857230257 399920026231 208630876496437 208666624010920
21619 103602 916539378369 916550038253 399920026230 399944456016 208666624010919 208680531446250
105232 504235 916515138991 916539378370 399944456015 400000000001 208680531446249 208712152522080
156351 748978 916453329107 916515138992 399999999999 400141594399 208712152522079 208792767515686
205703 985037 916399762829 916453329108 400141594398 400264256068 208792767515685 208862609895641
99565 476698 916397794579 916399762830 400264256067 400268762322 208862609895640 208865175828024
109651 524891 916340648407 916397794580 400268762321 400399570524 208865175828023 208939663653440
51543 246677 916325775726 916340648408 400399570523 400433605907 208939663653439 208959045992430
188665 902771 916286955260 916325775727 400433605906 400522428361 208959045992429 209009630452828
198305 948401 916157334902 916286955261 400522428360 400818834020 209009630452827 209178456653283
196875 940733 916003913122 916157334903 400818834019 401169329765 209178456653282 209378136973815
124038 592411 916003683475 916003913123 401169329764 401169854127 209378136973814 209378435744415
84738 404663 915964573138 916003683476 401169854126 401259144140 209378435744414 209429312924195
90157 430464 915945925791 915964573139 401259144139 401301708228 209429312924194 209453566943514
196514 938083 915898103927 915945925792 401301708227 401410840937 209453566943513 209515756664643
209245 998618 915869154004 915898103928 401410840936 401476889427 209515756664642 209553396998648
47360 225969 915818576032 915869154005 401476889426 401592250664 209553396998647 209619144363484
115541 551143 915788208793 915818576033 401592250663 401661495086 209619144363483 209658611135270
45104 215113 915761684441 915788208794 401661495085 401721965182 209658611135269 209693078447098
96869 461886 915712682170 915761684442 401721965181 401833651792 209693078447097 209756742506941
187510 893889 915694157001 915712682171 401833651791 401875864955 209756742506940 209780806339123
134504 641065 915644030191 915694157002 401875864954 401990062036 209780806339122 209845908582013
2869 13669 915574579625 915644030192 401990062035 402148217880 209845908582012 209936079835639
174119 829354 915560326015 915574579626 402148217879 402180667645 209936079835638 209954582052408
121359 577952 915519454023 915560326016 402180667644 402273699495 209954582052407 210007629340492
169887 808868 915484109879 915519454024 402273699494 402354128298 210007629340491 210053493120534
10489 49910 915322516246 915484109880 402354128297 402721605148 210053493120533 210263076704311
106045 504337 915317772902 915322516247 402721605147 402732385846 210263076704310 210269226100636
205841 978937 915316709776 915317772903 402732385845 402734802076 210269226100635 210270604344538
208235 990314 915315032422 915316709777 402734802075 402738614267 210270604344537 210272778863212
184524 877541 915313247373 915315032423 402738614266 402742671172 210272778863211 210275092976909
207855 988487 915311992273 915313247374 402742671171 402745523626 210275092976908 210276720059330
115406 548817 915304792055 915311992274 402745523625 402761887027 210276720059329 210286054051124
79982 380147 915132687339 915304792056 402761887026 403152780672 210286054051123 210509059417214
152587 724744 915086186065 915132687340 403152780671 403258319284 210509059417213 210569279971519
170175 808048 915038557365 915086186066 403258319283 403366382504 210569279971518 210630945759518
149543 709913 915009495318 915038557366 403366382503 403432303463 210630945759517 210668565586151
161870 768147 914917801572 915009495319 403432303462 403640206577 210668565586150 210787223474940
44112 209227 914846699471 914917801573 403640206576 403801332919 210787223474939 210879196245872
180202 854427 914808468681 914846699472 403801332918 403887936969 210879196245871 210928635200268
76711 363610 914743634031 914808468682 403887936968 404034755929 210928635200267 211012455530764
162388 769479 914706739505 914743634032 404034755928 404118275638 211012455530763 211060141638997
163172 773059 914686604094 914706739506 404118275637 404163848321 211060141638996 211086162851192
124241 588541 914665200668 914686604095 404163848320 404212284185 211086162851191 211113819817053
208555 987737 914618074586 914665200669 404212284184 404318905865 211113819817052 211174704360790
180827 856244 914600125104 914618074587 404318905864 404359507319 211174704360789 211197890367266
201051 951767 914535337758 914600125105 404359507318 404506014778 211197890367265 211281561013826
11625 55013 914485568251 914535337759 404506014777 404618518435 211281561013825 211345817980654
127674 603995 914428660574 914485568252 404618518434 404747112058 211345817980653 211419271134507
76045 359617 914363854543 914428660575 404747112057 404893494027 211419271134506 211502893279754
112394 531383 914349389646 914363854544 404893494026 404926158273 211502893279753 211521554248156
210145 993462 914339443003 914349389647 404926158272 404948617689 211521554248155 211534385486838
82291 388908 914245396018 914339443004 404948617688 405160901198 211534385486837 211655674888946
70736 334189 914231463156 914245396019 405160901197 405192339235 211655674888945 211673638759545
139745 660087 914179794837 914231463157 405192339234 405308897894 211673638759544 211740244561224
104143 491799 914150262720 914179794838 405308897893 405375501441 211740244561223 211778306716580
205147 968632 914131428154 914150262721 405375501440 405417972048 211778306716579 211802578487893
166859 787718 914095375195 914131428155 405417972047 405499254064 211802578487892 211849032874016
167467 790499 914094292463 914095375196 405499254063 405501694800 211849032874015 211850427847554
93441 441019 914055794684 914094292464 405501694799 405588466558 211850427847553 211900022812223
904 4263 913811548620 914055794685 405588466557 406138466054 211900022812222 212214450449027
26671 125604 913613225094 913811548621 406138466053 406584400750 212214450449026 212469476808447
103825 488621 913587899820 913613225095 406584400749 406641302996 212469476808446 212502024617726
158403 745345 913555160355 913587899821 406641302995 406714849727 212502024617725 212544094966408
115045 541204 913511192929 913555160356 406714849726 406813594160 212544094966407 212600582459253
201019 945440 913481705517 913511192930 406813594159 406879802504 212600582459252 212638459688622
199146 936455 913449027265 913481705518 406879802503 406953160190 212638459688621 212680429105165
132613 623496 913430035156 913449027266 406953160189 406995787293 212680429105164 212704817952350
151598 712563 913359166166 913430035157 406995787292 407154802967 212704817952349 212795804450224
200551 942444 913354419923 913359166167 407154802966 407165449918 212795804450223 212801896856139
59359 278896 913301886076 913354419924 407165449917 407283273521 212801896856138 212869321085413
206211 968587 913255953671 913301886077 407283273520 407386257849 212869321085412 212928258274264
941 4419 913231249271 913255953672 407386257848 407441634291 212928258274263 212959951624034
164893 774202 913193025336 913231249272 407441634290 407527297830 212959951624033 213008981546768
173201 812981 913137882437 913193025337 407527297829 407650840374 213008981546767 213079697033915
210227 986475 913091697702 913137882438 407650840373 407754278441 213079697033914 213138909614279
203135 953012 913073588540 913091697703 407754278440 407794828204 213138909614278 213162123321308
190076 891523 913008710615 913073588541 407794828203 407940062191 213162123321307 213245271663572
96646 453161 912968893413 913008710616 407940062190 408029165207 213245271663571 213296288617953
203068 951723 912855655415 912968893414 408029165206 408282441915 213296288617952 213441323059865
88254 413449 912829592156 912855655416 408282441914 408340710294 213441323059864 213474693181371
22102 103531 912818251894 912829592157 408340710293 408366060059 213474693181370 213489211352783
73348 343557 912807851860 912818251895 408366060058 408389306399 213489211352782 213502525097670
31178 146023 912789439941 912807851861 408389306398 408430457154 213502525097669 213526093685253
106143 496940 912684575394 912789439942 408430457153 408664735252 213526093685252 213660286964394
103179 482840 912635139177 912684575395 408664735251 408775124903 213660286964393 213723525480365
165184 772871 912628492564 912635139178 408775124902 408789963869 213723525480364 213732026610458
58999 276007 912586197605 912628492565 408789963868 408884374781 213732026610457 213786116041384
109013 509799 912509324514 912586197606 408884374780 409055904093 213786116041383 213884397241647
24081 112558 912417558267 912509324515 409055904092 409260551929 213884397241646 214001670377454
142644 666463 912371036546 912417558268 409260551928 409364253046 214001670377453 214061102799818
94996 443745 912344727265 912371036547 409364253045 409422884841 214061102799817 214094707404687
145047 677338 912269533584 912344727266 409422884840 409590402834 214094707404686 214190727635598
178052 831167 912224794571 912269533585 409590402833 409690034257 214190727635597 214247841268119
214177 999581 912195121951 912224794572 409690034256 409756097561 214247841268118 214285714285715
157048 732833 912168696110 912195121952 409756097560 409814921442 214285714285714 214319438590638
149298 696521 912123665110 912168696111 409814921441 409915137006 214319438590637 214376896476511
21361 99620 912048534485 912123665111 409915137005 410082273139 214376896476510 214472732120566
29812 138969 911970217629 912048534486 410082273138 410256410257 214472732120565 214572594527658
205394 957171 911951638603 911970217630 410256410256 410297707584 214572594527657 214596279162829
81397 379269 911921505175 911951638604 410297707583 410364677329 214596279162828 214634688829035
116125 540998 911898118150 911921505176 410364677328 410416644538 214634688829034 214664495268375
120862 563011 911888284293 911898118151 410416644537 410438493527 214664495268374 214677027364999
170709 795133 911864180537 911888284294 410438493526 410492041644 214677027364998 214707742224697
210895 981801 911712688808 911864180538 410492041643 410828398562 214707742224696 214900701850532
133859 622835 911684134670 911712688809 410828398561 410891760188 214900701850531 214937056146379
22373 104090 911681088569 911684134671 410891760187 410898518792 214937056146378 214940934054693
171059 795833 911677314886 911681088570 410898518791 410906891549 214940934054692 214945738147828
124909 580991 911603045814 911677314887 410906891548 411071632277 214945738147827 215040268520516
173565 807089 911586756889 911603045815 411071632276 411107753107 215040268520515 215060996643368
160795 747623 911564781292 911586756890 411107753106 411156478130 215060996643367 215088958612890
210462 978121 911437827766 911564781293 411156478129 411437827767 215088958612889 215250437021531
129840 603151 911407878907 911437827767 411437827766 411504165552 215250437021530 215288515911380
67436 313201 911370599658 911407878908 411504165551 411586722427 215288515911379 215335907384993
183775 853314 911322920230 911370599659 411586722426 411692282006 215335907384992 215396507647881
61257 284344 911265930420 911322920231 411692282005 411818411506 215396507647880 215468922953762
58057 269440 911259775895 911265930421 411818411505 411832029881 215468922953761 215476742133488
68753 319036 911219497303 911259775896 411832029880 411921142617 215476742133487 215527909378150
159877 741751 911200481591 911219497304 411921142616 411963205091 215527909378149 215552062202852
156619 726513 911162277351 911200481592 411963205090 412047696671 215552062202851 215600580627549
185110 858441 911107922838 911162277352 412047696670 412167869856 215600580627548 215669594024445
178750 828671 911049242742 911107922839 412167869855 412297559171 215669594024444 215744079194200
75532 350023 910974448428 911049242743 412297559170 412462791426 215744079194199 215838988200106
4499 20843 910954180221 910974448429 412462791425 412507553309 215838988200105 215864701298143
199069 922167 910944441935 910954180222 412507553308 412529058015 215864701298142 215877054801815
195593 905965 910916692837 910944441936 412529058014 412590327940 215877054801814 215912252734927
184989 856619 910853246034 910916692838 412590327939 412730377110 215912252734926 215992713184990
212493 983722 910827242784 910853246035 412730377109 412787758783 215992713184989 216025682249156
142191 658040 910737419624 910827242785 412787758782 412985898665 216025682249155 216139535669825
197049 911608 910712366734 910737419625 412985898664 413041142112 216139535669824 216171282136767
21326 98643 910676901605 910712366735 413041142111 413119330077 216171282136766 216216216216217
190469 880769 910618713686 910676901606 413119330076 413247575049 216216216216216 216289923305215
90031 416186 910564972539 910618713687 413247575048 413365976811 216289923305214 216357979316177
119973 554455 910530110194 910564972540 413365976810 413442763185 216357979316176 216402118437573
136690 631603 910505664688 910530110195 413442763184 413496595598 216402118437572 216433064418573
121697 562056 910366477462 910505664689 413496595597 413802944302 216433064418572 216609194718915
21581 99580 910190861445 910366477463 413802944301 414189082113 216609194718914 216831255176038
212017 977681 910150069075 910190861446 414189082112 414278712658 216831255176037 216882809034176
206450 951729 910089627348 910150069076 414278712657 414411474495 216882809034175 216959177496415
15592 71865 910084589007 910089627349 414411474494 414422539024 216959177496414 216965542473131
30513 140618 910042484879 910084589008 414422539023 414514988529 216965542473130 217018726970981
103625 477401 909975994991 910042484880 414514988528 414660932015 217018726970980 217102692966646
110227 507698 909962276229 909975994992 414660932014 414691036604 217102692966645 217120014235121
24120 111073 909907665979 909962276230 414691036603 414810847727 217120014235120 217188953746243
92493 425824 909875175365 909907665980 414810847726 414882110068 217188953746242 217229961108799
106817 491643 909819048293 909875175366 414882110067 415005179924 217229961108798 217300785796475
98762 454343 909704199554 909819048294 415005179923 415256871483 217300785796474 217445650263382
206792 950979 909694604587 909704199555 415256871482 415277890555 217445650263381 217457749295191
48743 224145 909688003863 909694604588 415277890554 415292349590 217457749295190 217466072337245
191887 882355 909679512092 909688003864 415292349589 415310950108 217466072337244 217476779468839
215513 990892 909652298216 909679512093 415310950107 415370553061 217476779468838 217511090080855
186688 858121 909583577673 909652298217 415370553060 415521016589 217511090080854 217597711588353
83053 381618 909526197637 909583577674 415521016588 415646599663 217597711588352 217670016874732
125184 575023 909474475585 909526197638 415646599662 415759760268 217670016874731 217735175611733
211835 972773 909428605607 909474475586 415759760267 415860086211 217735175611732 217792948628161
84732 388961 909350864462 909428605608 415860086210 416030053364 217792948628160 217890834580028
96903 444691 909319041515 909350864463 416030053363 416099604347 217890834580027 217930893317957
11112 50987 909307898957 909319041516 416099604346 416123953761 217930893317956 217944918149383
216155 991721 909284748184 909307898958 416123953760 416174538768 217944918149382 217974055029537
162073 743361 909200097182 909284748185 416174538767 416359440008 217974055029536 218080567156104
188498 864343 909197175647 909200097183 416359440007 416365819676 218080567156103 218084242416874
24784 113629 909150919789 909197175648 416365819675 416466811458 218084242416873 218142425064465
30148 138169 909064822894 909150919790 416466811457 416654710494 218142425064464 218250687717107
163088 747003 908949617884 909064822895 416654710493 416905975189 218250687717106 218395483716858
218033 998251 908918539037 908949617885 416905975188 416973727462 218395483716857 218434531874759
44146 202061 908848408387 908918539038 416973727461 417126564213 218434531874758 218522624625233
213275 975933 908829545720 908848408388 417126564212 417167660331 218522624625232 218546313507120
103288 472593 908814238758 908829545721 417167660330 417201006028 218546313507119 218565535376040
197725 904481 908749733545 908814238759 417201006027 417341493003 218565535376039 218646523254446
108001 493942 908742317996 908749733546 417341493002 417357639779 218646523254445 218655832085763
85107 389155 908676843963 908742317997 417357639778 417500171551 218655832085762 218738008412040
938 4287 908576385561 908676843964 417500171550 417718747006 218738008412039 218864044512703
212290 969923 908562034534 908576385562 417718747005 417749960386 218864044512702 218882044611035
120877 552134 908490452678 908562034535 417749960385 417905608233 218882044611034 218971809707307
204781 935064 908442095273 908490452679 417905608232 418010717010 218971809707306 219032433860359
88122 402293 908415183856 908442095274 418010717009 418069197310 219032433860358 219066165919194
204912 935297 908380936147 908415183857 418069197309 418143605529 219066165919193 219109087503408
47627 217351 908355817157 908380936148 418143605528 418198170054 219109087503407 219140563983910
186125 849268 908325872873 908355817158 418198170053 418263205014 219140563983909 219178082191781
18416 83991 908192526367 908325872874 418263205013 418552666997 219178082191780 219345092915181
155463 708490 908059023836 908192526368 418552666996 418842224745 219345092915180 219512195121952
159019 724345 908022746158 908059023837 418842224744 418920866584 219512195121951 219557585163298
168979 769597 908005834586 908022746159 418920866583 418957520946 219557585163297 219578742030482
215651 982085 907996048782 908005834587 418957520945 418978729049 219578742030481 219590983595391
177931 810269 907989668726 907996048783 418978729048 418992555406 219590983595390 219598964435486
125921 573364 907959384500 907989668727 418992555405 419058177462 219598964435485 219636843879393
195853 891609 907918465243 907959384501 419058177461 419146824479 219636843879392 219688017131910
152947 696176 907905886634 907918465244 419146824478 419174070065 219688017131909 219703745871958
6621 30134 907882141829 907905886635 419174070064 419225496061 219703745871957 219733434717450
103028 468795 907820491753 907882141830 419225496060 419358980771 219733434717449 219810502394507
219458 997891 907642304128 907820491754 419358980770 419744502950 219810502394506 220033127825179
50813 230891 907577574659 907642304129 419744502949 419884443597 220033127825178 220113954564541
89903 408421 907562518381 907577574660 419884443596 419916986117 220113954564540 220132751650549
206849 939435 907479643726 907562518382 419916986116 420096055946 220132751650548 220236193517195
178259 809370 907466907119 907479643727 420096055945 420123568112 220236193517194 220252087489895
212095 962934 907455627958 907466907120 420123568111 420147930243 220252087489894 220266161940500
163616 742513 907314165717 907455627959 420147930242 420453332354 220266161940499 220442620262158
80900 366987 907312312152 907314165718 420453332353 420457332220 220442620262157 220444931614034
204849 929248 907310606533 907312312153 420457332219 420461012784 220444931614033 220447058462106
217832 988129 907307573510 907310606534 420461012783 420467557668 220447058462105 220450840497660
14914 67645 907269564143 907307573511 420467557667 420549566614 220450840497659 220498231880553
215647 977774 907188234410 907269564144 420549566613 420724978278 220498231880552 220599608725803
173476 786375 907184188181 907188234411 420724978277 420733702851 220599608725802 220604651327004
161449 731542 907036207348 907184188182 420733702850 421052631579 220604651327003 220789007548240
19331 87551 907023337704 907036207349 421052631578 421080354397 220789007548239 220805034773822
176297 798396 907008967748 907023337705 421080354396 421111306455 220805034773821 220822929297405
212716 963259 906998419675 907008967749 421111306454 421134024637 220822929297404 220836063780464
194627 881305 906992819318 906998419676 421134024636 421146085944 220836063780463 220843037098665
60191 272537 906974541091 906992819319 421146085943 421185448244 220843037098664 220865795094565
172362 780085 906834661210 906974541092 421185448243 421486532676 220865795094564 221039894674350
190142 860165 906813695002 906834661211 421486532675 421531638855 221039894674349 221065980362566
182773 826655 906759817323 906813695003 421531638854 421647523043 221065980362565 221133002285845
212313 960010 906721111888 906759817324 421647523042 421730749716 221133002285844 221181140275876
125044 565275 906676067175 906721111889 421730749715 421827582327 221181140275875 221237151705428
36177 163495 906618681556 906676067176 421827582326 421950905027 221237151705427 221308491890928
181012 817833 906582061079 906618681557 421950905026 422029580158 221308491890927 221354007662713
198385 896131 906541091993 906582061080 422029580157 422117576662 221354007662712 221404919324393
214045 966647 906500128324 906541091994 422117576661 422205539220 221404919324392 221455814739793
147607 666463 906464149871 906500128325 422205539219 422282778476 221455814739792 221500508417206
58032 261931 906377148165 906464149872 422282778475 422469484441 221500508417205 221608554659177
58388 263409 906289610038 906377148166 422469484440 422657240251 221608554659176 221717223881034
214155 965803 906256505042 906289610039 422657240250 422728218916 221717223881033 221758308914369
177337 799647 906239103773 906256505043 422728218915 422765522238 221758308914368 221779902321957
149895 675767 906183139995 906239103774 422765522237 422885465332 221779902321956 221849336749550
9435 42523 906133822201 906183139996 422885465331 422991130242 221849336749549 221910510854134
8527 38424 906120789652 906133822202 422991130241 423019047515 221910510854133 221926674222954
108827 490343 906098395643 906120789653 423019047514 423067012911 221926674222953 221954445729289
184729 832173 906050901778 906098395644 423067012910 423168717401 221954445729288 222013335009031
118385 532983 905882352941 906050901779 423168717400 423529411765 222013335009030 222222222222223
110135 495523 905821167209 905882352942 423529411764 423660256616 222222222222222 222298011956753
131855 593126 905809543168 905821167210 423660256615 423685108902 222298011956752 222312408089325
209123 940627 905792465718 905809543169 423685108901 423721617395 222312408089324 222333556783365
193354 869503 905728736310 905792465719 423721617394 423857825482 222333556783364 222412464799170
169595 762443 905690226558 905728736311 423857825481 423940106049 222412464799169 222460135514386
210547 946279 905625936650 905690226559 423940106048 424077425555 222460135514385 222539700682346
97503 438073 905572928200 905625936651 424077425554 424190607758 222539700682345 222605286567576
176671 793593 905546438186 905572928201 424190607757 424247154719 222605286567575 222638056054031
218851 982931 905524801596 905546438187 424247154718 424293334491 222638056054030 222664818707633
35736 160463 905458935958 905524801597 424293334490 424433876231 222664818707632 222746272942973
216459 971516 905363296684 905458935959 424433876230 424637846896 222746272942972 222864504441004
74445 334036 905362170885 905363296685 424637846895 424640247187 222864504441003 222865895877936
189964 852115 905254608600 905362170886 424640247186 424869501856 222865895877935 222998805481222
20779 93177 905243482957 905254608601 424869501855 424893206069 222998805481221 223012549245696
86408 387451 905236944073 905243482958 424893206068 424907137014 223012549245695 223020626560758
159720 716117 905211760370 905236944074 424907137013 424960785117 223020626560757 223051733122791
192891 864584 905129261834 905211760371 424960785116 425136471468 223051733122790 223153609565696
126970 568923 905092873590 905129261835 425136471467 425213934597 223153609565695 223198532990769
197621 885256 905032178790 905092873591 425213934596 425343103100 223198532990768 223273447994690
198884 890731 905018681452 905032178791 425343103099 425371821142 223273447994689 223290104859832
135771 607976 904976092261 905018681453 425371821141 425462421885 223290104859831 223342656956708
155993 698426 904965226669 904976092262 425462421884 425485532679 223342656956707 223356062736106
215298 963533 904818702200 904965226670 425485532678 425797036330 223356062736105 223536778506992
100253 448334 904696151649 904818702201 425797036329 426057359039 223536778506991 223687835285113
223529 999170 904652572777 904696151650 426057359038 426149882751 223687835285112 223741531049247
182263 814485 904595007030 904652572778 426149882750 426272064832 223741531049246 223812444775763
115135 514378 904560904583 904595007031 426272064831 426344426373 223812444775762 223854446106704
36878 164725 904525642996 904560904584 426344426372 426419231699 223854446106703 223897868357074
211311 943711 904497898756 904525642997 426419231698 426478078153 223897868357073 223932028715381
205371 916946 904431592511 904497898757 426478078152 426618675713 223932028715380 224013651837378
163659 730498 904392716665 904431592512 426618675712 426701082777 224013651837377 224061496897495
177752 793011 904251737437 904392716666 426701082776 426999760354 224061496897494 224234932786874
51862 231283 904249824619 904251737438 426999760353 427003811078 224234932786873 224237285232814
186242 830555 904248646745 904249824620 427003811077 427006305408 224237285232813 224238733811104
100793 449488 904247271835 904248646746 427006305407 427009216971 224238733811103 224240424700360
209794 935567 904243693439 904247271836 427009216970 427016794605 224240424700359 224244825426443
221168 985909 904106726889 904243693440 427016794604 427306712320 224244825426442 224413215018401
202289 901328 904072266505 904106726890 427306712319 427379616894 224413215018400 224455565270021
100961 449733 904014627764 904072266506 427379616893 427501523726 224455565270020 224526386242833
147988 659061 903986429079 904014627765 427501523725 427561148890 224526386242832 224561027515179
72741 323894 903951085328 903986429080 427561148889 427635867688 224561027515178 224604440199346
194081 864045 903927231455 903951085329 427635867687 427686287170 224604440199345 224633736050328
178132 792871 903872947531 903927231456 427686287169 427800998972 224633736050327 224700392705454
194508 865547 903836717690 903872947532 427800998971 427877538268 224700392705453 224744871391590
205671 914884 903737838893 903836717691 427877538267 428086344740 224744871391589 224866226847627
109048 484797 903625087540 903737838894 428086344739 428324294393 224866226847626 225004543802404
110753 492167 903581384158 903625087541 428324294392 428416482179 225004543802403 225058138172385
217716 967361 903575424788 903581384159 428416482178 428429050975 225058138172384 225065445474672
177521 788647 903526171823 903575424789 428429050974 428532912191 225065445474671 225125831487588
164892 732287 903447558128 903526171824 428532912190 428698623407 225125831487587 225222187801328
112229 498274 903425810239 903447558129 428698623406 428744452318 225222187801327 225248838179386
212697 944237 903410749208 903425810240 428744452317 428776186624 225248838179385 225267292832968
178311 791404 903341514064 903410749209 428776186623 428922031339 225267292832967 225352112676057
188289 835528 903339559880 903341514065 428922031338 428926146971 225352112676056 225354506369738
131400 582983 903277504354 903339559881 428926146970 429056814569 225354506369737 225430507945740
109074 483751 903204005502 903277504355 429056814568 429211514809 225430507945739 225520497838044
24385 108119 903174548390 903204005503 429211514808 429273496899 225520497838043 225556556156006
148553 658534 903134004591 903174548391 429273496898 429358789069 225556556156005 225606178037005
205087 908990 903110199017 903134004592 429358789068 429408859284 225606178037004 225635309771144
107739 477446 903074854858 903110199018 429408859283 429483185378 225635309771143 225678556091237
41642 184491 903018694657 903074854859 429483185377 429601253607 225678556091236 225747258717025
83156 368269 902928623388 903018694658 429601253606 429790531615 225747258717024 225857410694256
173375 767579 902903913894 902928623389 429790531614 429842438894 225857410694255 225887621416369
64832 287001 902892361097 902903913895 429842438893 429866705238 225887621416368 225901745167151
88846 393261 902860518823 902892361098 429866705237 429933580393 225901745167150 225940669922602
213314 943979 902807209312 902860518824 429933580392 430045512491 225940669922601 226005824650056
9051 40043 902764341572 902807209313 430045512490 430135494451 226005824650055 226058206501175
115812 512201 902685198059 902764341573 430135494450 430301560773 226058206501174 226154889527408
208221 920548 902623699455 902685198060 430301560772 430430548615 226154889527407 226229994264297
214055 946132 902603681203 902623699456 430430548614 430472524882 226229994264296 226254437082430
72217 319092 902495755461 902603681204 430472524881 430698747820 226254437082429 226386180670010
171651 758192 902481037783 902495755462 430698747819 430729586215 226386180670009 226404141571221
32255 142462 902469381638 902481037784 430729586214 430754007764 226404141571220 226418365478406
189734 837753 902368927062 902469381639 430754007763 430964406272 226418365478405 226540919660987
122705 541636 902362017280 902368927063 430964406271 430978873925 226540919660986 226549347605822
163517 721771 902361447434 902362017281 430978873924 430980067039 226549347605821 226550042642835
93919 414356 902176839451 902361447435 430980067038 431366376016 226550042642834 226775117365008
192923 850680 902157657036 902176839452 431366376015 431406492593 226775117365007 226798494329137
190322 839115 902134221635 902157657037 431406492592 431455497305 226798494329136 226827051633085
198211 873798 902115481729 902134221636 431455497304 431494678559 226827051633084 226849885142613
134683 593693 902104944044 902115481730 431494678558 431516708751 226849885142612 226862723900371
39457 173907 902067331775 902104944045 431516708750 431595330077 226862723900370 226908544648185
28060 123613 901919134345 902067331776 431595330076 431904937575 226908544648184 227089012237430
2096 9229 901884328779 901919134346 431904937574 431977612269 227089012237429 227131380038288
171401 754603 901869131056 901884328780 431977612268 432009340694 227131380038287 227149877790850
164128 722451 901816028724 901869131057 432009340693 432120180431 227149877790849 227214501247177
204789 901144 901750329606 901816028725 432120180430 432257264896 227214501247176 227294434062024
147658 649573 901715721272 901750329607 432257264895 432329455405 227294434062023 227336531201040
204775 900639 901666687825 901715721273 432329455404 432431710292 227336531201039 227396164143904
150553 662073 901666341492 901666687826 432431710291 432432432433 227396164143903 227396585298466
224741 988150 901601313597 901666341493 432432432432 432567996181 227396585298465 227475650698736
104789 460564 901523057468 901601313598 432567996180 432731067585 227475650698735 227570770643675
173859 763852 901461406267 901523057469 432731067584 432859484141 227570770643674 227645684899809
43964 193107 901427095162 901461406268 432859484140 432930932260 227645684899808 227687368798240
31715 139264 901352057744 901427095163 432930932259 433087136730 227687368798239 227778508964361
220034 965883 901306680587 901352057745 433087136729 433181564161 227778508964360 227833609687400
70891 311120 901267459130 901306680588 433181564160 433263161499 227833609687399 227881227029841
199567 875715 901252424525 901267459131 433263161498 433294434868 227881227029840 227899477880266
178173 781735 901218696598 901252424526 433294434867 433364581965 227899477880265 227940416712374
195620 858007 901131243818 901218696599 433364581964 433546400533 227940416712373 228046539102296
31738 139169 901119502758 901131243819 433546400532 433570803616 228046539102295 228060783652122
169795 744446 901083931856 901119502759 433570803615 433644725266 228060783652121 228103934812785
147057 644552 901001669759 901083931857 433644725265 433815618773 228103934812784 228203702118723
156314 684809 900910005804 901001669760 433815618772 434005946320 228203702118722 228314830788514
85558 374729 900902028039 900910005805 434005946319 434022506186 228314830788513 228324500570300
2331 10208 900859431050 900902028040 434022506185 434110913808 228324500570299 228376126459713
187255 819862 900823008936 900859431051 434110913807 434186488241 228376126459712 228420261223458
131364 575015 900768681368 900823008937 434186488240 434299185661 228420261223457 228486080351045
226013 989114 900744945992 900768681369 434299185660 434348411150 228486080351044 228514831548232
167984 735021 900698215671 900744945993 434348411149 434445306440 228514831548231 228571428571429
209020 914429 900684386127 900698215672 434445306439 434473976880 228571428571428 228588175948973
41923 183363 900608836600 900684386128 434473976879 434630559714 228588175948972 228679647986592
71467 312503 900588090660 900608836601 434630559713 434673545274 228679647986591 228704761126263
33812 147827 900551636364 900588090661 434673545273 434749065832 228704761126262 228748884014946
184649 807117 900506819763 900551636365 434749065831 434841888000 228748884014945 228803118977405
49258 215265 900470755797 900506819764 434841887999 434916564358 228803118977404 228846754432385
63295 276514 900377065460 900470755798 434916564357 435110491706 228846754432384 228960083560911
72945 318569 900348952841 900377065461 435110491705 435168660541 228960083560910 228994080213261
98293 429213 900326741175 900348952842 435168660540 435214612719 228994080213260 229020937972570
63101 275408 900165716573 900326741176 435214612718 435547566525 229020937972569 229215569318779
80827 352621 900162070521 900165716574 435547566524 435555101904 229215569318778 229219974791020
206865 902467 900159251415 900162070522 435555101903 435560928105 229219974791019 229223381029676
186257 812548 900155176719 900159251416 435560928104 435569349042 229223381029675 229228304287066
69241 302047 900137209661 900155176720 435569349041 435606478124 229228304287065 229250012003458
219650 957731 899981323823 900137209662 435606478123 435928453728 229250012003457 229438283556262
136321 594121 899962091526 899981323824 435928453727 435968156883 229438283556261 229461502851339
68723 299425 899870841560 899962091527 435968156882 436156472507 229461502851338 229571644011439
103237 449627 899814107196 899870841561 436156472506 436273506520 229571644011438 229640102611532
205881 896447 899775606467 899814107197 436273506519 436352905349 229640102611531 229686550276094
191673 834391 899726701808 899775606468 436352905348 436453734150 229686550276093 229745538520635
223376 972097 899656662830 899726701809 436453734149 436598086374 229745538520634 229829997660232
202001 878815 899613339372 899656662831 436598086373 436687347679 229829997660231 229882228465754
198539 863628 899601292547 899613339373 436687347678 436712164299 229882228465753 229896750445220
50941 221528 899508158575 899601292548 436712164298 436903962737 229896750445219 230008995099262
12521 54427 899437994585 899508158576 436903962736 437048388507 230008995099261 230093527533976
196570 854173 899379050504 899437994586 437048388506 437169673599 230093527533975 230164523233304
175318 761685 899367854138 899379050505 437169673598 437192706873 230164523233303 230178006814336
218687 950034 899350254272 899367854139 437192706872 437228910459 230178006814335 230199200739700
19728 85685 899284699252 899350254273 437228910458 437363726994 230199200739699 230278129005978
204990 890069 899235088745 899284699253 437363726993 437465718850 230278129005977 230337845715665
67435 292712 899164977109 899235088746 437465718849 437609807866 230337845715664 230422218785669
129839 563447 899140513929 899164977110 437609807865 437660069245 230422218785668 230451652226117
144270 625841 899023858642 899140513930 437660069244 437899647855 230451652226116 230591967479051
152003 659153 899004649231 899023858643 437899647854 437939083276 230591967479050 230615066399719
71680 310809 898989868837 899004649232 437939083275 437969423280 230615066399718 230632838261460
198495 860606 898968615360 898989868838 437969423279 438013046150 230632838261459 230658391406207
222562 964667 898876404494 898968615361 438013046149 438202247192 230658391406206 230769230769231
120490 522003 898787857873 898876404495 438202247191 438383834715 230769230769230 230875625677113
185647 804059 898768445643 898787857874 438383834714 438423632022 230875625677112 230898945591409
42697 184910 898755155638 898768445644 438423632021 438450875484 230898945591408 230914909793328
217513 941920 898738135428 898755155639 438450875483 438485762514 230914909793327 230935353502473
180423 781072 898640344976 898738135429 438485762513 438686141086 230935353502472 231052785877036
219877 951583 898620918350 898640344977 438686141085 438725933930 231052785877035 231076108816344
143771 622094 898567515986 898620918351 438725933929 438835298506 231076108816343 231140212191505
2491 10776 898531472604 898567515987 438835298505 438909093935 231140212191504 231183470102168
217297 939822 898485915001 898531472605 438909093934 439002346854 231183470102167 231238137394106
145915 630984 898466272753 898485915002 439002346853 439042545460 231238137394105 231261704124411
134872 583143 898428089104 898466272754 439042545459 439120676703 231261704124410 231307511315450
29474 127409 898384360919 898428089105 439120676702 439210132005 231307511315449 231359961157854
105149 454418 898329789322 898384360920 439210132004 439321738155 231359961157853 231425403860535
120025 518624 898322612940 898329789323 439321738154 439336412195 231425403860534 231434008739715
115489 498936 898261621966 898322612941 439336412194 439461100102 231434008739714 231507130005483
196731 849685 898216722047 898261621967 439461100101 439552863981 231507130005482 231560948165414
28711 123980 898188809786 898216722048 439552863980 439609897493 231560948165413 231594399474895
225305 972542 898069138477 898188809787 439609897492 439854319651 231594399474894 231737775370652
107560 464139 898063883611 898069138478 439854319650 439865048570 231737775370651 231744069505605
2339 10093 898062707987 898063883612 439865048569 439867448811 231744069505604 231745477617290
56926 245639 898060854752 898062707988 439867448810 439871232479 231745477617289 231747697328465
37499 161762 897946980267 898060854753 439871232478 440103647599 231747697328464 231884057971015
101788 438931 897920722726 897946980268 440103647598 440157217024 231884057971014 231915491386069
154596 666535 897880091752 897920722727 440157217023 440240094533 231915491386068 231964124839111
221797 956064 897837351680 897880091753 440240094532 440327253220 231964124839110 232015274032505
31632 136319 897789410142 897837351681 440327253219 440424993655 232015274032504 232072637406991
158429 682573 897734339893 897789410143 440424993654 440537234495 232072637406990 232138516563394
71277 307031 897716481636 897734339894 440537234494 440573624494 232138516563393 232159876755324
184435 794331 897667610561 897716481637 440573624493 440673190640 232159876755323 232218323265244
29238 125875 897567690952 897667610562 440673190639 440876672278 232218323265243 232337783985233
171082 736325 897554326437 897567690953 440876672277 440903879654 232337783985232 232353758472490
69352 298441 897508840597 897554326438 440903879653 440996463762 232353758472489 232408120756002
71785 308827 897448694974 897508840598 440996463761 441118850073 232408120756001 232479988123256
59268 254927 897431791548 897448694975 441118850072 441153238136 232479988123255 232500182668404
123774 532249 897349966120 897431791549 441153238135 441319655470 232500182668403 232597919914312
188887 811986 897307176159 897349966121 441319655469 441406651075 232597919914311 232649017840155
218479 938973 897257484736 897307176160 441406651074 441507651220 232649017840154 232708346005414
19389 83305 897192494263 897257484737 441507651219 441639704100 232708346005413 232785922058452
128962 553963 897170676040 897192494264 441639704099 441684025128 232785922058451 232811960834995
41269 177230 897097511249 897170676041 441684025127 441832610057 232811960834994 232899261865512
92109 395480 897089033660 897097511250 441832610056 441849822550 232899261865511 232909375737921
132155 567406 897086602749 897089033661 441849822549 441854758000 232909375737920 232912275780818
4907 21064 897012109745 897086602750 441854757999 442005967121 232912275780817 233001131015552
160475 688689 896988527543 897012109746 442005967120 442053821900 233001131015551 233029254252740
177643 762225 896939506753 896988527544 442053821899 442153277977 233029254252739 233087705961521
123595 530194 896897433454 896939506754 442153277976 442238616431 233087705961520 233137864299351
104828 449609 896870870577 896897433455 442238616430 442292484121 233137864299350 233169527236071
114299 490124 896812600263 896870870578 442292484120 442410623752 233169527236070 233238973470657
70928 304077 896782833886 896812600264 442410623751 442470958195 233238973470656 233274442540309
142883 612433 896733403582 896782833887 442470958194 442571127503 233274442540308 233333333333334
150535 645028 896659299422 896733403583 442571127502 442721244983 233333333333333 233421598236968
166104 711479 896589811649 896659299423 442721244982 442861953262 233421598236967 233504340548932
43540 186437 896534380674 896589811650 442861953261 442974157563 233504340548931 233570328108144
80147 343130 896524521718 896534380675 442974157562 442994110522 233570328108143 233582063109976
190081 813638 896463060220 896524521719 442994110521 443118473617 233582063109975 233655209484891
222001 949982 896405099872 896463060221 443118473616 443235712599 233655209484890 233724172450746
189238 809551 896350349676 896405099873 443235712598 443346422829 233724172450745 233789301066539
200765 858706 896333265278 896350349677 443346422828 443380962104 233789301066538 233809621030940
93953 401800 896298550027 896333265279 443380962103 443451135096 233809621030939 233850906593456
114583 489922 896249468587 896298550028 443451135095 443550324154 233850906593455 233909267478080
13810 59033 896202896795 896249468588 443550324153 443644415918 233909267478079 233964633567209
103389 441860 896167151101 896202896796 443644415917 443716618224 233964633567208 234007122191512
148334 633873 896158646902 896167151102 443716618223 443733793600 234007122191511 234017229689079
57295 244751 896027641366 896158646903 443733793599 443998272415 234017229689078 234172890061133
45599 194665 895908823981 896027641367 443998272414 444237975766 234172890061132 234313997670161
33337 142238 895806416477 895908823982 444237975765 444444444445 234313997670160 234435562925363
193056 823307 895717241084 895806416478 444444444444 444624137924 234435562925362 234541380057778
125866 536541 895638890308 895717241085 444624137923 444781944516 234541380057777 234634321330598
229629 978496 895569506998 895638890309 444781944515 444921631453 234634321330597 234716600899932
28673 122141 895507635662 895569506999 444921631452 445046148697 234716600899931 234789953004334
82803 352619 895452119495 895507635663 445046148696 445157839076 234789953004333 234855755255926
147505 627987 895402027529 895452119496 445157839075 445258586775 234855755255925 234915115794670
132984 566029 895356602103 895402027530 445258586774 445349924295 234915115794669 234968936083165
223573 951401 895315220345 895356602104 445349924294 445433110823 234968936083164 235017956929167
65113 277029 895277365480 895315220346 445433110822 445509190544 235017956929166 235062792738044
8924 37961 895242605168 895277365481 445509190543 445579036638 235062792738043 235103957362547
230005 978233 895210574944 895242605169 445579036637 445643384904 235103957362546 235141883859703
86054 365939 895180965399 895210574945 445643384903 445702859747 235141883859702 235176939766600
107468 456935 895153512170 895180965400 445702859746 445757994488 235176939766599 235209439037395
101629 432051 895127988027 895153512171 445757994487 445809247381 235209439037394 235239651462818
186743 793794 895104196579 895127988028 445809247380 445857014375 235239651462817 235267810170473
17887 76024 895081967213 895104196580 445857014374 445901639345 235267810170472 235294117647059
19105 81192 895061151000 895081967214 445901639344 445943422386 235294117647058 235318750611505
83005 352717 895041617359 895061151001 445943422385 445982626563 235318750611504 235341863986878
42753 181655 895023251311 895041617360 445982626562 446019483445 235341863986877 235363594159681
169478 718993 894427190999 895023251312 446019483444 447213595500 235363594159680 236067977499790
141571 598969 893935618684 894427191000 447213595499 448195392266 236067977499789 236647638834016
181627 767476 893923193795 893935618685 448195392265 448220173125 236647638834015 236662275741974
214960 908269 893910124590 893923193796 448220173124 448246237190 236662275741973 236677670904155
178298 753311 893896359623 893910124591 448246237189 448273686772 236677670904154 236693884801685
96376 407161 893881841822 893896359624 448273686771 448302635348 236693884801684 236710984522855
76484 323099 893866507697 893881841823 448302635347 448333209139 236710984522854 236729044690569
231001 975764 893850286414 893866507698 448333209138 448365548941 236729044690568 236748148550515
116455 491873 893833098701 893850286415 448365548940 448399812295 236748148550514 236768389253496
41062 173419 893814855553 893833098702 448399812294 448436176052 236768389253495 236789871373597
232541 982009 893795456691 893814855554 448436176051 448474839426 236789871373596 236812712714342
181985 768437 893774788720 893795456692 448474839425 448516027638 236812712714341 236837046468696
7074 29867 893752722911 893774788721 448516027637 448559996310 236837046468695 236863023816457
11101 46864 893729112518 893752722912 448559996309 448607036767 236863023816456 236890817065988
207469 875745 893703789518 893729112519 448607036766 448657482496 236890817065987 236920623478148
125770 530817 893676560603 893703789519 448657482495 448711717061 236920623478147 236952669951709
46439 195970 893647202244 893676560604 448711717060 448770183859 236952669951708 236987218805454
224551 947449 893615454544 893647202245 448770183858 448833398268 236987218805453 237024574968511
150866 636445 893581013531 893615454545 448833398267 448901962856 237024574968510 237065094995859
184418 777849 893543521409 893581013532 448901962855 448976586636 237065094995858 237109198473248
79037 333302 893502554088 893543521410 448976586635 449058109645 237109198473247 237157382584198
162076 683335 893457605098 893502554089 449058109644 449147534661 237157382584197 237210240911068
204632 862555 893408064571 893457605099 449147534660 449246068608 237210240911067 237268487978453
12445 52444 893353191447 893408064572 449246068607 449355177260 237268487978452 237332991693823
207614 874647 893292076217 893353191448 449355177259 449476658535 237332991693822 237404816816343
18851 79391 893223590198 893292076218 449476658534 449612742160 237404816816342 237485284087747
219480 924007 893146315335 893223590199 449612742159 449766227503 237485284087746 237576052024913
194661 819185 893058445183 893146315336 449766227502 449940677742 237576052024912 237679232189859
193205 812679 892957642288 893058445184 449940677741 450140699204 237679232189858 237797555078538
197323 829555 892840827811 892957642289 450140699203 450372352829 237797555078537 237934614581075
210136 882869 892703862660 892840827812 450372352828 450643776825 237934614581074 238095238095239
8678 36433 892541048808 892703862661 450643776824 450966158588 238095238095238 238286064585596
63841 267788 892344320475 892541048809 450966158587 451355307618 238286064585595 238516480713451
192853 808484 892310001448 892344320476 451355307617 451423151062 238516480713450 238556658642819
50227 210511 892243449598 892310001449 451423151061 451554677364 238556658642818 238634557016865
168706 706841 892172575639 892243449599 451554677363 451694692549 238634557016864 238717492455044
102848 430761 892101874655 892172575640 451694692548 451834311708 238717492455043 238800202969948
164393 688404 892096944151 892101874656 451834311707 451844046365 238800202969947 238805970149254
222879 933121 892016059159 892096944152 451844046364 452003705960 238805970149253 238900565231292
104423 437049 891970083600 892016059160 452003705959 452094425935 238900565231291 238954320606500
197633 826992 891929353217 891970083601 452094425934 452174776906 238954320606499 239001935318828
143454 600179 891900680243 891929353218 452174776905 452231330828 239001935318827 239035450195708
231052 966449 891836174045 891900680244 452231330827 452358528895 239035450195707 239110835864620
191218 799687 891827242390 891836174046 452358528894 452376137445 239110835864619 239121272443966
109063 456064 891795729790 891827242391 452376137444 452438256924 239121272443965 239158091858818
95128 397717 891749407737 891795729791 452438256923 452529550196 239158091858817 239212206619040
15473 64681 891735768049 891749407738 452529550195 452556427400 239212206619039 239228139068550
122111 510382 891691266317 891735768050 452556427399 452644104760 239228139068549 239280115534270
18653 77950 891666769258 891691266318 452644104759 452692359778 239280115534269 239308723467588
198755 830458 891627259837 891666769259 452692359777 452770172952 239308723467587 239354857357036
124149 518674 891621121271 891627259838 452770172951 452782261250 239354857357035 239362024539362
62732 262053 891578868092 891621121272 452782261249 452865456809 239362024539361 239411353366190
123852 517279 891547287171 891578868093 452865456808 452927626379 239411353366189 239448217578279
199403 832684 891509626555 891547287172 452927626378 453001750283 239448217578278 239492172771947
235117 981673 891485185021 891509626556 453001750282 453049848126 239492172771946 239520696071743
202677 846145 891469465341 891485185022 453049848125 453080779072 239520696071742 239539039552639
176908 738405 891397091161 891469465342 453080779071 453223152398 239539039552638 239623479657257
190192 793693 891387323993 891397091162 453223152397 453242361903 239623479657256 239634873382654
225379 940505 891385130206 891387323994 453242361902 453246676377 239634873382653 239637432449722
164489 686402 891381665437 891385130207 453246676376 453253490358 239637432449721 239641474082092
89501 373405 891300493512 891381665438 453253490357 453413090090 239641474082091 239736145390216
226710 945613 891278030761 891300493513 453413090089 453457243721 239736145390215 239762338664757
149474 623371 891241952393 891278030762 453457243720 453528149396 239762338664756 239804404095987
149723 624304 891208560908 891241952394 453528149395 453593762042 239804404095986 239843331622561
158387 660304 891163115601 891208560909 453593762041 453683040670 239843331622560 239896303458497
145724 607369 891111063271 891163115602 453683040669 453785271815 239896303458496 239956965313832
186502 777189 891088788576 891111063272 453785271814 453829010613 239956965313831 239982920608725
178230 742589 891039496859 891088788577 453829010612 453925781419 239982920608724 240040349327860
206378 859697 891007479996 891039496860 453925781418 453988623857 240040349327859 240077645730601
2317 9649 890920130677 891007479997 453988623856 454160016683 240077645730600 240179375804449
2613 10879 890906146901 890920130678 454160016682 454187447441 240179375804448 240195658671033
78164 325411 890897223517 890906146902 454187447440 454204950578 240195658671032 240206048710101
126121 525002 890856833083 890897223518 454204950577 454284165417 240206048710100 240253073352043
49381 205499 890779628195 890856833084 454284165416 454435533374 240253073352042 240342939281133
128670 535337 890761869708 890779628196 454435533373 454470341688 240342939281132 240363606316011
119117 495536 890733498833 890761869709 454470341687 454525944315 240363606316010 240396620991388
47795 198779 890653936919 890733498834 454525944314 454681827931 240396620991387 240489186863706
168527 700685 890605264907 890653936920 454681827930 454777156549 240489186863705 240545800326461
236506 983017 890525853260 890605264908 454777156548 454932637513 240545800326460 240638146644737
233113 968713 890519284853 890525853261 454932637512 454945494872 240638146644736 240645783683049
81003 336538 890434682196 890519284854 454945494871 455111059790 240645783683048 240744133651005
59320 246367 890374679597 890434682197 455111059789 455228437087 240744133651004 240813867219047
130888 543417 890293426484 890374679598 455228437086 455387323890 240813867219046 240908272498233
233561 969396 890248162977 890293426485 455387323889 455475804314 240908272498232 240960850133332
64757 268726 890218976795 890248162978 455475804313 455532845526 240960850133331 240994747760591
237034 983245 890083871281 890218976796 455532845525 455796777177 240994747760590 241151614540302
145801 604555 890050849947 890083871282 455796777176 455861255766 241151614540301 241189942470477
10114 41933 890043364858 890050849948 455861255765 455875869806 241189942470476 241198629767814
64131 265877 890031491267 890043364859 455875869805 455899050835 241198629767813 241212409920447
232079 961759 889868752716 890031491268 455899050834 456216618438 241212409920446 241401217826321
190687 789820 889817462812 889868752717 456216618437 456316647597 241401217826320 241460700081113
170659 706636 889734033469 889817462813 456316647596 456479298202 241460700081112 241557430896182
228245 944746 889670871510 889734033470 456479298201 456602387626 241557430896181 241630642938749
172789 715045 889641386137 889670871511 456602387625 456659834092 241630642938748 241664813991313
212942 880989 889567018143 889641386138 456659834091 456804684993 241664813991312 241750983482676
224943 930338 889506011398 889567018144 456804684992 456923468085 241750983482675 241821653558494
81171 335654 889492663056 889506011399 456923468084 456949452751 241821653558493 241837114102279
232891 962921 889455065247 889492663057 456949452750 457022632816 241837114102278 241880657138201
63931 264293 889431307788 889455065248 457022632815 457068866503 241880657138200 241908168144723
233354 964551 889393280929 889431307789 457068866502 457142857143 241908168144722 241952197965828
220253 910290 889381261255 889393280930 457142857142 457166241238 241952197965827 241966113781214
231377 956130 889334389792 889381261256 457166241237 457257414519 241966113781213 242020373412192
70680 292009 889287802318 889334389793 457257414518 457348012621 242020373412191 242074294906048
235477 972659 889250029861 889287802319 457348012620 457421451608 242074294906047 242118006816238
235788 973783 889218788100 889250029862 457421451607 457482182046 242118006816237 242154156483908
105395 435184 889165614855 889218788101 457482182045 457585521361 242154156483907 242215673291266
20295 83783 889135810388 889165614856 457585521360 457643431818 242215673291265 242250149142731
81979 338387 889111799321 889135810389 457643431817 457690078883 242250149142730 242277920791768
230787 952315 888999008404 889111799322 457690078882 457909120958 242277920791767 242408343741924
155248 640419 888985255854 888999008405 457909120957 457935819602 242408343741923 242424242424243
231643 955503 888974556426 888985255855 457935819601 457956589675 242424242424242 242436610973011
31819 131244 888965995128 888974556427 457956589674 457973208284 242436610973010 242446507488311
38530 158919 888958989339 888965995129 457973208283 457986806876 242446507488310 242454605663824
191503 789719 888888888888 888958989340 457986806875 458122847291 242454605663823 242535625036333
151957 626420 888811978224 888888888889 458122847290 458272045148 242535625036332 242624491178108
159947 659223 888803167408 888811978225 458272045147 458289133196 242624491178107 242634669987236
91556 377331 888792076162 888803167409 458289133195 458310642851 242634669987235 242647482819678
236671 975091 888671981968 888792076163 458310642850 458543464095 242647482819677 242786184404920
141841 584190 888649035683 888671981969 458543464094 458587932003 242786184404919 242812678977647
242738 999625 888620657054 888649035684 458587932002 458642919771 242812678977646 242845442814051
142536 586891 888584656388 888620657055 458642919770 458712664346 242845442814050 242887001540603
134291 552833 888537483163 888584656389 458712664345 458804033345 242887001540602 242941449367295
102767 422950 888476369737 888537483164 458804033344 458922368619 242941449367294 243011973023828
171788 706827 888425906857 888476369738 458922368618 459020051877 243011973023827 243070194181039
92930 382259 888361359261 888425906858 459020051876 459144961174 243070194181038 243144649683409
220738 907829 888353268206 888361359262 459144961173 459160615545 243144649683408 243153981448114
178411 733632 888293084791 888353268207 459160615544 459277035690 243153981448113 243223384859346
158872 653077 888217643155 888293084792 459277035689 459422918874 243223384859345 243310362308602
32294 132697 888120286093 888217643156 459422918873 459611093675 243310362308601 243422570616748
72895 299443 888098171983 888120286094 459611093674 459653822915 243422570616747 243448052508687
169894 697699 887997304390 888098171984 459653822914 459848657056 243448052508686 243564255089713
170937 701810 887994409277 887997304391 459848657055 459854247662 243564255089712 243567589714147
241562 991755 887989813180 887994409278 459854247661 459863122775 243567589714146 243572883478533
206715 848479 887890490724 887989813181 459863122774 460054862469 243572883478532 243687260849742
100535 412527 887859222338 887890490725 460054862468 460115204388 243687260849741 243723260158130
121990 500403 887754531448 887859222339 460115204387 460317164456 243723260158129 243843760820793
85476 350465 887668746521 887754531449 460317164455 460482569105 243843760820792 243942466046293
55852 228917 887597179344 887668746522 460482569104 460620502388 243942466046292 244024788460020
232474 952617 887575568931 887597179345 460620502387 460662142395 244024788460019 244049642290869
239955 983038 887496076801 887575568932 460662142394 460815270648 244049642290868 244141048191149
225050 921663 887431464167 887496076802 460815270647 460939688468 244141048191148 244215325016308
120805 494547 887329259681 887431464168 460939688467 461136405974 244215325016307 244332780625201
63175 258523 887266254873 887329259682 461136405973 461257621036 244332780625200 244405165325625
234216 958199 887216801234 887266254874 461257621035 461352736642 244405165325624 244461969785442
195347 799038 887189348094 887216801235 461352736641 461405527306 244461969785441 244493499166468
98567 403136 887176955146 887189348095 461405527305 461429355652 244493499166467 244507731187364
61015 249523 887144166773 887176955147 461429355651 461492391444 244507731187363 244545382154075
108979 445507 887017774073 887144166774 461492391443 461735279655 244545382154074 244690477216831
231303 945256 887003286766 887017774074 461735279654 461763109468 244690477216830 244707103959758
175853 718499 886927624763 887003286767 461763109467 461908419963 244707103959757 244793925267844
16659 68051 886914084166 886927624764 461908419962 461934418837 244793925267843 244809460437570
126697 517520 886903277723 886914084167 461934418836 461955166617 244809460437569 244821858158098
184917 755143 886807482553 886903277724 461955166616 462139036317 244821858158097 244931738181680
9170 37439 886807452098 886807482554 462139036316 462139094756 244931738181679 244931773107903
243363 993595 886807425945 886807452099 462139094755 462139144943 244931773107902 244931803101816
144637 590519 886807081704 886807425946 462139144942 462139805513 244931803101815 244932197887825
50948 207921 886627090388 886807081705 462139805512 462485029585 244932197887824 245138550135421
190055 775262 886608187766 886627090389 462485029584 462521265874 245138550135420 245160213377947
238477 972723 886600972102 886608187767 462521265873 462535097335 245160213377946 245168482458392
195897 799000 886584846165 886600972103 462535097334 462566006696 245168482458391 245186961845475
54595 222657 886565980634 886584846166 462566006695 462602163832 245186961845474 245208579281272
232363 947590 886555292493 886565980635 462602163831 462622646822 245208579281271 245220825842084
119076 485543 886516663126 886555292494 462622646821 462696667375 245220825842083 245265083748610
71034 289531 886383043842 886516663127 462696667374 462952588921 245265083748609 245418124612314
58948 240175 886348848204 886383043843 462952588920 463018055033 245418124612313 245457278738773
205508 837167 886308644297 886348848205 463018055032 463095008658 245457278738772 245503306183378
235293 958367 886289077669 886308644298 463095008657 463132454924 245503306183377 245525704626169
77259 314621 886225443961 886289077670 463132454923 463254209344 245525704626168 245598536922854
234227 953537 886152659418 886225443962 463254209343 463393422704 245598536922853 245681822407101
104425 425033 886143948536 886152659419 463393422703 463410080244 245681822407100 245691788584552
184731 751801 886098212808 886143948537 463410080243 463497526700 245691788584551 245744110010978
213095 867012 886033860783 886098212809 463497526699 463620531841 245744110010977 245817713817713
233964 951773 886031404020 886033860784 463620531840 463625226978 245817713817712 245820523448890
125083 508734 885942899894 886031404021 463625226977 463794327398 245820523448889 245921722987101
115298 468803 885908722066 885942899895 463794327397 463859608252 245921722987100 245960794827251
243613 990277 885831535280 885908722067 463859608251 464006994671 245960794827250 246049016569037
238664 969779 885739790225 885831535281 464006994670 464182102210 246049016569036 246153846153847
237745 965721 885687102672 885739790226 464182102209 464282625304 246153846153846 246214032352259
195201 792742 885650002695 885687102673 464282625303 464353392069 246214032352258 246256405698411
67763 275119 885566070441 885650002696 464353392068 464513438863 246256405698410 246352247287457
245415 996152 885547225337 885566070442 464513438862 464549364112 246352247287456 246373762411816
242766 985231 885492219679 885547225338 464549364111 464654203562 246373762411815 246436553125139
149978 608491 885424324132 885492219680 464654203561 464783569239 246436553125138 246514041051075
243785 988869 885397902837 885424324133 464783569238 464833898990 246514041051074 246544190109813
165019 669293 885375119363 885397902838 464833898989 464877293500 246544190109812 246570185808048
137076 555883 885337826348 885375119364 464877293499 464948312436 246570185808047 246612732178710
221529 898091 885243475438 885337826349 464948312435 465127927773 246612732178709 246720348767953
182218 738447 885176735314 885243475439 465127927772 465254927173 246720348767952 246796450676145
234527 950236 885154345823 885176735315 465254927172 465297522097 246796450676144 246821976740229
67506 273457 885085034415 885154345824 465297522096 465429352162 246821976740228 246900985188311
15025 60854 885082512823 885085034416 465429352161 465434147323 246900985188310 246903859197628
210095 850843 885044191711 885082512824 465434147322 465507012535 246903859197627 246947532891340
162327 657143 884918222381 885044191712 465507012534 465746432833 246947532891339 247091055358389
91307 369432 884805764945 884918222382 465746432832 465960039402 247091055358388 247219128924648
25165 101784 884770417226 884805764946 465960039401 466027154575 247219128924647 247259374571388
85890 347327 884719110305 884770417227 466027154574 466124549729 247259374571387 247317781827322
240701 973209 884702664716 884719110306 466124549728 466155762642 247317781827321 247336501066153
149977 606307 884658760957 884702664717 466155762641 466239076721 247336501066152 247386469306480
59969 242379 884602817041 884658760958 466239076720 466345211279 247386469306479 247450129576997
110793 447704 884569100485 884602817042 466345211278 466409162075 247450129576996 247488490580664
2867 11584 884554937350 884569100486 466409162074 466436022204 247488490580663 247504603320081
213538 862695 884520258574 884554937351 466436022203 466501781530 247504603320080 247544052342872
204647 826551 884436824844 884520258575 466501781529 466659943491 247544052342871 247638943018913
112125 452722 884384752846 884436824845 466659943490 466758619559 247638943018912 247698151268171
80869 326436 884323279695 884384752847 466758619558 466875076428 247698151268170 247768035059554
186417 752329 884290718274 884323279696 466875076427 466936746866 247768035059553 247805045334393
179953 726045 884204941874 884290718275 466936746865 467099155175 247805045334392 247902521001950
177640 716553 884193384073 884204941875 467099155174 467121033096 247902521001949 247915652949387
35303 142397 884186526038 884193384074 467121033095 467134014147 247915652949386 247923444781343
228839 922966 884159651747 884186526039 467134014146 467184877989 247923444781342 247953976487898
123269 497071 884094940294 884159651748 467184877988 467307325585 247953976487897 248027482899197
200927 810071 884079443329 884094940295 467307325584 467336642991 248027482899196 248045083578963
183607 740102 884012008961 884079443330 467336642990 467464189015 248045083578962 248121661003847
186927 753266 883952634063 884012008962 467464189014 467576454425 248121661003846 248189071195419
38089 153447 883893710189 883952634064 467576454424 467687832948 248189071195418 248255955427511
119343 480695 883865835633 883893710190 467687832947 467740509899 248255955427510 248287590894660
206881 833083 883787916347 883865835634 467740509898 467887720420 248287590894659 248376006852372
119417 480714 883717587431 883787916348 467887720419 468020539789 248376006852371 248455789185688
185893 748156 883695643612 883717587432 468020539788 468061971816 248455789185687 248480678608000
246786 993085 883653796758 883695643613 468061971815 468140969660 248480678607999 248528137423858
54923 220937 883542507711 883653796759 468140969659 468350976370 248528137423857 248654317304547
19133 76943 883524372482 883542507712 468350976369 468385186817 248654317304546 248674874431991
62330 250613 883462102068 883524372483 468385186816 468502629885 248674874431990 248745450927973
81593 327991 883425883482 883462102069 468502629884 468570921412 248745450927972 248786493549393
171343 688684 883406090763 883425883483 468570921411 468608235952 248786493549392 248808920311459
121924 489967 883349020694 883406090764 468608235951 468715806900 248808920311458 248873576670564
233835 939431 883282395964 883349020695 468715806899 468841347345 248873576670563 248949041497489
76063 305486 883209821089 883282395965 468841347344 468978050586 248949041497488 249031226013110
189059 759092 883160046636 883209821090 468978050585 469071777051 249031226013109 249087579087418
96295 386552 883115719457 883160046637 469071777050 469155225962 249087579087417 249137756705111
112228 450425 883075994240 883115719458 469155225961 469229995201 249137756705110 249182718400994
211363 848156 883040191522 883075994241 469229995200 469297368580 249182718400993 249223235219719
241742 969705 882914434239 883040191523 469297368579 469533919768 249223235219718 249365510843000
53597 214913 882872389199 882914434240 469533919767 469612972979 249365510842999 249413064672987
237779 953276 882836190979 882872389200 469612972978 469681019307 249413064672986 249454000064560
233017 933969 882770477462 882836190980 469681019306 469804516923 249454000064559 249528300207542
248157 994451 882746759079 882770477463 469804516922 469849081446 249528300207541 249555113654895
126392 506445 882725586687 882746759080 469849081445 469888857719 249555113654894 249579047016216
131926 528511 882656184417 882725586688 469888857718 470019212491 249579047016215 249657487320602
3647 14598 882352941176 882656184418 470019212490 470588235295 249657487320601 250000000000000
212201 848193 882033715563 882352941177 470588235294 471186295015 250000000000000 250360177460093
83141 332074 882018256262 882033715564 471186295014 471215232798 250360177460092 250377609903443
72799 290716 881955880053 882018256263 471215232797 471331969677 250377609903442 250447938058382
182182 727385 881931668672 881955880054 471331969676 471377271188 250447938058381 250475231929985
235990 942111 881904306550 881931668673 471377271187 471428461263 250475231929984 250506074948275
113491 452969 881827857456 881904306551 471428461262 471571447200 250506074948274 250592234210666
250177 998246 881784641934 881827857457 471571447199 471652250338 250592234210665 250640928736802
125213 499514 881733652875 881784641935 471652250337 471747565322 250640928736801 250698373067313
7847 31298 881697214424 881733652876 471747565321 471815665357 250698373067312 250739418510170
120029 478665 881664508370 881697214425 471815665356 471876779128 250739418510169 250776255293499
104366 416091 881578040385 881664508371 471876779127 472038302165 250776255293498 250873624177587
250808 999635 881531932955 881578040386 472038302164 472124402230 250873624177586 250925532519648
169861 676859 881479970028 881531932956 472124402229 472221412516 250925532519647 250984023235813
132698 528641 881420955572 881479970029 472221412515 472331556301 250984023235812 251050438712967
171625 683524 881353342367 881420955573 472331556300 472457708052 251050438712966 251126514839760
200116 796853 881342001750 881353342368 472457708051 472478862967 251126514839759 251139273203060
197161 784975 881290022866 881342001751 472478862966 472575809364 251139273203059 251197743898745
94211 375018 881255292643 881290022867 472575809363 472640570824 251197743898744 251236805908929
65693 261465 881232381108 881255292644 472640570823 472683287717 251236805908928 251262572589578
184459 734010 881160268063 881232381109 472683287716 472817704815 251262572589577 251343658933063
242890 966189 881078286140 881160268064 472817704814 472970457527 251343658933062 251435817961944
127212 505907 881047123125 881078286141 472970457526 473028505306 251435817961943 251470842750400
172268 684961 880994429298 881047123126 473028505305 473126637957 251470842750399 251530058030615
173473 689628 880966478469 880994429299 473126637956 473178680642 251530058030614 251561463778120
35116 139571 880898684765 880966478470 473178680641 473304877620 251561463778119 251637624851053
127173 505375 880892923268 880898684766 473304877619 473315600563 251637624851052 251644096645158
245995 977513 880875392623 880892923269 473315600562 473348225593 251644096645157 251663787749405
113012 448995 880811069983 880875392624 473348225592 473467907038 251663787749404 251736027394692
79297 314921 880697722142 880811069984 473467907037 473678712013 251736027394691 251863287988986
52013 206481 880628541450 880697722143 473678712012 473807315248 251863287988985 251940936131063
86734 344235 880591720968 880628541451 473807315247 473875744222 251940936131062 251982255870634
166853 662128 880568858712 880591720969 473875744221 473918226138 251982255870633 252007909171389
131279 520914 880553282190 880568858713 473918226137 473947167123 252007909171388 252025386151403
251313 996991 880471099922 880553282191 473947167122 474099823036 252025386151402 252117580033343
210563 834975 880361906938 880471099923 474099823035 474302554085 252117580033342 252240035460383
244853 970651 880332581405 880361906939 474302554084 474356981730 252240035460382 252272915132480
243512 965163 880281718813 880332581406 474356981729 474451362653 252272915132479 252329934342043
174115 689904 880200065021 880281718814 474451362652 474602829254 252329934342042 252421451356526
127965 506918 880171818231 880200065022 474602829253 474655212118 252421451356525 252453104293572
22387 88673 880147141844 880171818232 474655212117 474700967666 252453104293571 252480753819815
21729 86047 880068538728 880147141845 474700967665 474846677508 252480753819814 252568812107466
201509 797756 880022172669 880068538729 474846677507 474932601124 252568812107465 252620744599464
103431 409357 879939582116 880022172670 474932601123 475085604734 252620744599463 252713230389180
103919 411182 879905397657 879939582117 475085604733 475148914735 252713230389179 252751502988945
228391 903572 879882029276 879905397658 475148914734 475192186970 252751502988944 252777663475343
85248 337205 879828469379 879882029277 475192186969 475291346933 252777663475342 252837615066664
244111 965334 879757649417 879828469380 475291346932 475422420897 252837615066663 252916869918748
184627 729925 879716866862 879757649418 475422420896 475497880287 252916869918747 252962501251833
117161 463145 879706513576 879716866863 475497880286 475517034366 252962501251832 252974084481310
246863 975827 879699079318 879706513577 475517034365 475530787485 252974084481309 252982401660218
186250 736201 879689116083 879699079319 475530787484 475549218321 252982401660217 252993547843343
178119 703819 879543446110 879689116084 475549218320 475818585601 252993547843342 253156470836328
173518 685359 879504468161 879543446111 475818585600 475890628700 253156470836327 253200051801463
102793 405915 879437028786 879504468162 475890628699 476015243872 253200051801462 253275441837520
43817 172996 879422944891 879437028787 476015243871 476041262917 253275441837519 253291183982949
108595 428684 879368167097 879422944892 476041262916 476142443703 253291183982948 253352404301804
58591 231224 879291966536 879368167098 476142443702 476283148541 253352404301803 253437548300951
175003 690411 879222135238 879291966537 476283148540 476412045300 253437548300950 253515556445242
208359 821800 879178739003 879222135239 476412045299 476492124682 253515556445241 253564024960345
156239 615990 879044696340 879178739004 476492124681 476739364681 253564024960344 253713690584025
119177 469717 879031855696 879044696341 476739364680 476763040378 253713690584024 253728024318730
223423 880546 879024117178 879031855697 476763040377 476777307995 253728024318729 253736662364110
153743 605874 878992905890 879024117179 476777307994 476834847085 253736662364109 253771499397191
224713 885302 878894550881 878992905891 476834847084 477016109194 253771499397190 253881256385650
124946 492099 878853431665 878894550882 477016109193 477091862905 253881256385649 253927131762093
77242 304165 878816568047 878853431666 477091862904 477159763314 253927131762092 253968253968254
105317 414628 878753206393 878816568048 477159763313 477276442173 253968253968253 254038923551951
210404 828163 878713439180 878753206394 477276442172 477349653613 254038923551950 254083269783246
189741 746686 878664001039 878713439181 477349653612 477440648958 254083269783245 254138392332804
9133 35934 878624509572 878664001040 477440648957 477513320420 254138392332803 254182418033348
186805 734866 878587926685 878624509573 477513320419 477580626787 254182418033347 254223196051954
158533 623508 878522294851 878587926686 477580626786 477701347548 254223196051953 254296341787565
97790 384519 878483902382 878522294852 477701347547 477771946910 254296341787564 254339122259140
227683 895133 878452501444 878483902383 477771946909 477829679599 254339122259139 254374108065424
116009 455993 878388768123 878452501445 477829679598 477946829715 254374108065423 254445106266152
185918 730593 878334236660 878388768124 477946829714 478047036085 254445106266151 254505841801003
185675 729509 878307900134 878334236661 478047036084 478095422025 254505841801002 254535170719318
179605 705504 878232998312 878307900135 478095422024 478232998313 254535170719317 254618569017896
239788 941733 878222904670 878232998313 478232998312 478251533936 254618569017895 254629806050240
251891 989129 878169729450 878222904671 478251533935 478349167740 254629806050239 254688998677197
171747 674336 878166959874 878169729451 478349167739 478354252186 254688998677196 254692081377896
242160 950711 878126441620 878166959875 478354252185 478428628457 254692081377895 254737177355997
86732 340453 878094959978 878126441621 478428628456 478486406559 254737177355996 254772211605101
106860 419251 877895572914 878094959979 478486406558 478852130681 254772211605100 254994014356945
223975 877929 877673512502 877895572915 478852130680 479259017080 254994014356944 255240867961456
238636 934871 877637481750 877673512503 479259017079 479324994786 255240867961455 255280904564704
144875 567512 877637407883 877637481751 479324994785 479325130035 255280904564703 255280986638880
168993 661916 877587284461 877637407884 479325130034 479416893894 255280986638879 255336674817242
242403 949336 877582159518 877587284462 479416893893 479426275141 255336674817241 255342368220483
194866 763041 877513011571 877582159519 479426275140 479552827666 255342368220482 255419176703499
154847 606225 877496645384 877513011572 479552827665 479582774231 255419176703498 255437353461972
159241 623263 877391602667 877496645385 479582774230 479774921780 255437353461971 255553993688552
255354 999173 877371139552 877391602668 479774921779 479812341943 255553993688551 255576711409930
150664 589475 877346939230 877371139553 479812341942 479856591310 255576711409929 255603576133086
163068 637855 877262241918 877346939231 479856591309 480011415390 255603576133085 255697581654237
230379 900919 877229852566 877262241919 480011415389 480070604982 255697581654236 255733523694456
250857 980777 877157360406 877229852567 480070604981 480203045686 255733523694455 255813953488373
205677 803942 877118296833 877157360407 480203045685 480274393822 255813953488372 255857286475701
204811 800451 877096267841 877118296834 480274393821 480314622866 255857286475700 255881720663110
243631 952074 877072276664 877096267842 480314622865 480358430245 255881720663109 255908329272260
254362 993839 877017252114 877072276665 480358430244 480458884291 255908329272259 255969349108945
235717 920797 876975739836 877017252115 480458884290 480534651965 255969349108944 256015377165676
168147 656765 876961839228 876975739837 480534651964 480560019704 256015377165675 256030788511258
212748 830815 876888481465 876961839229 480560019703 480693864194 256030788511257 256112107320602
12341 48178 876812408671 876888481466 480693864193 480832611207 256112107320601 256196415254552
250585 977991 876762185941 876812408672 480832611206 480924182490 256196415254551 256252063309796
226717 884674 876726552697 876762185942 480924182489 480989138959 256252063309795 256291540324231
162720 634727 876598988127 876726552698 480989138958 481221585150 256291540324230 256432827788117
154653 603067 876578550779 876598988128 481221585149 481258812193 256432827788116 256455458255551
202697 790358 876566262413 876578550780 481258812192 481281193898 256455458255550 256469064555334
247193 963729 876516917877 876566262414 481281193897 481371055086 256469064555333 256523695842958
131024 510723 876476417998 876516917878 481371055085 481444792986 256523695842957 256568528315758
243062 947339 876467592981 876476417999 481444792985 481460858693 256568528315757 256578296631781
177439 691358 876332856474 876467592982 481460858692 481706056288 256578296631780 256727400271731
179570 699391 876288483099 876332856475 481706056287 481786772740 256727400271730 256776490971022
164173 639334 876268520867 876288483100 481786772739 481823078875 256776490971021 256798573080515
213977 833154 876215908676 876268520868 481823078874 481918749773 256798573080514 256856765547878
30533 118851 876135004440 876215908677 481918749772 482065819151 256856765547877 256946231486366
149183 580526 876075697526 876135004441 482065819150 482173591358 256946231486365 257011799680342
31382 122093 876036303396 876075697527 482173591357 482245160817 257011799680341 257055345860428
256561 997952 875978090042 876036303397 482245160816 482350894853 257055345860427 257119684613034
253508 985889 875947742748 875978090043 482350894852 482406003253 257119684613033 257153220348209
254227 988443 875864051278 875947742749 482406003252 482557938157 257153220348208 257245687835061
148289 576417 875838256618 875864051279 482557938156 482604753648 257245687835060 257274182325832
3523 13693 875819133309 875838256619 482604753647 482639457286 257274182325831 257295305669379
113182 439823 875746640249 875819133310 482639457285 482770983068 257295305669378 257375368670723
65147 253090 875690332134 875746640250 482770983067 482873111911 257375368670722 257437543733921
42979 166917 875600271599 875690332135 482873111910 483036400673 257437543733920 257536964558405
105373 409148 875590236042 875600271600 483036400672 483054591685 257536964558404 257548041358590
175133 679983 875577684026 875590236043 483054591684 483077342912 257548041358589 257561895209900
204376 793485 875567408071 875577684027 483077342911 483095967613 257561895209899 257573236522402
135401 525673 875561533667 875567408072 483095967612 483106614281 257573236522401 257579719784206
83691 324898 875539979458 875561533668 483106614280 483145676138 257579719784205 257603506951946
106707 414094 875387052861 875539979459 483145676137 483422700835 257603506951945 257772228989455
95077 368812 875350135357 875387052862 483422700834 483489545420 257772228989454 257812947195100
229967 891922 875313616537 875350135358 483489545419 483555656263 257812947195099 257853220921684
243722 945051 875241535439 875313616538 483555656262 483686111691 257853220921683 257932699627849
247308 958711 875194069053 875241535440 483686111690 483771993292 257932699627848 257985027403468
59489 230562 875135390088 875194069054 483771993291 483878134467 257985027403467 258049705117034
78686 304917 875121951219 875135390089 483878134466 483902439025 258049705117033 258064516129033
59707 231341 875074121473 875121951220 483902439024 483988927486 258064516129032 258117224243358
44314 171667 875034042417 875074121474 483988927485 484061385168 258117224243357 258161384922429
127880 495297 874984778990 875034042418 484061385167 484150427589 258161384922428 258215657542255
214286 829747 874914024364 874984778991 484150427588 484278277410 258215657542254 258293591661581
224091 867544 874893208030 874914024365 484278277409 484315883017 258293591661580 258316516878099
12856 49763 874842287694 874893208031 484315883016 484407856731 258316516878098 258372589475871
208889 808392 874791356085 874842287695 484407856730 484499827986 258372589475870 258428665362214
236914 916715 874774380150 874791356086 484499827985 484530477712 258428665362213 258447353901248
214706 830647 874714269002 874774380151 484530477711 484638986880 258447353901247 258513521176524
210351 813632 874678250399 874714269003 484638986879 484703990368 258513521176523 258553162530270
231292 894429 874608035908 874678250400 484703990367 484830675108 258553162530269 258630426105158
241075 932102 874598163009 874608035909 484830675107 484848484849 258630426105157 258641288792274
216507 837016 874554501177 874598163010 484848484848 484927236264 258641288792273 258689323761540
191749 741119 874482305107 874554501178 484927236263 485057417275 258689323761539 258768736281475
153107 591590 874414662819 874482305108 485057417274 485179345651 258768736281474 258843123282590
47307 182746 874370323529 874414662820 485179345650 485259247549 258843123282589 258891875024615
221483 855447 874339015189 874370323530 485259247548 485315656577 258891875024614 258926294893129
226486 874375 874157276121 874339015190 485315656576 485642931179 258926294893128 259126028197401
6481 25003 874006394163 874157276122 485642931178 485914419380 259126028197400 259291761699587
186995 721144 873985427677 874006394164 485914419379 485952129543 259291761699586 259314785678048
133987 516666 873957694164 873985427678 485952129542 486002004946 259314785678047 259345238400581
220901 851695 873919287346 873957694165 486002004945 486071063945 259345238400580 259387406505189
220003 848062 873862578481 873919287347 486071063944 486173008229 259387406505188 259449659655580
48218 185811 873770396617 873862578482 486173008228 486338661835 259449659655579 259550830086983
190194 732593 873648770795 873770396618 486338661834 486557114107 259550830086982 259684270440724
49949 192323 873594329869 873648770796 486557114106 486654853896 259684270440723 259743983068592
252999 973978 873567976283 873594329870 486654853895 486702158216 259743983068591 259772884878526
103362 397885 873557591084 873567976284 486702158215 486720797849 259772884878525 259784273600172
73069 281239 873508751848 873557591085 486720797848 486808443275 259784273600171 259837827175666
96017 369505 873480989113 873508751849 486808443274 486858256228 259837827175665 259868266108034
206924 796175 873427407663 873480989114 486858256227 486954375217 259868266108033 259927005030544
2867 11030 873426558408 873427407664 486954375216 486955898484 259927005030543 259927935951173
233136 896807 873363874328 873426558409 486955898483 487068314530 259927935951172 259996640910924
230708 887273 873322735476 873363874329 487068314529 487142073425 259996640910923 260041723830619
136356 524251 873222223494 873322735477 487142073424 487322222350 260041723830618 260151847569038
146990 564987 873197702014 873222223495 487322222349 487366159265 260151847569037 260178708707522
127817 491251 873183023528 873197702015 487366159264 487392457289 260178708707521 260194786716625
105103 403890 873124573668 873183023529 487392457288 487497157793 260194786716624 260258802134806
147540 566843 873079078406 873124573669 487497157792 487578632478 260258802134805 260308621295637
155848 598589 872987148170 873079078407 487578632477 487743210234 260308621295636 260409266935007
198478 762147 872968308813 872987148171 487743210233 487776928327 260409266935006 260429888765947
116375 446834 872943482137 872968308814 487776928326 487821357665 260429888765946 260457062542153
119381 458319 872909273517 872943482138 487821357664 487882568051 260457062542152 260494501762333
253603 973442 872859122501 872909273518 487882568050 487972286371 260494501762332 260549381695715
203139 779584 872814875054 872859122502 487972286370 488051425450 260549381695714 260597794235062
216992 832571 872758147123 872814875055 488051425449 488152861951 260597794235061 260659852261282
93310 357927 872692749281 872758147124 488152861950 488269766985 260659852261281 260731381147328
207920 797421 872675958568 872692749282 488269766984 488299776097 260731381147327 260749743628636
212217 813770 872615990184 872675958569 488299776096 488406934507 260749743628635 260815317751621
185694 711811 872506015949 872615990185 488406934506 488603368932 260815317751620 260935540270629
193765 742416 872401792066 872506015950 488603368931 488789436465 260935540270628 261049438499681
227589 871819 872399399465 872401792067 488789436464 488793706805 261049438499680 261052052753497
137183 525444 872347959389 872399399466 488793706804 488885505767 261052052753496 261108253578248
249553 955720 872335278421 872347959390 488885505766 488908132498 261108253578247 261122106778596
158197 605766 872280552600 872335278422 488908132497 489005764337 261122106778595 261181885192103
229280 877709 872200621439 872280552601 489005764336 489148316935 261181885192102 261269177743543
247037 945458 872165815808 872200621440 489148316934 489210373701 261269177743542 261307182071976
205675 787063 872143041113 872165815809 489210373700 489250974284 261307182071975 261332047572724
127503 487868 872115041050 872143041114 489250974283 489300884093 261332047572723 261362615738843
189584 725245 872034018853 872115041051 489300884092 489445267586 261362615738842 261451054124004
215629 824653 871983785385 872034018854 489445267585 489534756708 261451054124003 261505874425528
82276 314613 871967168495 871983785386 489534756707 489564354367 261505874425527 261524006727048
159958 611545 871894325416 871967168496 489564354366 489694073180 261524006727047 261603481847267
23029 88024 871860685038 871894325417 489694073179 489753964644 261603481847266 261640178971619
117259 448112 871799730069 871860685039 489753964643 489862460954 261640178971618 261706662889223
261058 997503 871790871157 871799730070 489862460953 489878226671 261706662889222 261716324306740
43743 167113 871716240422 871790871158 489878226670 490011016391 261716324306739 261797705126274
44050 168247 871680025478 871716240423 490011016390 490075436216 261797705126273 261837188805656
229452 876125 871575537124 871680025479 490075436215 490261239633 261837188805655 261951083409536
213195 813739 871496173872 871575537125 490261239632 490402303141 261951083409535 262037566513042
217116 828535 871476888242 871496173873 490402303140 490436574145 262037566513041 262058579096334
133248 508433 871445221241 871476888243 490436574144 490492840290 262058579096333 262093079039662
253699 967849 871383614264 871445221242 490492840289 490602279644 262093079039661 262160187736941
250419 954968 871259743525 871383614265 490602279643 490822227810 262160187736940 262295081967214
124523 474732 871247627744 871259743526 490822227809 490843733941 262295081967213 262308273187934
15853 60432 871211561123 871247627745 490843733940 490907746696 262308273187933 262347538297980
231899 883856 871166755453 871211561124 490907746695 490987254615 262347538297979 262396311383385
260083 991154 871152209203 871166755454 490987254614 491013063370 262396311383384 262412144214787
249580 951043 871123676219 871152209204 491013063369 491063682968 262412144214786 262443198816035
197655 753022 871051682176 871123676220 491063682967 491191375105 262443198816034 262521543249522
196748 749341 870978467742 871051682177 491191375104 491321186932 262521543249521 262601197930738
223497 850970 870910927196 870978467743 491321186931 491440898675 262601197930737 262674663732481
236278 899505 870909237349 870910927197 491440898674 491443893339 262674663732480 262676501632069
255541 972709 870846461870 870909237350 491443893338 491555123916 262676501632068 262744770313213
251705 957939 870824309096 870846461871 491555123915 491594368039 262744770313212 262768858437436
55703 211966 870781471919 870824309097 491594368038 491670243316 262768858437435 262815433387601
11933 45401 870744333548 870781471920 491670243315 491736012097 262815433387600 262855807326803
51127 194475 870667535106 870744333549 491736012096 491871978581 262855807326802 262939282020651
95258 362203 870562838720 870667535107 491871978580 492057256668 262939282020650 263053048249678
160535 610194 870497643844 870562838721 492057256667 492172583614 263053048249677 263123872533422
72459 275362 870466321243 870497643845 492172583613 492227979275 263123872533421 263157894736843
123493 469187 870377075070 870466321244 492227979274 492385770705 263157894736842 263254814907112
190992 725441 870336032573 870377075071 492385770704 492458313367 263254814907111 263299377646348
143407 544608 870295262576 870336032574 492458313366 492530360421 263299377646347 263343638983627
197127 748495 870256855071 870295262577 492530360420 492598219852 263343638983626 263385330478016
256026 971911 870183099166 870256855072 492598219851 492728499202 263385330478015 263465379096491
175949 667781 870150460262 870183099167 492728499201 492786136682 263465379096490 263500796942356
181790 689809 870084244771 870150460263 492786136681 492903040162 263500796942355 263572639328727
127136 482295 870022185848 870084244772 492903040161 493012571981 263572639328726 263639958772550
234746 890297 869963909150 870022185849 493012571980 493115399045 263639958772549 263703163805072
170939 648152 869909083394 869963909151 493115399044 493212111193 263703163805071 263762615825974
157223 596050 869886514363 869909083395 493212111192 493251915485 263762615825973 263787086379560
162227 614929 869836501992 869886514364 493251915484 493340105608 263787086379559 263841306489654
176361 668371 869789235679 869836501993 493340105607 493423434280 263841306489653 263892541931180
249587 945754 869770558128 869789235680 493423434279 493456356949 263892541931179 263912785877887
144572 547707 869685915236 869770558129 493456356948 493605519459 263912785877886 264004512969776
23074 87393 869646764185 869685915237 493605519458 493674493509 264004512969775 264046932803212
30190 114327 869609522939 869646764186 493674493508 493740091156 264046932803211 264087278705579
244931 927286 869516802839 869609522940 493740091155 493903360568 264087278705578 264187708726531
203693 770921 869456557392 869516802840 493903360567 494009407610 264187708726530 264252948620800
225479 853173 869401305825 869456557393 494009407609 494106637711 264252948620799 264312770174578
84863 321027 869335327139 869401305826 494106637710 494222711930 264312770174577 264384193009001
103062 389783 869290118927 869335327140 494222711929 494302224489 264384193009000 264433123292777
195463 739114 869248170370 869290118928 494302224488 494375988807 264433123292776 264478519568881
189552 716629 869199105442 869248170371 494375988806 494462248406 264478519568880 264531609803357
190372 719605 869163832024 869199105443 494462248405 494524249256 264531609803356 264569772206409
114708 433535 869130808993 869163832025 494524249255 494582285225 264569772206408 264605496225881
55075 208124 869093089970 869130808994 494582285224 494648563090 264605496225880 264646295973005
35710 134927 869064731380 869093089971 494648563089 494698385555 264646295973004 264676967709747
103389 390602 869037995149 869064731381 494698385554 494745351658 264676967709746 264705882352942
181425 685309 868984891377 869037995150 494745351657 494838618701 264705882352941 264763305997792
235677 890102 868962755470 868984891378 494838618700 494877489491 264763305997791 264787239896486
182947 690833 868900529676 868962755471 494877489490 494986736721 264787239896485 264854511441454
132158 498357 868284050458 868900529677 494986736720 496067341920 264854511441453 265520300190915
236043 888940 868260311334 868284050459 496067341919 496108891034 265520300190914 265545913502183
20613 77624 868254006507 868260311335 496108891033 496119925203 265545913502182 265552715784203
257841 970954 868251088458 868254006508 496119925202 496125032014 265552715784202 265555864026183
215225 810467 868249406038 868251088459 496125032013 496127976347 265555864026182 265557679152769
52294 196921 868248311551 868249406039 496127976346 496129891750 265557679152768 265558859966099
154547 581968 868247542652 868248311552 496129891749 496131237355 265558859966098 265559689509797
241099 907889 868246972867 868247542653 496131237354 496132234496 265559689509796 265560304232388
261417 984397 868246533720 868246972868 496132234495 496133003017 265560304232387 265560778013794
202641 763063 868243142124 868246533721 496133003016 496138938357 265560778013793 265564437074638
255993 963953 868240518582 868243142125 496138938356 496143529527 265564437074637 265567267485942
20245 76233 868240263297 868240518583 496143529526 496143976271 265567267485941 265567542900133
35201 132550 868239952974 868240263298 496143976270 496144519328 265567542900132 265567877690457
60805 228962 868239567666 868239952975 496144519327 496145193607 265567877690456 265568293377961
241729 910232 868239076459 868239567667 496145193606 496146053204 265568293377960 265568823313399
263046 990499 868238428739 868239076460 496146053203 496147186690 265568823313398 265569522100364
10865 40912 868237535526 868238428740 496147186689 496148749774 265569522100363 265570485732653
136809 515150 868236224623 868237535527 496148749773 496151043788 265570485732652 265571899981561
141590 533149 868234113635 868236224624 496151043787 496154737879 265571899981560 265574177377810
187435 705767 868230148407 868234113636 496154737878 496161676671 265574177377809 265578455145791
98346 370301 868219972765 868230148408 496161676670 496179482538 265578455145790 265589432599629
227525 856534 868136368333 868219972766 496179482537 496325745834 265589432599628 265679612177413
142399 535339 867545785265 868136368334 496325745833 497357326746 265679612177412 266316001818654
239621 899635 867475976051 867545785266 497357326745 497479075916 266316001818653 266391151637483
48464 181921 867457026274 867475976052 497479075915 497512118011 266391151637482 266411548437540
100543 377382 867436951083 867457026275 497512118010 497547119271 266411548437539 266433155337141
246968 926855 867390638492 867436951084 497547119270 497627853176 266433155337140 266482996603607
238061 893301 867366768559 867390638493 497627853175 497669457371 266482996603606 266508682573400
217349 815500 867341310731 867366768560 497669457370 497713824099 266508682573399 266536075241636
68959 258693 867283944466 867341310732 497713824098 497813780114 266536075241635 266597793864625
100973 378723 867253096834 867283944467 497813780113 497867518554 266597793864624 266630977555884
182303 683682 867219917012 867253096835 497867518553 497925311204 266630977555883 266666666666667
19880 74539 867146733286 867219917013 497925311203 498052751172 266666666666666 266745372654863
266278 998165 867105542470 867146733287 498052751171 498124460569 266745372654862 266789664128542
233533 875266 867060745205 867105542471 498124460568 498202432877 266789664128541 266837827401216
134899 505448 866963733622 867060745206 498202432876 498371231697 266837827401215 266942106437793
83013 310960 866935710427 866963733623 498371231696 498419977515 266942106437792 266972223376894
118917 445402 866906303057 866935710428 498419977514 498471124259 266972223376893 267003825227710
189285 708832 866842900160 866906303058 498471124258 498581373942 267003825227709 267071950134673
247093 925138 866813540757 866842900161 498581373941 498632415272 267071950134672 267103491797585
49177 184099 866778000780 866813540758 498632415271 498694192230 267103491797584 267141669776085
77306 289341 866707452420 866778000781 498694192229 498816791938 267141669776084 267217442824423
188599 705730 866666194502 866707452421 498816791937 498888471811 267217442824422 267261748929762
172612 645797 866622456874 866666194503 498888471810 498964444867 267261748929761 267308712069450
254195 950853 866576006481 866622456875 498964444866 499045113182 267308712069449 267358581407192
212734 795609 866526579777 866576006482 499045113181 499130931260 267358581407191 267411638637787
152198 569105 866484998696 866526579778 499130931259 499203112003 267411638637786 267456267985710
113900 425817 866429964966 866484998697 499203112002 499298623880 267456267985709 267515327792144
25734 96185 866371087626 866429964967 499298623879 499400779460 267515327792143 267578501816135
181603 678625 866322905273 866371087627 499400779459 499484357911 267578501816134 267630192234936
263489 984396 866256782365 866322905274 499484357910 499599026227 267630192234935 267701117524422
238869 892256 866233642444 866256782366 499599026226 499639146482 267701117524421 267725934801600
67565 252342 866185586048 866233642445 499639146481 499722453490 267725934801599 267777469307152
41164 153701 866108700344 866185586049 499722453489 499855698365 267777469307151 267859904555764
209593 782366 866040691937 866108700345 499855698364 499973519208 267859904555763 267932806271474
173969 649281 866025403784 866040691938 499973519207 500000000001 267932806271473 267949192431123
179327 669200 865982457891 866025403785 499999999999 500074377093 267949192431122 267995218806794
155369 579720 865960528493 865982457892 500074377092 500112350468 267995218806793 268018718955222
227023 846880 865865073244 865960528494 500112350467 500277597875 268018718955221 268120993874813
65187 243097 865806773927 865865073245 500277597874 500378486970 268120993874812 268183444267407
234537 874459 865760705238 865806773928 500378486969 500458191326 268183444267406 268232785651891
267572 997485 865734831114 865760705239 500458191325 500502949238 268232785651890 268260494948781
61381 228787 865681879984 865734831115 500502949237 500594529201 268260494948780 268317195214838
190998 711803 865658220875 865681879985 500594529200 500635440847 268317195214837 268342526645438
222907 830519 865560515841 865658220876 500635440846 500804346443 268342526645437 268447119345376
116533 434063 865517301219 865560515842 500804346442 500879028599 268447119345375 268493370858175
172328 641805 865495135671 865517301220 500879028598 500917328638 268493370858174 268517091821330
114256 425449 865426285481 865495135672 500917328637 501036270542 268517091821329 268590763645469
108344 403301 865328582736 865426285482 501036270541 501204991894 268590763645468 268695283250145
228365 849816 865276984379 865328582737 501204991893 501294065697 268695283250144 268750469712936
204963 762571 865223799298 865276984380 501294065696 501385856531 268750469712935 268807344576402
127299 473500 865149835380 865223799299 501385856530 501513471745 268807344576401 268886425224861
170309 633374 865140001465 865149835381 501513471744 501530435632 268886425224860 268896938159042
213027 792178 865109862338 865140001466 501530435631 501582422026 268896938159041 268929156482571
259175 963579 865031189261 865109862339 501582422025 501718089772 268929156482570 269013243671507
257260 956233 864990755310 865031189262 501718089771 501787797010 269013243671506 269056452736196
223335 829922 864902495721 864990755311 501787797009 501939909645 269056452736195 269150752275906
234590 871577 864893055643 864902495722 501939909644 501956175676 269150752275905 269160836948036
223959 831892 864788946610 864893055644 501956175675 502135517387 269160836948035 269272036548325
222617 826619 864717305816 864788946611 502135517386 502258878491 269272036548324 269348537134087
232007 861296 864677760660 864717305817 502258878490 502326955498 269348537134086 269390758068648
261035 968964 864667990292 864677760661 502326955497 502343773290 269390758068647 269401188793245
103763 385129 864625231998 864667990293 502343773289 502417364540 269401188793244 269446833560895
58714 217877 864558731936 864625231999 502417364539 502531789076 269446833560894 269517811623966
239777 889561 864507186684 864558731937 502531789075 502620457375 269517811623965 269572818471343
105781 392382 864481017466 864507186685 502620457374 502665465733 269572818471342 269600741988802
152152 564271 864400886260 864481017467 502665465732 502803249624 269600741988801 269686231822946
268808 996661 864359027540 864400886261 502803249623 502875204708 269686231822945 269730881916659
136887 507484 864348337709 864359027541 502875204707 502893578304 269730881916658 269742283741630
82881 307249 864330314727 864348337710 502893578303 502924554027 269742283741629 269761506345245
228956 848639 864273156179 864330314728 502924554026 503022774343 269761506345244 269822462805214
227940 844733 864246375176 864273156180 503022774342 503068785551 269822462805213 269851019827109
94744 351069 864205381151 864246375177 503068785550 503139204584 269851019827108 269894728161563
205055 759641 864126599126 864205381152 503139204583 503274498343 269894728161562 269978712056777
43081 159568 864114406472 864126599127 503274498342 503295432651 269978712056776 269991708074727
15110 55953 864008621462 864114406473 503295432650 503477012423 269991708074726 270104444059433
174645 646513 863953555879 864008621463 503477012422 503571497687 270104444059432 270163114364134
259600 960837 863919785662 863953555880 503571497686 503629431170 270163114364133 270199090670787
164443 608572 863896958963 863919785663 503629431169 503668585772 270199090670786 270223406583441
229599 849466 863778900898 863896958964 503668585771 503871025525 270223406583440 270349141349973
69042 255305 863627963719 863778900899 503871025524 504129685976 270349141349972 270509831248423
165794 612847 863588527632 863627963720 504129685975 504197238134 270509831248422 270551804037067
121279 448206 863521192871 863588527633 504197238133 504312551363 270551804037066 270623459122300
265913 982540 863493211366 863521192872 504312551362 504360460310 270623459122299 270653231915936
240273 887663 863442087548 863493211367 504360460309 504447976951 270653231915935 270707622373244
163321 603238 863380139791 863442087549 504447976950 504553995341 270707622373243 270773517741142
259161 957092 863368681053 863380139792 504553995340 504573602734 270773517741141 270785705407553
155418 573871 863296794119 863368681054 504573602733 504696587332 270785705407552 270862156219060
198698 733515 863254367437 863296794120 504696587331 504769152288 270862156219059 270907269081793
129373 477492 863187603129 863254367438 504769152287 504883315038 270907269081792 270978249420485
101933 376133 863141892115 863187603130 504883315037 504961458010 270978249420484 271026839204341
244189 900818 863051759721 863141892116 504961458009 505115491786 271026839204340 271122629390380
235800 869681 863030549303 863051759722 505115491785 505151730641 271122629390379 271145167656728
142241 524577 863014469346 863030549304 505151730640 505179201569 271145167656727 271162253369951
242851 895553 862991704575 863014469347 505179201568 505218089377 271162253369950 271186440677967
106466 392521 862897565142 862991704576 505218089376 505378859937 271186440677966 271286446121831
199279 734550 862883361109 862897565143 505378859936 505403111507 271286446121830 271301532912885
181781 670030 862881017547 862883361110 505403111506 505407112689 271301532912884 271304022064843
154270 568477 862748816310 862881017548 505407112688 505632752060 271304022064842 271444409268754
260789 960650 862697970097 862748816311 505632752059 505719499713 271444409268753 271498389879014
104174 383681 862672306372 862697970098 505719499712 505763276464 271498389879013 271525632679941
163011 600334 862656830666 862672306373 505763276463 505789672200 271525632679940 271542059639059
230717 849551 862594342939 862656830667 505789672199 505896233954 271542059639058 271608381004358
106385 391614 862501186518 862594342940 505896233953 506055039748 271608381004357 271707230798404
271237 998205 862468167964 862501186519 506055039747 506111311126 271707230798403 271742261065511
86284 317489 862415783820 862468167965 506111311125 506200568765 271742261065510 271797830088087
87148 320599 862357628687 862415783821 506200568764 506299634846 271797830088086 271859511324298
263301 968389 862288996935 862357628688 506299634845 506416514111 271859511324297 271932291359683
103395 380221 862285860494 862288996936 506416514110 506421854576 271932291359682 271935617038685
33247 122260 862283523775 862285860495 506421854575 506425833292 271935617038684 271938094723856
203735 749033 862171715308 862283523776 506425833291 506616159753 271938094723855 272056629143246
162681 597944 862151611222 862171715309 506616159752 506650371821 272056629143245 272077938642145
239042 878515 862114129807 862151611223 506650371820 506714147411 272077938642144 272117664164055
19549 71837 862090923670 862114129808 506714147410 506753627837 272117664164054 272142257606869
30220 111011 861934215157 862090923671 506753627836 507020126564 272142257606868 272308292331602
234307 860235 861807163694 861934215158 507020126563 507236052154 272308292331601 272442851249456
269545 989292 861769995840 861807163695 507236052153 507299196007 272442851249455 272482206255461
203867 748145 861742726990 861769995841 507299196006 507345515876 272482206255460 272511077132178
254519 933903 861702091724 861742726991 507345515875 507414529865 272511077132177 272554095588160
81129 297647 861676122521 861702091725 507414529864 507458628734 272554095588159 272581585268663
134288 492609 861630637691 861676122522 507458628733 507535855079 272581585268662 272629728369780
187548 687799 861538461538 861630637692 507535855078 507692307693 272629728369779 272727272727273
5277 19345 861431854127 861538461539 507692307692 507873173828 272727272727272 272840057346941
110710 405717 861365903383 861431854128 507873173827 507985019945 272840057346940 272909812638569
146280 535921 861288615939 861365903384 507985019944 508116049789 272909812638568 272991542223779
194255 711521 861246651074 861288615940 508116049788 508187176160 272991542223778 273035911638041
112075 410446 861207462694 861246651075 508187176159 508253584542 273035911638040 273077340773865
212861 779393 861143294469 861207462695 508253584541 508362298357 273077340773864 273145168277285
256900 940421 861085847540 861143294470 508362298356 508459598361 273145168277284 273205880874664
90659 331773 860990769063 861085847541 508459598360 508620581167 273205880874663 273306342848089
262726 961243 860966759070 860990769064 508620581166 508661222993 273306342848088 273331708109769
19223 70323 860926528214 860966759071 508661222992 508729312127 273331708109768 273374206027791
266229 973802 860894150497 860926528215 508729312126 508784101206 273374206027790 273408404808737
244954 895903 860880221751 860894150498 508784101205 508807668769 273408404808736 273423116018610
264103 965848 860845261734 860880221752 508807668768 508866814942 273423116018609 273460037438756
182463 667045 860695182882 860845261735 508866814941 509120616517 273460037438755 273618495495704
92475 337964 860685098679 860695182883 509120616516 509137664008 273618495495703 273629140346700
48724 178063 860676858726 860685098680 509137664007 509151593195 273629140346699 273637838191176
273045 997676 860595003498 860676858727 509151593194 509289937024 273637838191175 273724231262297
92941 339532 860579015425 860595003499 509289937023 509316952604 273724231262296 273741103377693
224031 818401 860576682823 860579015426 509316952603 509320893917 273741103377692 273743564894726
72315 264169 860573553284 860576682824 509320893916 509326181723 273743564894725 273746867369738
273597 999032 860355092001 860573553285 509326181722 509695120310 273746867369737 273977329651169
204942 747985 860327031633 860355092002 509695120309 509742482673 273977329651168 274006921366540
270591 987466 860291533634 860327031634 509742482672 509802390302 274006921366539 274044353309402
39931 145697 860245186530 860291533635 509802390301 509880592935 274044353309401 274093219876037
242350 884081 860182113326 860245186531 509880592934 509986991906 274093219876036 274159711703245
22741 82937 860113110377 860182113327 509986991905 510103359484 274159711703244 274232441369982
75531 275396 860054653873 860113110378 510103359483 510201913315 274232441369981 274294044130571
137299 500492 859990083500 860054653874 510201913314 510310744823 274294044130570 274362078244204
58733 214067 859980035952 859990083501 510310744822 510327676854 274362078244203 274372663678550
266632 971693 859929229658 859980035953 510327676853 510413283506 274372663678549 274426185344477
22064 80389 859854743840 859929229659 510413283505 510538754156 274426185344476 274504638518779
116121 422951 859769474576 859854743841 510538754155 510682338236 274504638518778 274594429695090
267500 974149 859761458618 859769474577 510682338235 510695833422 274594429695089 274602869660742
50093 182401 859707697281 859761458619 510695833421 510786330313 274602869660741 274659469904653
118265 430568 859683775424 859707697282 510786330312 510826591195 274659469904652 274684652275231
214555 781032 859641210239 859683775425 510826591194 510898218493 274684652275230 274729456240847
201695 734142 859629387921 859641210240 510898218492 510918110290 274729456240846 274741899438644
185583 675415 859578179808 859629387922 510918110289 511004259080 274741899438643 274795792200864
268503 977021 859535888020 859578179809 511004259079 511075392878 274795792200863 274840295457354
266139 968242 859482719022 859535888021 511075392877 511164802878 274840295457353 274896237350507
82573 300286 859321198063 859482719023 511164802877 511436289834 274896237350506 275066131858320
175307 637300 859299250888 859321198064 511436289833 511473163932 275066131858319 275089210995771
97262 353561 859292884409 859299250889 511473163931 511483859768 275089210995770 275095905575990
226985 825094 859281314753 859292884410 511483859767 511503296290 275095905575989 275108071183755
4194 15241 859146770997 859281314754 511503296289 511729250567 275108071183754 275249516901529
133439 484751 859101543908 859146770998 511729250566 511805175095 275249516901528 275297052369990
182519 662892 859024638927 859101543909 511805175094 511934243547 275297052369989 275377869032265
231466 840529 859018037511 859024638928 511934243546 511945320547 275377869032264 275384805427613
151678 550711 858946974208 859018037512 511945320546 512064542317 275384805427612 275459466795524
254165 922626 858907902596 858946974209 512064542316 512130076112 275459466795523 275500510485794
262913 954173 858832364160 858907902597 512130076111 512256742534 275500510485793 275579849162355
228547 829311 858819504966 858832364161 512256742533 512278301209 275579849162354 275593353652367
21617 78437 858812606417 858819504967 512278301208 512289866246 275593353652366 275600598186767
233916 848713 858789740563 858812606418 512289866245 512328197060 275600598186766 275624609862520
243192 882229 858729338792 858789740564 512328197059 512429431920 275624609862519 275688031186372
144579 524413 858712583451 858729338793 512429431919 512457509480 275688031186371 275705622290238
7895 28634 858682962282 858712583452 512457509479 512507141692 275705622290237 275736719005891
167317 606729 858621611902 858682962283 512507141691 512609917554 275736719005890 275801117489941
237507 861058 858563535911 858621611903 512609917553 512707182321 275801117489940 275862068965518
269265 976048 858543269066 858563535912 512707182320 512741119027 275862068965517 275883336998373
212994 771977 858497816625 858543269067 512741119026 512817217778 275883336998372 275931030529189
126338 457833 858465888245 858497816626 512817217777 512870664709 275931030529188 275964529643931
133333 483078 858384560825 858465888246 512870664708 513006769679 275964529643930 276049844845333
248376 899633 858315778349 858384560826 513006769678 513121841901 276049844845332 276121985229165
116513 421960 858313215224 858315778350 513121841900 513126129302 276121985229164 276124673223799
87738 317671 858185928046 858313215225 513126129301 513338984398 276124673223798 276258137923407
176740 639651 858092844945 858185928047 513338984397 513494566139 276258137923406 276355709315441
164202 594089 858021810093 858092844946 513494566138 513613252754 276355709315440 276430152737640
124370 449867 857965818358 858021810094 513613252753 513706778745 276430152737639 276488821090829
206950 748429 857920548261 857965818359 513706778744 513782378904 276488821090828 276536248756276
99179 358622 857883189064 857920548262 513782378903 513844756635 276536248756275 276575384103269
198703 718398 857851833614 857883189065 513844756634 513897102118 276575384103268 276608227211260
185507 670615 857825142228 857851833615 513897102117 513941655600 276608227211259 276636182769433
222413 803956 857802146236 857825142229 513941655599 513980036492 276636182769432 276660266289961
229567 829748 857782127852 857802146237 513980036491 514013444510 276660266289960 276681230163240
205721 743506 857764543890 857782127853 514013444509 514042787367 276681230163239 276699643696491
109422 395251 857492925712 857764543891 514042787366 514495755428 276699643696490 276983964948434
62970 227189 857136968536 857492925713 514495755427 515088552745 276983964948433 277356253992739
20297 73176 857106148728 857136968537 515088552744 515139835202 277356253992738 277388471065157
277257 999457 857069485475 857106148729 515139835201 515200831780 277388471065156 277426793024787
87599 315729 857025142615 857069485476 515200831779 515274591772 277426793024786 277473136979871
12454 44879 856970424548 857025142616 515274591771 515365590090 277473136979870 277530316733579
216891 781402 856901206652 856970424549 515365590089 515480670867 277530316733578 277602636596947
236435 851586 856828180882 856901206653 515480670866 515602044649 277602636596946 277678920406985
217656 783815 856810843329 856828180883 515602044648 515630855122 277678920406984 277697029276722
212249 764280 856783997912 856810843330 515630855121 515675460849 277697029276721 277725067335813
222485 801022 856733524355 856783997913 515675460848 515759312321 277725067335812 277777777777778
262370 944451 856687893739 856733524356 515759312320 515835102257 277777777777777 277825424507439
109897 395552 856675314047 856687893740 515835102256 515855993764 277825424507438 277838558987945
213886 769723 856607440848 856675314048 515855993763 515968693124 277838558987944 277909417882969
265352 954671 856527281544 856607440849 515968693123 516101749630 277909417882968 277993086748528
203984 733751 856510841764 856527281545 516101749629 516129032259 277993086748527 278010244081031
14909 53622 856455989333 856510841765 516129032258 516220048366 278010244081030 278067485214549
190957 686697 856431169240 856455989334 516220048365 516261224919 278067485214548 278093383408081
152683 548982 856379706337 856431169241 516261224918 516346587645 278093383408080 278147076205397
187331 673413 856313817176 856379706338 516346587644 516455851466 278147076205396 278215809572107
129459 465299 856291308550 856313817177 516455851465 516493170237 278215809572106 278239287043833
216415 777718 856233860740 856291308551 516493170236 516588400684 278239287043832 278299201199581
130471 468775 856187661065 856233860741 516588400683 516664967885 278299201199580 278347377650280
107945 387792 856167313649 856187661066 516664967884 516698684959 278347377650279 278368593800360
209371 751991 856064445274 856167313650 516698684958 516869099034 278368593800359 278475836520514
265907 954753 856001419189 856064445275 516869099033 516973471608 278475836520513 278541528180987
124333 446353 855979263057 856001419190 516973471607 517010155816 278541528180986 278564618746530
15458 55485 855915541945 855979263058 517010155815 517115639926 278564618746529 278631019697925
178434 640351 855878527394 855915541946 517115639925 517176900436 278631019697924 278669585752435
272348 977251 855843425974 855878527395 517176900435 517234985492 278669585752434 278706154976569
8115 29111 855738875668 855843425975 517234985491 517407940286 278706154976568 278815056940068
169219 606916 855733557073 855738875669 517407940285 517416736586 278815056940067 278820596099707
265189 951107 855731983580 855733557074 517416736585 517419338910 278820596099706 278822234830941
267685 960054 855730787091 855731983581 517419338909 517421317713 278822234830940 278823480922841
271815 974861 855729087911 855730787092 517421317712 517424127871 278823480922840 278825250539756
183147 656696 855601643570 855729087912 517424127870 517634839940 278825250539755 278957955083312
233759 837907 855559967937 855601643571 517634839939 517703719576 278957955083311 279001341115726
205174 735305 855500079018 855559967938 517703719575 517802679406 279001341115725 279063679522853
125423 449402 855452082806 855500079019 517802679405 517881969200 279063679522852 279113631657746
78085 279723 855379953070 855452082807 517881969199 518001096414 279113631657745 279188688848644
78063 279596 855359607448 855379953071 518001096413 518034691836 279188688848643 279209857622990
213650 765179 855348351745 855359607449 518034691835 518053276379 279209857622989 279221568225226
270473 968539 855276850087 855348351746 518053276378 518171313086 279221568225225 279295951470077
157400 563477 855197831554 855276850088 518171313085 518301716094 279295951470076 279378138157474
279226 999245 855084665400 855197831555 518301716093 518488394274 279378138157473 279495811670477
157005 561727 855068719537 855084665401 518488394273 518514691083 279495811670476 279512389822415
234951 840482 855009507179 855068719538 518514691082 518612324027 279512389822414 279573943971565
4457 15941 854971876320 855009507180 518612324026 518674359017 279573943971564 279613058093992
194877 696806 854858792791 854971876321 518674359016 518860717715 279613058093991 279730575573235
84571 302307 854817474959 854858792792 518860717714 518928785582 279730575573234 279773504717741
199813 714181 854806481080 854817474960 518928785581 518946895071 279773504717740 279784926548495
166223 594089 854787515221 854806481081 518946895070 518978134242 279784926548494 279804629901083
77618 277389 854764795058 854787515222 518978134241 519015553840 279804629901082 279828232249481
89473 319732 854746972784 854764795059 519015553839 519044904143 279828232249480 279846745544725
154153 550716 854617873557 854746972785 519044904142 519257441156 279846745544724 279980824383735
265161 947036 854599406528 854617873558 519257441155 519287833828 279980824383734 280000000000000
211882 756627 854532092384 854599406529 519287833827 519398597500 280000000000000 280069889128517
247587 884002 854521941471 854532092385 519398597499 519415297758 280069889128516 280080427274423
200357 715337 854508186069 854521941472 519415297757 519437926937 280080427274422 280094706962442
189182 675313 854421438869 854508186070 519437926936 519580604719 280094706962441 280184748637745
152987 546001 854400801842 854421438870 519580604718 519614539647 280184748637744 280206166396129
253647 905045 854298984277 854400801843 519614539646 519781921062 280206166396128 280311818896733
43761 156103 854255957468 854298984278 519781921061 519852632128 280311818896732 280356457819968
37198 132667 854198555614 854255957469 519852632127 519946946896 280356457819967 280416002548038
107593 383655 854148301720 854198555615 519946946895 520029497883 280416002548037 280468125122243
26253 93599 854118138585 854148301721 520029497882 520079037589 280468125122242 280499406572625
263393 938805 853997420613 854118138586 520079037588 520277239158 280499406572624 280624575510933
100959 359735 853951735827 853997420614 520277239157 520352220019 280624575510932 280671934421168
202471 721365 853940796185 853951735828 520352220018 520370172676 280671934421167 280683274107871
157217 560104 853922967189 853940796186 520370172675 520399429387 280683274107870 280701754385965
162697 579531 853850937602 853922967190 520399429386 520517604270 280701754385964 280776406404416
250707 892816 853796175794 853850937603 520517604269 520607424265 280776406404415 280833152566876
215516 767299 853713145524 853796175795 520607424264 520743569484 280833152566875 280919176055480
95716 340701 853675994594 853713145525 520743569483 520804470271 280919176055479 280957660232442
99137 352830 853639280336 853675994595 520804470270 520864645630 280957660232441 280995688403053
112045 398722 853611010380 853639280337 520864645629 520910974118 280995688403052 281024967590666
29638 105445 853513524881 853611010381 520910974117 521070688913 281024967590665 281125916761784
69868 248521 853495600824 853513524882 521070688912 521100047375 281125916761783 281144474873611
274403 975932 853445895378 853495600825 521100047374 521181449845 281144474873610 281195934094222
51102 181729 853440111077 853445895379 521181449844 521190921645 281195934094221 281201922052756
268929 956077 853281833651 853440111078 521190921644 521450009454 281201922052755 281365737248090
258649 919055 853158971908 853281833652 521450009453 521651002733 281365737248089 281492851201366
273373 971093 853124601174 853158971909 521651002732 521707211826 281492851201365 281528404239599
148539 527581 853088085325 853124601175 521707211825 521766919875 281528404239598 281566172707194
18997 67466 853063532261 853088085326 521766919874 521807061974 281566172707193 281591566014216
195102 692771 852997844405 853063532262 521807061973 521914434980 281591566014215 281659493860539
226282 803343 852966983083 852997844406 521914434979 521964870245 281659493860538 281691403576145
127600 452943 852924912229 852966983084 521964870244 522033613956 281691403576144 281734899514667
43281 153610 852878285020 852924912230 522033613955 522109788207 281734899514666 281783100610206
279005 990092 852851304076 852878285021 522109788206 522153859639 281783100610205 281810989629764
248585 881944 852755880274 852851304077 522153859638 522309686544 281810989629763 281909609411810
203562 722075 852750201117 852755880275 522309686543 522318958583 281909609411809 281915478010565
169907 602589 852660790808 852750201118 522318958582 522464903910 281915478010564 282007859453442
40525 143686 852601252410 852660790809 522464903909 522562057930 282007859453441 282069364494510
224620 796267 852558762000 852601252411 522562057929 522631378064 282069364494509 282113252644484
257201 911641 852526915759 852558762001 522631378063 522683324687 282113252644483 282146143324233
39408 139655 852459234884 852526915760 522683324686 522793700096 282146143324232 282216034906946
40189 142371 852328323874 852459234885 522793700095 523007101599 282216034906945 282351187344699
275374 975279 852322728648 852328323875 523007101598 523016219853 282351187344698 282356962835601
256805 909499 852319267473 852322728649 523016219852 523021860245 282356962835600 282360535480449
278243 985391 852304579507 852319267474 523021860244 523045795080 282360535480448 282375696127679
51745 183211 852191753573 852304579508 523045795079 523229600789 282375696127678 282492133862106
71804 254171 852171225719 852191753574 523229600788 523263033337 282492133862105 282513315221788
214066 757679 852141564451 852171225720 523263033336 523311335760 282513315221787 282543918782190
163923 580130 852105486822 852141564452 523311335759 523370078748 282543918782189 282581139395635
138401 489748 852075986307 852105486823 523370078747 523418105875 282581139395634 282611571957291
4729 16732 852036218521 852075986308 523418105874 523482838618 282611571957290 282652592526231
281357 995251 851945175441 852036218522 523482838617 523630994158 282652592526230 282746487909648
74689 264106 851842675109 851945175442 523630994157 523797725141 282746487909647 282852173233178
43586 154081 851794143949 851842675110 523797725140 523876642287 282852173233177 282902202709050
210745 744901 851765839768 851794143950 523876642286 523922660518 282902202709049 282931377858857
685 2421 851747297751 851765839769 523922660517 523952803957 282931377858856 282950489298711
260482 920443 851658316704 851747297752 523952803956 524097425665 282950489298710 283042190309219
23254 82139 851535482649 851658316705 524097425664 524296978619 283042190309218 283168744823963
217736 768873 851497104604 851535482650 524296978618 524359305106 283168744823962 283208277129384
279853 988021 851423843764 851497104605 524359305105 524478253380 283208277129383 283283730598093
231614 817477 851338153709 851423843765 524478253379 524617334863 283283730598092 283371967358308
111608 393805 851265625756 851338153710 524617334862 524735013512 283371967358307 283446635756159
58837 207574 851257688300 851265625757 524735013511 524747890049 283446635756158 283454806623853
234355 826737 851228491073 851257688301 524747890048 524795251488 283454806623852 283484861008832
203452 717607 851170869723 851228491074 524795251487 524888702997 283484861008831 283544167413742
200204 706051 851150619827 851170869724 524888702996 524921539249 283544167413741 283565007420701
154031 543129 851083984425 851150619828 524921539248 525029571981 283565007420700 283633577081464
12062 42523 851036012799 851083984426 525029571980 525107327047 283633577081463 283682933997804
240053 846143 850997709459 851036012800 525107327046 525169399808 283682933997803 283722339105746
137257 483722 850940380725 850997709460 525169399807 525262285389 283722339105745 283781309683508
3446 12143 850933405980 850940380726 525262285388 525273584512 283781309683507 283788483591216
51794 182487 850866366478 850933405981 525273584511 525382171753 283788483591215 283857430913007
43301 152526 850797997359 850866366479 525382171752 525492880722 283857430913006 283927733589342
143877 506626 850675776393 850797997360 525492880721 525690710835 283927733589341 284053380683839
282416 994225 850669851167 850675776394 525690710834 525700298949 284053380683838 284059471016088
171495 603647 850594569546 850669851168 525700298948 525822097538 284059471016087 284136842391437
13743 48364 850554095903 850594569547 525822097537 525887563974 284136842391436 284178433442138
262389 923278 850526047989 850554095904 525887563973 525932925088 284178433442137 284207253207172
148007 520684 850433211416 850526047990 525932925087 526083028542 284207253207171 284302629944091
72160 253773 850343678305 850433211417 526083028541 526227734698 284302629944090 284394591592538
95656 336333 850316383805 850343678306 526227734697 526271837963 284394591592537 284422622297942
94998 333995 850303168895 850316383806 526271837962 526293189169 284422622297941 284436192952657
228953 804881 850265146687 850303168896 526293189168 526354614617 284436192952656 284475236188996
130746 459565 850217936936 850265146688 526354614616 526430868883 284475236188995 284523708463150
50260 176639 850195696016 850217936937 526430868882 526466787628 284523708463149 284546542163342
168451 591932 850133830172 850195696017 526466787627 526566682193 284546542163341 284610050151728
244889 860300 850045550979 850133830173 526566682192 526709180915 284610050151727 284700655416562
199664 701267 850009906441 850045550980 526709180914 526766702584 284700655416561 284737233432872
39371 138256 849948309440 850009906442 526766702583 526866084769 284737233432871 284800435817201
270743 950563 849902691712 849948309441 526866084768 526939668862 284800435817200 284847236139707
7649 26851 849861531352 849902691713 526939668861 527006050750 284847236139706 284889458922820
278739 978358 849831399957 849861531353 527006050749 527054638198 284889458922819 284920365288177
139815 490597 849696544689 849831399958 527054638197 527272018927 284920365288176 285058660265394
141089 494921 849667052315 849696544690 527272018926 527319542791 285058660265393 285088898637417
78647 275855 849640166198 849667052316 527319542790 527362861779 285088898637416 285116462875113
160437 562682 849615554593 849640166199 527362861778 527402511743 285116462875112 285141693598369
145372 509803 849592939902 849615554594 527402511742 527438940986 285141693598368 285164875798659
100339 351777 849456722139 849592939903 527438940985 527658295881 285164875798658 285304484048571
146656 514019 849441251034 849456722140 527658295880 527683201401 285304484048570 285320337212763
257444 902073 849302256241 849441251035 527683201400 527906883402 285320337212762 285462736889147
104322 365443 849293488248 849302256242 527906883401 527920989182 285462736889146 285471718002601
203067 711328 849285325289 849293488249 527920989181 527934121126 285471718002600 285480079199302
178319 624612 849270579901 849285325290 527934121125 527957841228 285480079199301 285495182243986
266765 934214 849163122300 849270579902 527957841227 528130657816 285495182243985 285605229439602
279151 977215 849056603773 849163122301 528130657815 528301886793 285605229439601 285714285714286
143983 503803 848904226924 849056603774 528301886792 528546699460 285714285714285 285870242364472
133743 467839 848896908954 848904226925 528546699459 528558452746 285870242364471 285877730762178
284184 994061 848888853282 848896908955 528558452745 528571390422 285877730762177 285885973882858
170081 594821 848790200409 848888853283 528571390421 528729794593 285885973882857 285986908885161
226223 791010 848779090136 848790200410 528729794592 528747629922 285986908885160 285998274613785
220647 771481 848767014308 848779090137 528747629921 528767014309 285998274613784 286010627740762
121821 425872 848688585215 848767014309 528767014308 528892886439 286010627740761 286090848760730
158367 553541 848674505283 848688585216 528892886438 528915479148 286090848760729 286105248726229
53090 185537 848601872257 848674505284 528915479147 529032005083 286105248726228 286179524656859
154823 540943 848543330459 848601872258 529032005082 529125898377 286179524656858 286239380845367
278636 972933 848253168960 848543330460 529125898376 529590937752 286239380845366 286535928435181
227782 794795 848143111912 848253168961 529590937751 529767176896 286535928435180 286648351786581
224255 782274 848099435962 848143111913 529767176895 529837094512 286648351786580 286692958290479
151529 528519 848076000829 848099435963 529837094511 529874604806 286692958290478 286716890738095
192218 670393 848061383354 848076000830 529874604805 529897999679 286716890738094 286731817704434
27238 94993 848051395014 848061383355 529897999678 529913984920 286731817704433 286742017212961
281223 980740 848044137456 848051395015 529913984919 529925599426 286742017212960 286749428049211
86460 301493 847998304005 848044137457 529925599425 529998940004 286749428049210 286796226411321
156350 545127 847963685293 847998304006 529998940003 530054325917 286796226411320 286831570411524
111179 387608 847959699261 847963685294 530054325916 530060702589 286831570411523 286835639760082
274937 958509 847954675884 847959699262 530060702588 530068738604 286835639760081 286840768077895
250223 872331 847948149650 847954675885 530068738603 530079178524 286840768077894 286847430553745
235179 819862 847939327520 847948149651 530079178523 530093290699 286847430553744 286856436683027
58300 203233 847926739415 847939327521 530093290698 530113426151 286856436683026 286869286992466
124822 435103 847907319679 847926739416 530113426150 530144487131 286869286992465 286889110446405
105929 369211 847873436461 847907319680 530144487130 530198675728 286889110446404 286923695782323
131771 459194 847799348925 847873436462 530198675727 530317135271 286923695782322 286999308436497
278969 971519 847509321828 847799348926 530317135270 530780509641 286999308436496 287295172679027
121957 424398 847372957126 847509321829 530780509640 530998184113 287295172679026 287434208703792
163159 567570 847303934771 847372957127 530998184112 531108314868 287434208703791 287504565367053
168621 586481 847287088419 847303934772 531108314867 531135189756 287504565367052 287521735568497
135167 470094 847267229739 847287088420 531135189755 531166867764 287521735568496 287541975093114
234884 816797 847217788101 847267229740 531166867763 531245724241 287541975093113 287592360609959
33683 117115 847190627168 847217788102 531245724240 531289037378 287592360609958 287620037457314
70899 246488 847157880337 847190627169 531289037377 531341251722 287620037457313 287653403846945
24241 84264 847107243350 847157880338 531341251721 531421977588 287653403846944 287704993578603
251775 875048 847063894508 847107243351 531421977587 531491071064 287704993578602 287749152936297
211965 736561 847010055533 847063894509 531491071063 531576867278 287749152936296 287803992016860
77121 267940 846960229107 847010055534 531576867277 531656252019 287803992016859 287854737551757
283043 983162 846889988853 846960229108 531656252018 531768132536 287854737551756 287926262931275
51154 177635 846799103406 846889988854 531768132535 531912848567 287926262931274 288018792940449
212757 738634 846755141603 846799103407 531912848566 531982828829 288018792940448 288063542829505
270301 938247 846700175142 846755141604 531982828828 532070308713 288063542829504 288119487870302
97863 339623 846636549211 846700175143 532070308712 532171545219 288119487870301 288184237144945
229888 797607 846562037243 846636549212 532171545218 532290068570 288184237144944 288260051833470
279682 970215 846546285938 846562037244 532290068569 532315118857 288260051833469 288276076755023
13107 45461 846473575433 846546285939 532315118856 532430733610 288276076755022 288350042314910
156838 543903 846460752871 846473575434 532430733609 532451118742 288350042314909 288363084844102
15161 52575 846449128285 846460752872 532451118741 532469598405 288363084844101 288374908491942
31328 108619 846358496789 846449128286 532469598404 532613645068 288374908491941 288467080468582
286749 994031 846351018530 846358496790 532613645067 532625528335 288467080468581 288474684926403
278636 965693 846232840089 846351018531 532625528334 532813269687 288474684926402 288594839240450
133757 463403 846142460848 846232840090 532813269686 532956786193 288594839240449 288686706196812
159569 552695 846095101214 846142460849 532956786192 533031968742 288686706196811 288734837328072
251584 871321 846087708854 846095101215 533031968741 533043702641 288734837328071 288742349610015
95743 331558 846039245128 846087708855 533043702640 533120620219 288742349610014 288791596183519
31535 109178 845943482224 846039245129 533120620218 533272561532 288791596183518 288888888888889
160423 555299 845931821482 845943482225 533272561531 533291058807 288888888888888 288900734360856
169016 585025 845925602595 845931821483 533291058806 533300923376 288900734360855 288907051630693
249926 865043 845905169363 845925602596 533300923375 533333333334 288907051630692 288927807443810
127805 442259 845797963897 845905169364 533333333333 533503331074 288927807443809 289036688472279
246555 852944 845745104842 845797963898 533503331073 533587122816 289036688472278 289090363244474
162112 560731 845709724135 845745104843 533587122815 533643197748 289090363244473 289126286094314
253624 877143 845667271477 845709724136 533643197747 533710470154 289126286094313 289169385187497
276293 955424 845639166557 845667271478 533710470153 533754999962 289169385187496 289197915623473
165463 572131 845625710706 845639166558 533754999961 533776317752 289197915623472 289211574511376
41839 144631 845488903030 845625710707 533776317751 533992991388 289211574511375 289350421187020
281380 972247 845367412140 845488903031 533992991387 534185303515 289350421187019 289473684210527
54659 188808 845325092330 845367412141 534185303514 534252270259 289473684210526 289516612806355
216851 748941 845272070297 845325092331 534252270258 534336155595 289516612806354 289570391377603
285227 984941 845237533639 845272070298 534336155594 534390785594 289570391377602 289605417108196
279304 964355 845193423645 845237533640 534390785593 534460547306 289605417108195 289650147489366
239503 826800 845145094379 845193423646 534460547305 534536967334 289650147489365 289699151010564
49358 170357 845078836052 845145094380 534536967333 534641712605 289699151010563 289766324428933
288230 994641 845046040250 845078836053 534641712604 534693547611 289766324428932 289799569195464
275024 948919 844988476379 845046040251 534693547610 534784512478 289799569195463 289857914736927
288172 994115 844948974278 844988476380 534784512477 534846922835 289857914736926 289897948556636
257347 887586 844865275276 844948974279 534846922834 534979127287 289897948556635 289982761590160
268516 925943 844847172060 844865275277 534979127286 535007715703 289982761590159 290001103508636
3593 12389 844819075554 844847172061 535007715702 535052081185 290001103508635 290029568901548
288875 995933 844769554308 844819075555 535052081184 535130264622 290029568901547 290079735635119
38519 132762 844658982029 844769554309 535130264621 535304776812 290079735635118 290191727591102
232003 799455 844639781228 844658982030 535304776811 535335072610 290191727591101 290211171881557
21959 75665 844635300026 844639781229 535335072609 535342142885 290211171881556 290215709781136
254069 875312 844545697770 844635300027 535342142884 535483486559 290215709781135 290306435457615
138126 475763 844508578449 844545697771 535483486558 535542025359 290306435457614 290344014452055
54629 188143 844479111653 844508578450 535542025358 535588489404 290344014452054 290373843769749
195537 673346 844435289907 844479111654 535588489403 535657578271 290373843769748 290418200736788
142053 489100 844397077608 844435289908 535657578270 535717813150 290418200736787 290456875936839
283724 976767 844366104644 844397077609 535717813149 535766629539 290456875936838 290488221503085
206245 709949 844329420182 844366104645 535766629538 535824439732 290488221503084 290525344262161
249023 856976 844214658300 844329420183 535824439731 536005233847 290525344262160 290641456207101
238341 820049 844212815247 844214658301 536005233846 536008136666 290641456207100 290643320680564
179009 615903 844209904243 844212815248 536008136665 536012721470 290643320680563 290646265501510
98113 337522 844130872011 844209904244 536012721469 536137175467 290646265501509 290726207995159
207733 714483 844091938887 844130872012 536137175466 536198469511 290726207995158 290765583973011
53210 182983 844039614643 844091938888 536198469510 536280830268 290765583973010 290818497612204
251179 863658 844013786343 844039614644 536280830267 536321478652 290818497612203 290844614407433
253241 870627 843959653043 844013786344 536321478651 536406659200 290844614407432 290899347127468
127021 436642 843950015239 843959653044 536406659199 536421822616 290899347127467 290909090909091
159709 548971 843919940505 843950015240 536421822615 536469136127 290909090909090 290939494900007
50889 174905 843894742067 843919940506 536469136126 536508773751 290939494900006 290964967528030
231605 795667 843661487732 843894742068 536508773750 536875492194 290964967528029 291200687200757
147244 505487 843481933552 843661487733 536875492193 537157544647 291200687200756 291382049842884
173319 594785 843450874289 843481933553 537157544646 537206312939 291382049842883 291413414065389
109808 376783 843406823080 843450874290 537206312938 537275470109 291413414065388 291457893820246
263028 902351 843339473439 843406823081 537275470108 537381179927 291457893820245 291525889652752
17989 61703 843308069798 843339473440 537381179926 537430460072 291525889652751 291557590875548
132964 455985 843229364339 843308069799 537430460071 537553940658 291557590875547 291637031753620
87585 300319 843223701024 843229364340 537553940657 537562824264 291637031753619 291642747413227
254741 873370 843157953899 843223701025 537562824263 537665941618 291642747413226 291709096596797
67250 230517 843105552320 843157953900 537665941617 537748107990 291709096596796 291761970611440
106670 365579 843062440433 843105552321 537748107989 537815694760 291761970611439 291805466250472
289913 993478 843041110311 843062440434 537815694759 537849129705 291805466250471 291826984593930
10253 35130 842978009650 843041110312 537849129704 537948022811 291826984593929 291890635695858
179931 616391 842938635924 842978009651 537948022810 538009717445 291890635695857 291930348063246
8677 29722 842922209577 842938635925 538009717444 538035452922 291930348063245 291946914593420
270205 925464 842882263923 842922209578 538035452921 538098029325 291946914593419 291987198454680
272949 934658 842795617576 842882263924 538098029324 538233728963 291987198454679 292074565312223
198031 677993 842776630574 842795617577 538233728962 538263458688 292074565312222 292093707808643
219207 750364 842696259812 842776630575 538263458687 538389277103 292093707808642 292174727242942
226115 773819 842633062668 842696259813 538389277102 538488181577 292174727242941 292238423637184
255288 873497 842590772710 842633062669 538488181576 538554351709 292238423637183 292281042369554
259529 887930 842582068778 842590772711 538554351708 538567969131 292281042369553 292289813439568
111428 381185 842522148762 842582068779 538567969130 538661701669 292289813439567 292350190758765
273853 936646 842470513710 842522148763 538661701668 538742455659 292350190758764 292402213034004
194479 664980 842358915426 842470513711 538742455658 538916930149 292402213034003 292514626567180
223008 762313 842306039026 842358915427 538916930148 538999570148 292514626567179 292567878913153
169107 577975 842271400661 842306039027 538999570147 539053696424 292567878913152 292602759956979
244424 835309 842246953746 842271400662 539053696423 539091892822 292602759956978 292627376435514
280270 957741 842228777775 842246953747 539091892821 539120288886 292627376435513 292645677555966
260385 889573 842105263157 842228777776 539120288885 539313198209 292645677555965 292770021884560
233651 797982 842041036269 842105263158 539313198208 539413471503 292770021884559 292834665939360
27591 94219 842032375698 842041036270 539413471502 539426990682 292834665939359 292843382015597
230650 787607 842021015072 842032375699 539426990681 539444723932 292843382015596 292854815182398
148847 508174 841920117133 842021015073 539444723931 539602183433 292854815182397 292956343987710
41412 141349 841879138963 841920117134 539602183432 539666114721 292956343987709 292997571504076
36685 125192 841814853022 841879138964 539666114720 539766387645 292997571504075 293062240625714
187897 641081 841751684491 841814853023 539766387644 539864892039 293062240625713 293125776175236
20398 69581 841694082265 841751684492 539864892038 539954694284 293125776175235 293183704874255
285497 973701 841645602173 841694082266 539954694283 540030258728 293183704874254 293232453676478
12878 43915 841614040230 841645602174 540030258727 540079445349 293232453676477 293264187582248
87230 297431 841586354630 841614040231 540079445348 540122585808 293264187582247 293292022092572
44542 151855 841532115630 841586354631 540122585807 540207088405 293292022092571 293346547594260
226061 770598 841509556555 841532115631 540207088404 540242229214 293346547594259 293369223792905
292907 998232 841397016935 841509556556 540242229213 540417486665 293369223792904 293482329825758
243413 829310 841336609915 841397016936 540417486664 540511525146 293482329825757 293543028599511
13352 45483 841302366104 841336609916 540511525145 540564823853 293543028599510 293577433996515
10999 37464 841280313451 841302366105 540564823852 540599143728 293577433996514 293599589252025
292080 994651 841178475376 841280313452 540599143727 540757591314 293599589252024 293701886343694
278107 946691 841047903168 841178475377 540757591313 540960649749 293701886343693 293833011524188
280215 953591 841009290419 841047903169 540960649748 541020677449 293833011524187 293871780150280
218622 743851 840941845967 841009290420 541020677448 541125504574 293871780150279 293939488506331
289235 983989 840938248651 840941845968 541125504573 541131094982 293939488506330 293943099600248
16520 56197 840892878872 840938248652 541131094981 541201594844 293943099600247 293988640541997
72119 245281 840818359761 840892878873 541201594843 541317361524 293988640541996 294063430350554
126146 428965 840804047330 840818359762 541317361523 541339592117 294063430350553 294077793289212
275209 935774 840764331210 840804047331 541339592116 541401273886 294077793289211 294117647058824
264591 899534 840715189857 840764331211 541401273885 541477579909 294117647058823 294166953633974
153224 520853 840691232030 840715189858 541477579908 541514775780 294166953633973 294190989969851
144431 490891 840629131389 840691232031 541514775779 541611173684 294190989969850 294253287882494
278817 947447 840571035093 840629131390 541611173683 541701333728 294253287882493 294311560596438
154340 524363 840518144886 840571035094 541701333727 541783395941 294311560596437 294364604579195
287217 975649 840476304396 840518144887 541783395940 541848301416 294364604579194 294406562106491
661 2245 840425422940 840476304397 541848301415 541927216954 294406562106490 294457580404403
98747 335312 840354982851 840425422941 541927216953 542036440470 294457580404402 294528200005295
243047 825126 840296648224 840354982852 542036440469 542126869823 294528200005294 294586674569672
249545 846971 840205632428 840296648225 542126869822 542267918318 294586674569671 294677892927572
243293 825579 840173915150 840205632429 542267918317 542317058834 294677892927571 294709676280195
256227 869290 840084761452 840173915151 542317058833 542455153516 294709676280194 294799003219687
277937 942729 840039377768 840084761453 542455153515 542525431476 294799003219686 294844468020859
281912 956079 840003049240 840039377769 542525431475 542581677969 294844468020858 294880858046680
186300 631711 839938190460 840003049241 542581677968 542682076548 294880858046679 294945819028854
53957 182932 839916668496 839938190461 542682076547 542715385798 294945819028853 294967372756748
263251 892384 839856606902 839916668497 542715385797 542808326984 294967372756747 295027517333010
14449 48960 839674913799 839856606903 542808326983 543089347286 295027517333009 295209410756279
286440 970163 839595089237 839674913800 543089347285 543212744815 295209410756278 295289299255144
283772 960979 839584306723 839595089238 543212744814 543229410015 295289299255143 295300089280375
130114 440613 839580034843 839584306724 543229410014 543236012330 295300089280374 295304364061267
217143 735307 839570157152 839580034844 543236012329 543251278158 295304364061266 295314248301508
88849 300859 839563177838 839570157153 543251278157 543262064218 295314248301507 295321232107090
293389 993454 839561285281 839563177839 543262064217 543264988985 295321232107089 295323125862542
62429 211391 839557984456 839561285282 543264988984 543270090044 295323125862541 295326428758494
284259 962513 839550772208 839557984457 543270090043 543281235535 295326428758493 295333645443128
203196 687989 839522588514 839550772209 543281235534 543324786269 295333645443127 295361845329301
244649 827978 839291027811 839522588515 543324786268 543682417073 295361845329300 295593469903328
267169 903781 839252879718 839291027812 543682417072 543741302353 295593469903327 295631616700815
148363 501822 839218796544 839252879719 543741302352 543793905378 295631616700814 295665695891658
287632 972797 839199677067 839218796545 543793905377 543823410687 295665695891657 295684811968673
119066 402647 839152986556 839199677068 543823410686 543895454250 295684811968672 295731490650991
192414 650575 839096137310 839152986557 543895454249 543983154474 295731490650990 295788318749604
160807 543614 839050756120 839096137311 543983154473 544053148740 295788318749603 295833677742880
144299 487697 838961287027 839050756121 544053148739 544191105100 295833677742879 295923089266663
285339 964144 838906211238 838961287028 544191105099 544276004198 295923089266662 295978120510448
37527 126779 838855842854 838906211239 544276004197 544353630382 295978120510447 296028442086172
291681 985291 838841944146 838855842855 544353630381 544375047869 296028442086171 296042326857432
177626 599939 838779661721 838841944147 544375047868 544471008487 296042326857431 296104541408866
52633 177728 838701556527 838779661722 544471008486 544591313812 296104541408865 296182548972103
293008 989259 838687895916 838701556528 544591313811 544612351351 296182548972102 296196191077334
295979 999152 838619773104 838687895917 544612351350 544717244227 296196191077333 296264215252543
249697 842773 838587641866 838619773105 544717244226 544766708702 296264215252542 296296296296297
241671 815579 838543519510 838587641867 544766708701 544834622511 296296296296296 296340345892899
236239 797054 838443616300 838543519511 544834622510 544988350596 296340345892898 296440067981010
295381 996281 838356330263 838443616301 544988350595 545122613278 296440067981009 296527177187549
215169 725591 838324428015 838356330264 545122613277 545171673322 296527177187548 296559010484160
279578 942631 838255775463 838324428016 545171673321 545277227566 296559010484159 296627506815692
196641 662840 838181902265 838255775464 545277227565 545390776155 296627506815691 296701199963860
253027 852740 838139532599 838181902266 545390776154 545455886295 296701199963859 296743460777184
174600 588361 838113218261 838139532600 545455886294 545496318388 296743460777183 296769705461158
296052 997393 838000663694 838113218262 545496318387 545669210830 296769705461157 296881944390948
201354 678227 837998742769 838000663695 545669210829 545672160842 296881944390947 296883859680588
265573 894534 837998084707 837998742770 545672160841 545673171438 296883859680587 296884515809643
214504 722515 837996740827 837998084708 545673171437 545675235248 296884515809642 296885855739455
269990 909241 837888169284 837996740828 545675235247 545841932956 296885855739454 296994094677650
261427 880206 837863058280 837888169285 545841932955 545880477365 296994094677649 297019124958882
214536 722249 837823512446 837863058281 545880477364 545941170816 297019124958881 297058540778355
39462 132829 837762911609 837823512447 545941170815 546034160041 297058540778354 297118935522609
254953 858001 837705234159 837762911610 546034160040 546122642510 297118935522608 297176409120245
211652 712097 837610596838 837705234160 546122642509 546267780547 297176409120244 297270695699465
65729 221069 837504651439 837610596839 546267780546 546430195741 297270695699464 297376224497012
78115 262652 837439353963 837504651440 546430195740 546530263055 297376224497011 297441252618877
286069 961746 837426688005 837439353964 546530263054 546549670402 297441252618876 297453865217440
133958 450313 837379150368 837426688006 546549670401 546622500935 297453865217439 297501199371573
174651 587024 837342685882 837379150369 546622500934 546678357354 297501199371572 297537504328318
269875 906919 837270504562 837342685883 546678357353 546788900939 297537504328317 297609361049942
260577 875492 837219128808 837270504563 546788900938 546867561991 297609361049941 297660498639380
37147 124792 837197373286 837219128809 546867561990 546900866851 297660498639379 297682151522063
274158 920665 836995511218 837197373287 546900866850 547209753386 297682151522062 297883010624304
21099 70828 836980122838 836995511219 547209753385 547233290264 297883010624303 297898318800534
257149 863205 836976205885 836980122839 547233290263 547239281103 297898318800533 297902215254114
116431 390832 836969613973 836976205886 547239281102 547249362983 297902215254113 297908772589303
62553 209971 836961981233 836969613974 547249362982 547261036407 297908772589302 297916365171244
200808 674035 836956185964 836961981234 547261036406 547269899388 297916365171243 297922129863205
262771 881950 836913831814 836956185965 547269899387 547334667382 297922129863204 297964258258496
149665 502174 836773275339 836913831815 547334667381 547549528059 297964258258495 298104036796280
93715 314347 836729183105 836773275340 547549528058 547616904542 298104036796279 298147875897062
49889 167322 836701516894 836729183106 547616904541 547659174695 298147875897061 298175381060533
293303 983598 836664103283 836701516895 547659174694 547716330118 298175381060532 298212574165475
153098 513319 836586413888 836664103284 547716330117 547834986194 298212574165474 298289795705074
270133 905568 836561289116 836586413889 547834986193 547873351746 298289795705073 298314766292846
42653 142956 836461129579 836561289117 547873351745 548026257311 298314766292845 298414297195760
204278 684491 836413784445 836461129580 548026257310 548098514129 298414297195759 298461337401432
169969 569458 836386196912 836413784446 548098514128 548140611171 298461337401431 298488744955603
51738 173303 836281576587 836386196913 548140611170 548300213989 298488744955602 298592667366243
156637 524560 836253819831 836281576588 548300213988 548342546970 298592667366242 298620234875387
225575 755379 836244367385 836253819832 548342546969 548356962221 298620234875386 298629622483689
129521 433704 836225151859 836244367386 548356962220 548386264779 298629622483688 298648705592409
71811 240419 836139895164 836225151860 548386264778 548516249271 298648705592408 298733364878719
250456 838265 836047910837 836139895165 548516249270 548656441487 298733364878718 298824686571871
81343 272159 835935581625 836047910838 548656441486 548827571623 298824686571870 298936181157743
254693 851976 835920092735 835935581626 548827571622 548851162485 298936181157742 298951552769872
73757 246698 835869034479 835920092736 548851162484 548928918166 298951552769871 299002220668341
194115 649079 835748108933 835869034480 548928918165 549113010605 299002220668340 299122198700343
229361 766748 835722728480 835748108934 549113010604 549151637620 299122198700342 299147376180528
214035 715463 835705479701 835722728481 549151637619 549177886661 299147376180527 299164486206255
280117 936297 835683537656 835705479702 549177886660 549211275276 299164486206254 299186250793963
288752 965015 835615039678 835683537657 549211275275 549315488097 299186250793962 299254187954603
215159 718913 835555358885 835615039679 549315488096 549406263377 299254187954602 299313371681891
208169 695476 835544531289 835555358886 549406263376 549422729993 299313371681890 299324108256247
78157 261076 835462175261 835544531290 549422729992 549547953966 299324108256246 299405763502963
269906 901405 835417082243 835462175262 549547953965 549616501477 299405763502962 299450466487066
238141 795215 835382836773 835417082244 549616501476 549668551060 299450466487065 299484412759185
129122 431113 835334270478 835382836774 549668551059 549742354713 299484412759184 299532550312572
230341 768915 835266217695 835334270479 549742354712 549845747076 299532550312571 299599993599796
7787 25990 835235452763 835266217696 549845747075 549892478988 299599993599795 299630479653010
76087 253909 835170864819 835235452764 549892478987 549990569516 299630479653009 299694475353123
166529 555598 835100559076 835170864820 549990569515 550097315236 299694475353122 299764126011929
211675 706128 835091531812 835100559077 550097315235 550111019246 299764126011928 299773068377567
215181 717709 835003835619 835091531813 550111019245 550244122641 299773068377566 299859930513255
141411 471569 834976631796 835003835620 550244122640 550285402637 299859930513254 299886872181921
274511 915354 834958204616 834976631797 550285402636 550313362134 299886872181920 299905120862814
169925 566574 834934834373 834958204617 550313362133 550348818796 299905120862813 299928263656278
194857 649601 834862385321 834934834374 550348818795 550458715597 299928263656277 300000000000000
294701 982225 834793484385 834862385322 550458715596 550563201121 300000000000000 300068212474882
201428 671251 834772679157 834793484386 550563201120 550594745828 300068212474881 300088807775387
116063 386752 834756727519 834772679158 550594745827 550618929807 300088807775386 300104597818318
293107 976646 834733876922 834756727520 550618929806 550653570513 300104597818317 300127215962100
264143 880004 834665333465 834733876923 550653570512 550757461240 300127215962099 300195055301656
53281 177486 834658724638 834665333466 550757461239 550767476695 300195055301655 300201595696425
151310 503987 834609406561 834658724639 550767476694 550842208331 300201595696424 300250400090929
270982 902371 834509171415 834609406562 550842208330 550994049718 300250400090928 300349574863206
269886 898507 834464609751 834509171416 550994049717 551061534742 300349574863205 300393658080048
104498 347817 834371716663 834464609752 551061534741 551202175642 300393658080047 300485539890334
265271 882755 834335320661 834371716664 551202175641 551257265437 300485539890333 300521534545929
294457 979794 834319213092 834335320662 551257265436 551281643687 300521534545928 300537463573225
105962 352517 834219174646 834319213093 551281643686 551433013750 300537463573224 300636380521736
84701 281710 834156516262 834219174647 551433013749 551527792933 300636380521735 300698325383978
74050 246243 834114264555 834156516263 551527792932 551591691077 300698325383977 300740091136404
66693 221731 834026663617 834114264556 551591691076 551724137932 300740091136403 300826672194022
273429 908914 834019035196 834026663618 551724137931 551735669438 300826672194021 300834211013834
116101 385928 834015602433 834019035197 551735669437 551740858463 300834211013833 300837603415369
275438 915445 833932205726 834015602434 551740858462 551866900849 300837603415368 300920011724106
230871 767167 833892369529 833932205727 551866900848 551927093048 300920011724105 300959370472131
139489 463451 833852711710 833892369530 551927093047 551987006344 300959370472130 300998549566639
183918 610957 833783685010 833852711711 551987006343 552091266560 300998549566638 301066734900076
190379 632344 833779661271 833783685011 552091266559 552097343275 301066734900075 301070709275653
32514 107993 833770832028 833779661272 552097343274 552110677002 301070709275652 301079430078600
276384 917851 833687115312 833770832029 552110677001 552237081119 301079430078599 301162110213105
56128 186345 833600741136 833687115313 552237081118 552367454125 301162110213104 301247399028704
293663 974780 833573600204 833600741137 552367454124 552408411452 301247399028703 301274195587465
42789 142015 833523028381 833573600205 552408411451 552484715769 301274195587464 301324121495512
192794 639749 833452736099 833523028382 552484715768 552590749731 301324121495511 301393506825032
291269 966351 833416913530 833452736100 552590749730 552644775821 301393506825031 301428863092820
242665 805012 833388849652 833416913531 552644775820 552687095267 301428863092819 301456559731709
124322 412365 833330531359 833388849653 552687095266 552775022504 301456559731708 301514109457221
241757 801756 833289440280 833330531360 552775022503 552836963958 301514109457220 301554654606316
223009 739516 833277083522 833289440281 552836963957 552855588808 301554654606315 301566846483111
221905 735781 833227920355 833277083523 552855588807 552929681552 301566846483110 301615350394678
51091 169379 833183710047 833227920356 552929681551 552996297739 301615350394677 301658963423672
277077 918509 833182546404 833183710048 552996297738 552998050961 301658963423671 301660111288700
85811 284443 833140539782 833182546405 552998050960 553061335632 301660111288699 301701546405603
80847 267950 833094598669 833140539783 553061335631 553130535831 301701546405602 301746858144689
245281 812769 833018474423 833094598670 553130535830 553245172839 301746858144688 301821929543062
53913 178606 832952691680 833018474424 553245172838 553344208810 301821929543061 301886792452831
104664 346667 832895277563 832952691681 553344208809 553430624932 301886792452830 301943396169812
142093 470556 832844730931 832895277564 553430624931 553506688452 301943396169811 301993223490370
52271 173074 832799889352 832844730932 553506688451 553574154287 301993223490369 302037422362545
230923 764501 832759838695 832799889353 553574154286 553634401980 302037422362544 302076895341587
216191 715640 832723850196 832759838696 553634401979 553688530958 302076895341586 302112361825882
286502 948279 832691335748 832723850197 553688530957 553737428183 302112361825881 302144402268546
184155 609464 832661815530 832691335749 553737428182 553781817107 302144402268545 302173490173699
83241 275200 832050294337 832661815531 553781817106 554700196226 302173490173698 302775637731995
85149 281006 831563780295 832050294338 554700196225 555429274796 302775637731994 303254126758449
276896 913055 831545277263 831563780296 555429274795 555456975706 303254126758448 303272314695749
33977 112031 831525311302 831545277264 555456975705 555486864528 303272314695748 303291939838287
56343 185765 831503701789 831525311303 555486864527 555519211109 303291939838286 303313179528776
158883 523805 831480237093 831503701790 555519211108 555554331568 303313179528775 303336241535940
62802 207029 831454667624 831480237094 555554331567 555592598660 303336241535939 303361370871285
70093 231044 831426696925 831454667625 555592598659 555634455052 303361370871284 303388858524341
181813 599244 831395970126 831426696926 555634455051 555680430516 303388858524340 303419052777175
44477 146578 831362058820 831395970127 555680430515 555731164463 303419052777174 303452374032570
10938 36043 831324440974 831362058821 555731164462 555787435842 303452374032569 303489334498132
147399 485648 831282473879 831324440975 555787435841 555850203401 303489334498131 303530564688351
250209 824266 831235357151 831282473880 555850203400 555920660725 303530564688350 303576849667919
104015 342602 831182081227 831235357152 555920660724 556000312812 303576849667918 303629179485235
293999 968188 831121354272 831182081228 556000312811 556091084690 303629179485234 303688820728548
52952 174343 831051496148 831121354273 556091084689 556195478901 303688820728547 303757420296986
107797 354832 830970280711 831051496149 556195478900 556316809538 303757420296985 303837159673131
10171 33470 830874694510 830970280712 556316809537 556459560096 303837159673130 303930990888584
5238 17231 830760555158 830874694511 556459560095 556629948882 303930990888583 304043009509531
139216 457803 830652814158 830760555159 556629948881 556790716814 304043009509530 304148723617922
284003 933717 830621884060 830652814159 556790716813 556836857365 304148723617921 304179067350477
273705 899759 830583031031 830621884061 556836857364 556894809245 304179067350476 304217180976700
274337 901668 830505910059 830583031032 556894809244 557009814417 304217180976699 304292824926401
257885 847413 830449826989 830505910060 557009814416 557093425606 304292824926400 304347826086957
197876 650133 830420229203 830449826990 557093425605 557137543996 304347826086956 304376850247876
211696 695399 830324479006 830420229204 557137543995 557280234319 304376850247875 304470732217620
80084 263015 830296320178 830324479007 557280234318 557322187517 304470732217619 304498337986390
211205 693543 830230690811 830296320179 557322187516 557419949441 304498337986389 304562671929277
294481 966883 830221130891 830230690812 557419949440 557434187885 304562671929276 304572042402668
96589 317128 830216772772 830221130892 557434187884 557440678644 304572042402667 304576314093679
289185 949348 830139206543 830216772773 557440678643 557556183500 304576314093678 304652335464985
142451 467552 830094720809 830139206544 557556183499 557622412107 304652335464984 304695929541858
74687 245102 830049599782 830094720810 557622412106 557689574854 304695929541857 304740141972208
293917 964446 830025071561 830049599783 557689574853 557726080240 304740141972207 304764174495063
67415 221179 829955250725 830025071562 557726080239 557829975704 304764174495062 304832577453697
42668 139971 829951176842 829955250726 557829975703 557836036895 304832577453696 304836568293948
63997 209938 829949032249 829951176843 557836036894 557839227617 304836568293947 304838669156964
287645 943587 829942119870 829949032250 557839227616 557849511665 304838669156963 304845440523400
237320 778399 829867062321 829942119871 557849511664 557961162514 304845440523399 304918960509362
20735 67999 829842569326 829867062322 557961162513 557997589720 304918960509361 304942949231442
159202 522031 829794344707 829842569327 557997589719 558069301692 304942949231441 304990177341929
304219 997446 829778440068 829794344708 558069301691 558092949605 304990177341928 305005752272216
265167 869305 829722110200 829778440069 558092949604 558176692317 305005752272215 305060910181249
162581 532912 829682321777 829722110201 558176692316 558235832717 305060910181248 305099866830728
127997 419474 829606645263 829682321778 558235832716 558348291065 305099866830727 305173952286337
182567 598221 829587747619 829606645264 558348291064 558376368590 305173952286336 305192450767408
286121 937495 829577714832 829587747620 558376368589 558391274156 305192450767407 305202271337240
225368 738383 829544974377 829577714833 558391274155 558439912153 305202271337239 305234317807464
156943 514105 829463443357 829544974378 558439912152 558561004846 305234317807463 305314111016430
104573 342495 829436927105 829463443358 558561004845 558600379480 305314111016429 305340059120234
99682 326435 829384845502 829436927106 558600379479 558677704989 305340059120233 305391020572929
287024 939787 829338103902 829384845503 558677704988 558747088956 305391020572928 305436752103541
102743 336342 829266427591 829338103903 558747088955 558853462073 305436752103540 305506870755957
41385 135449 829200007630 829266427592 558853462072 558952008089 305506870755956 305571837828865
3333 10906 829118712681 829200007631 558952008088 559072589456 305571837828864 305651342135143
245714 803843 829072128825 829118712682 559072589455 559141668278 305651342135142 305696893777923
81119 265347 829047103936 829072128826 559141668277 559178772357 305696893777922 305721362316597
249577 816246 828963994814 829047103937 559178772356 559301971480 305721362316596 305802614521403
74944 245039 828876878175 828963994815 559301971479 559431068878 305802614521402 305887769457504
102533 335183 828848674075 828876878176 559431068877 559472855002 305887769457503 305915335113134
289806 947257 828793458584 828848674076 559472855001 559554647026 305915335113133 305969295985324
196861 643291 828686212644 828793458585 559554647025 559713463276 305969295985323 306074087181050
280961 917935 828675323451 828686212645 559713463275 559729584981 306074087181049 306084725813245
245335 801416 828588968691 828675323452 559729584980 559857411278 306084725813244 306169084941289
199308 650891 828509382088 828588968692 559857411277 559975181407 306169084941288 306246818797955
106811 348753 828471194452 828509382089 559975181406 560031677642 306246818797954 306284112837272
271075 885004 828442648950 828471194453 560031677641 560073903516 306284112837271 306311988422153
274098 894761 828392336090 828442648951 560073903515 560148317419 306311988422152 306361116463869
183401 598638 828386882043 828392336091 560148317418 560156383217 306361116463868 306366441762015
286567 935283 828326266583 828386882044 560156383216 560246013898 306366441762014 306425622241344
304933 995061 828283413127 828326266584 560246013897 560309367705 306425622241343 306467456675982
30686 100123 828251513756 828283413128 560309367704 560356520405 306467456675981 306498595072070
41043 133904 828226845022 828251513757 560356520404 560392981028 306498595072069 306522673897424
177295 578312 828123163059 828226845023 560392981027 560546186148 306522673897423 306623862918075
198401 647036 828109472135 828123163060 560546186147 560566411908 306623862918074 306637223017310
69808 227653 828099422292 828109472136 560566411907 560581257981 306637223017309 306647029775628
25539 83276 828033901692 828099422293 560581257980 560678033855 306647029775627 306710960522009
278811 908909 827946731257 828033901693 560678033854 560806749425 306710960522008 306796002221658
73842 240683 827934653648 827946731258 560806749424 560824579782 306796002221657 306807783671043
122779 400172 827918690488 827934653649 560824579781 560848145170 306807783671042 306823354938006
190046 619377 827896606844 827918690489 560848145169 560880743453 306823354938005 306844895576651
149003 485572 827864046561 827896606845 560880743452 560928801553 306844895576650 306876653439961
245555 800037 827755555199 827864046562 560928801552 561088888534 306876653439960 306982455578930
28157 91715 827708498204 827755555200 561088888533 561158303868 306982455578929 307028338719674
251198 818073 827642282579 827708498205 561158303867 561255959511 307028338719673 307092894960848
296073 964085 827622393330 827642282580 561255959510 561285287584 307092894960847 307112284042456
150088 488659 827560174275 827622393331 561285287583 561377019439 307112284042455 307172933258252
66659 216979 827475774391 827560174276 561377019438 561501418338 307172933258251 307255191125120
255493 831374 827354745752 827475774392 561501418337 561679734974 307255191125119 307373122968664
217593 707902 827346186897 827354745753 561679734973 561692341969 307373122968663 307381461704127
291143 947016 827242479752 827346186898 561692341968 561845067340 307381461704126 307482489907797
290065 943316 827216691275 827242479753 561845067339 561883035584 307482489907796 307507608849039
54308 176593 827166587042 827216691276 561883035583 561956793073 307507608849038 307556408407222
133383 433648 827110805216 827166587043 561956793072 562038891799 307556408407221 307610731759348
117202 380957 827027027027 827110805217 562038891798 562162162163 307610731759347 307692307692308
11127 36157 826926502069 827027027028 562162162162 562310021408 307692307692307 307790171509527
301529 979576 826873780234 826926502070 562310021407 562387545702 307790171509526 307841489535828
136239 442546 826850655831 826873780235 562387545701 562421543818 307841489535827 307863996447888
306971 997006 826791399142 826850655832 562421543817 562508650870 307863996447887 307921665896613
221981 720861 826756387642 826791399143 562508650869 562560108337 307921665896612 307955736266923
153666 498953 826712879960 826756387643 562560108336 562624043307 307955736266922 307998071004327
209972 681693 826677084129 826712879961 562624043306 562676637667 307998071004326 308032898948170
266608 865481 826650057399 826677084130 562676637666 562716342931 308032898948169 308059193194111
294177 954860 826599247589 826650057400 562716342930 562790977083 308059193194110 308108621978688
220324 715043 826561617747 826599247590 562790977082 562846241942 308108621978687 308145225692100
103639 336299 826500053093 826561617748 562846241941 562936641405 308145225692099 308205105415132
118993 386072 826480672061 826500053094 562936641404 562965095463 308205105415131 308223954446111
75043 243463 826464864593 826480672062 562965095462 562988301471 308223954446110 308239327448733
217942 706881 826309259913 826464864594 562988301470 563216660782 308239327448732 308390628654076
22503 72962 826247142137 826309259914 563216660781 563307784528 308390628654075 308451014942018
138005 447407 826238603439 826247142138 563307784527 563320308694 308451014942017 308459315027071
86341 279909 826235210438 826238603440 563320308693 563325285276 308459315027070 308462613170399
203495 659699 826227342807 826235210439 563325285275 563336824642 308462613170398 308470260759247
97682 316661 826217604262 826227342808 563336824641 563351107575 308470260759246 308479726764194
165276 535771 826211811626 826217604263 563351107574 563359603033 308479726764193 308485357200305
302987 982141 826189011167 826211811627 563359603032 563393040271 308485357200304 308507518567524
38885 126002 825985883689 826189011168 563393040270 563690801723 308507518567523 308704906624558
148999 482631 825949873501 825985883690 563690801722 563743564454 308704906624557 308739890746501
289885 938863 825904831491 825949873502 563743564453 563809550574 308739890746500 308783645702464
17616 57047 825875258338 825904831492 563809550573 563852868810 308783645702463 308812371619783
138193 447446 825800981873 825875258339 563852868809 563961646158 308812371619782 308884512472345
68346 221237 825714246701 825800981874 563961646157 564088630266 308884512472344 308968739924303
120826 391051 825695994142 825714246702 564088630265 564115347476 308968739924302 308986462853006
287926 931765 825644641500 825695994143 564115347475 564190505026 308986462853005 309036321856016
158255 512038 825577611355 825644641501 564190505025 564288585414 309036321856015 309101394486573
283196 916161 825556567718 825577611356 564288585413 564319371896 309101394486572 309121821736174
303239 980826 825463540954 825556567719 564319371895 564455438945 309121821736173 309212113132391
291637 943093 825417168904 825463540955 564455438944 564523247774 309212113132390 309257115244903
285553 923315 825392019396 825417168905 564523247773 564560018348 309257115244902 309281519996214
145012 468805 825307261249 825392019397 564560018347 564683915592 309281519996213 309363758957129
302235 976741 825166399479 825307261250 564683915591 564889735409 309363758957128 309500402576483
200865 648973 825142265907 825166399480 564889735408 564924987067 309500402576482 309523809523810
271373 876673 825090906186 825142265908 564924987066 564999996928 309523809523809 309573619052489
222117 717481 825079953812 825090906187 564999996927 565015990763 309573619052488 309584240176571
217556 702681 825029948325 825079953813 565015990762 565089005703 309584240176570 309632730257892
231287 746929 824993124578 825029948326 565089005702 565142764616 309632730257891 309668434913166
291815 942257 824932372320 824993124579 565142764615 565231440295 309668434913165 309727335032773
200073 645905 824873070076 824932372321 565231440294 565317979781 309727335032772 309784822325427
135349 436818 824734118755 824873070077 565317979780 565520674566 309784822325426 309919493888095
38658 124735 824730943096 824734118756 565520674565 565525305799 309919493888094 309922571290886
160568 518089 824728851845 824730943097 565525305798 565528355552 309922571290885 309924597826913
218141 703849 824726266330 824728851846 565528355551 565532126077 309924597826912 309927103320378
280929 906425 824718694570 824726266331 565532126076 565543167960 309927103320377 309934440657646
286807 925182 824582072877 824718694571 565543167959 565742348680 309934440657645 310066813156349
228079 735546 824552332181 824582072878 565742348679 565785693965 310066813156348 310095623997804
309863 999189 824513352643 824552332182 565785693964 565842496913 310095623997803 310133382193385
151609 488803 824450525551 824513352644 565842496912 565934034069 310133382193384 310194234451930
249539 804398 824400775660 824450525552 565934034068 566006502693 310194234451929 310242415067728
247135 796501 824331783809 824400775661 566006502692 566106977702 310242415067727 310309222656511
47837 154159 824331240565 824331783810 566106977701 566107768741 310309222656510 310309748664342
39989 128855 824266518137 824331240566 566107768740 566202002009 310309748664341 310372413448837
289724 933413 824225894859 824266518138 566202002008 566261136088 310372413448836 310411741047358
28213 90882 824176786766 824225894860 566261136087 566332609123 310411741047357 310459278525570
155629 501181 824041924199 824176786767 566332609122 566528822888 310459278525569 310589803540691
292247 940768 823923165421 824041924200 566528822887 566701524158 310589803540690 310704713280152
43535 140109 823886671342 823923165422 566701524157 566754578972 310704713280151 310740019035383
99385 319799 823817800766 823886671343 566754578971 566854682561 310740019035382 310806639962580
273001 878286 823761580166 823817800767 566854682560 566936380066 310806639962579 310861017268399
233812 752015 823651981563 823761580167 566936380065 567095594470 310861017268398 310967004780623
39012 125453 823647755069 823651981564 567095594469 567101732999 310967004780622 310971091551003
297475 956597 823645621510 823647755070 567101732998 567104831726 310971091551002 310973154562618
164689 529587 823639138062 823645621511 567104831725 567114247972 310973154562617 310979423579254
16153 51935 823548178983 823639138063 567114247971 567246328233 310979423579253 311067365683158
26928 86561 823507601010 823548178984 567246328232 567305236252 311067365683157 311106592556678
256951 825790 823401642174 823507601011 567305236251 567459016727 311106592556677 311209008263075
216061 694253 823392066685 823401642175 567459016726 567472910824 311209008263074 311218262485594
156825 503903 823387204655 823392066686 567472910823 567479965471 311218262485593 311222961322301
216609 695923 823322423911 823387204656 567479965470 567573947856 311222961322300 311285563328065
189398 608417 823300068463 823322423912 567573947855 567606375288 311285563328064 311307165016471
206504 663255 823212785915 823300068464 567606375287 567732955804 311307165016470 311391495380854
220829 709085 823136984744 823212785916 567732955803 567842851806 311391495380853 311464720729616
243184 780695 823070544672 823136984745 567842851805 567939150343 311464720729615 311528893932377
41115 131969 823025925643 823070544673 567939150342 568003807839 311528893932376 311571985811405
95893 307753 822986983843 823025925644 568003807838 568060229574 311571985811404 311609591625305
239104 767303 822973418598 822986983844 568060229573 568079881954 311609591625304 311622690795967
109798 352301 822896900602 822973418599 568079881953 568190717083 311622690795966 311696573127565
55633 178464 822822807594 822896900603 568190717082 568298009237 311696573127564 311768103223667
93146 298749 822784033198 822822807595 568298009236 568354145507 311768103223666 311805532172014
247002 792101 822730338093 822784033199 568354145506 568431869956 311805532172013 311857359300871
95181 305185 822684084049 822730338094 568431869955 568498810774 311857359300870 311901999775313
278959 894352 822663639728 822684084050 568498810773 568528394954 311901999775312 311921729583588
39353 126156 822627459645 822663639729 568528394953 568580744167 311921729583587 311956643228304
58803 188488 822595391624 822627459646 568580744166 568627137656 311956643228303 311987586641035
131131 420085 822251391085 822595391625 568627137655 569124459023 311987586641034 312319398852524
137532 440333 822216239640 822251391086 569124459022 569175241268 312319398852523 312353292043665
252275 807648 822207280167 822216239641 569175241267 569188183679 312353292043664 312361930430823
285177 912964 822203184560 822207280168 569188183678 569194099846 312361930430822 312365879210700
259984 832303 822200837686 822203184561 569194099845 569197489899 312365879210699 312368141934008
310837 995085 822192191643 822200837687 569197489898 569209978831 312368141934007 312376477871322
229231 733822 822185779536 822192191644 569209978830 569219240652 312376477871321 312382659904341
145311 465169 822184573337 822185779537 569219240651 569220982894 312382659904340 312383822814694
285091 912628 822182808191 822184573338 569220982893 569223532468 312383822814693 312385524607225
63348 202787 822179978413 822182808192 569223532467 569227619759 312385524607224 312388252808023
217941 697655 822174704941 822179978414 569227619758 569235236572 312388252808022 312393336944023
66409 212577 822161417087 822174704942 569235236571 569254428400 312393336944022 312406147480118
192677 616659 822064056939 822161417088 569254428399 569395017794 312406147480117 312500000000000
211855 677672 821811388709 822064056940 569395017793 569759634747 312500000000000 312743480624642
272309 870610 821736513119 821811388710 569759634746 569867618844 312743480624641 312815610127544
68894 220231 821714778090 821736513120 569867618843 569898958999 312815610127543 312836546012803
135271 432385 821689950002 821714778091 569898958998 569934755972 312836546012802 312860460129572
310153 991247 821624990541 821689950003 569934755971 570028398343 312860460129571 312923022742098
53736 171713 821588113591 821624990542 570028398342 570081548207 312923022742097 312958535440994
160756 513631 821544463360 821588113592 570081548206 570144450750 312958535440993 313000567495326
305605 976217 821441206656 821544463361 570144450749 570293208804 313000567495325 313099981882093
245655 784549 821407516431 821441206657 570293208803 570341732605 313099981882092 313132414058309
309155 987241 821369965673 821407516432 570341732604 570395809496 313132414058308 313168560064891
17273 55148 821280277399 821369965674 570395809495 570524938942 313168560064890 313254882305071
234015 747004 821245918710 821280277400 570524938941 570574395677 313254882305070 313287947450829
202706 646971 821188788728 821245918711 570574395676 570656615897 313287947450828 313342921627909
260371 830862 821123056832 821188788729 570656615896 570751194076 313342921627908 313406165461384
307190 980103 821081319812 821123056833 570751194075 570811235222 313406165461383 313446318410763
310624 990873 821000522230 821081319813 570811235221 570927440660 313446318410762 313524040048252
239787 764777 820970545353 821000522231 570927440659 570970545354 313524040048251 313552872566005
67150 214137 820905201785 820970545354 570970545353 571064488199 313552872566004 313615715765238
247658 789597 820831522227 820905201786 571064488198 571170387991 313615715765237 313686566284603
241468 769727 820791039551 820831522228 571170387990 571228561429 313686566284602 313725490196079
210920 672277 820761431213 820791039552 571228561428 571271102921 313725490196078 313753956519309
311128 991547 820706447912 820761431214 571271102920 571350090886 313753956519308 313806814679508
307547 979970 820651806648 820706447913 571350090885 571428571429 313806814679507 313859338365493
299657 954683 820606415654 820651806649 571428571428 571493753760 313859338365492 313902965981828
205043 653182 820583372385 820606415655 571493753759 571526840109 313902965981827 313925112564093
281467 896486 820496242498 820583372386 571526840108 571651918606 313925112564092 314008842897000
292597 931803 820490394229 820496242499 571651918605 571660312579 314008842896999 314014462471407
251584 801073 820398166769 820490394230 571660312578 571792661689 314014462471406 314103074879893
206748 658157 820338500186 820398166770 571792661688 571878260745 314103074879892 314160394171693
218395 695126 820296740226 820338500187 571878260744 571938159222 314160394171692 314200507303221
292526 931003 820286932823 820296740227 571938159221 571952225137 314200507303220 314209927469803
57483 182909 820159685214 820286932824 571952225136 572134678856 314209927469802 314332134429117
302391 961963 820126954301 820159685215 572134678855 572181596025 314332134429116 314363563855778
262089 833692 820110435386 820126954302 572181596024 572205272407 314363563855777 314379425160924
285961 909535 820060257234 820110435387 572205272406 572277183281 314379425160923 314427602605951
281742 895937 819979622807 820060257235 572277183280 572392713250 314427602605950 314505012075962
120449 382967 819958083669 819979622808 572392713249 572423567846 314505012075961 314525687696467
255583 812552 819920840882 819958083670 572423567845 572476911925 314525687696466 314561435345978
48545 154317 819882721051 819920840883 572476911924 572531504566 314561435345977 314598022137901
219700 698309 819842821721 819882721052 572531504565 572588637393 314598022137900 314636313948921
229031 727853 819779782916 819842821722 572588637392 572678886918 314636313948920 314696806885185
179684 570957 819759137879 819779782917 572678886917 572708438793 314696806885184 314716616540643
221043 702311 819717412612 819759137880 572708438792 572768158560 314716616540642 314756650999291
282089 896171 819686667348 819717412613 572768158559 572812157144 314756650999290 314786148308787
233996 743223 819575315588 819686667349 572812157143 572971467072 314786148308786 314892965497202
281513 893890 819497569424 819575315589 572971467071 573082658705 314892965497201 314967531880792
97445 309358 819448529742 819497569425 573082658704 573152778153 314967531880791 315014560061995
246131 781292 819414774812 819448529743 573152778152 573201035257 315014560061994 315046927831922
15499 49194 819390122008 819414774813 573201035256 573236275855 315046927831921 315070566186011
176938 561447 819231920519 819390122009 573236275854 573462344364 315070566186010 315222230819101
65421 207473 819021708826 819231920520 573462344363 573762529685 315222230819100 315423684555496
28539 90472 818975830110 819021708827 573762529684 573828014039 315423684555495 315467640932487
81703 258962 818904331755 818975830111 573828014038 573930044024 315467640932486 315536135685482
156732 496715 818902363078 818904331756 573930044023 573932852993 315536135685481 315538021524999
274177 868858 818856065766 818902363079 573932852992 573998905537 315538021524998 315582368687865
281485 891871 818794635615 818856065767 573998905536 574086530663 315582368687864 315641205126079
64895 205592 818777435144 818794635616 574086530662 574111062164 315641205126078 315657678102828
61851 195923 818709204665 818777435145 574111062163 574208357825 315657678102827 315723017374806
247940 785247 818657473989 818709204666 574208357824 574282108620 315723017374805 315772550264692
188322 596317 818582295571 818657473990 574282108619 574389262938 315772550264691 315844525890285
119542 378469 818556692462 818582295572 574389262937 574425749097 315844525890284 315869035855369
23413 74115 818489980756 818556692463 574425749096 574520801540 315869035855368 315932893565114
167969 531614 818432392574 818489980757 574520801539 574602835692 315932893565113 315988011453246
314532 995363 818413024526 818432392575 574602835691 574630421476 315988011453245 316006547316513
254688 805939 818397467976 818413024527 574630421475 574652577137 316006547316512 316021434948326
289880 917247 818374029439 818397467977 574652577136 574685955927 316021434948325 316043864805723
64617 204427 818280977288 818374029440 574685955926 574818442822 316043864805722 316132902450840
232061 734055 818275104484 818280977289 574818442821 574826802942 316132902450839 316138521351410
77569 245333 818191696860 818275104485 574826802941 574945516713 316138521351409 316218316091541
231460 731873 818110697144 818191696861 574945516712 575060768283 316218316091540 316295794961853
260881 824736 818058791440 818110697145 575060768282 575134604895 316295794961852 316345438113317
265849 840338 818029158386 818058791441 575134604894 575176751991 316345438113316 316373777250547
277165 875989 817969346469 818029158387 575176751990 575261808429 316373777250546 316430972582533
313451 990446 817878090191 817969346470 575261808428 575391544590 316430972582532 316518224018501
207117 654335 817852359549 817878090192 575391544589 575428117126 316518224018500 316542822690015
276683 874017 817806419300 817852359550 575428117125 575493406175 316542822690014 316586738865177
61635 194669 817748634287 817806419301 575493406174 575575512962 316586738865176 316641972440281
8093 25557 817701053156 817748634288 575575512961 575643107895 316641972440280 316687448078860
206143 650876 817640795145 817701053157 575643107894 575728694886 316687448078859 316745033684823
237107 748534 817605639393 817640795146 575728694885 575778619291 316745033684822 316778627229159
299401 945026 817523770394 817605639394 575778619290 575894855717 316778627229158 316856849465732
210271 663593 817501647316 817523770395 575894855716 575926259720 316856849465731 316877984990771
236388 745969 817482433130 817501647317 575926259719 575953532434 316877984990770 316896340748115
230298 726695 817450702382 817482433131 575953532433 575998566991 316896340748114 316926652390076
104942 331075 817352617997 817450702383 575998566990 576137742084 316926652390075 317020338473797
211066 665767 817339028782 817352617998 576137742083 576157020290 317020338473796 317033316934446
302144 952925 817262049069 817339028783 576157020289 576266208579 317033316934445 317106830505769
218171 687950 817209206463 817262049070 576266208578 576341142789 317106830505768 317157287525381
304413 959557 817029071970 817209206464 576341142788 576596475498 317157287525380 317329251574408
52971 166921 817002910567 817029071971 576596475497 576633544052 317329251574407 317354221447660
283795 894239 816992416207 817002910568 576633544051 576648412692 317354221447659 317364237487887
258444 814315 816967863264 816992416208 576648412691 576683197599 317364237487886 317387670557068
290671 915799 816950268875 816967863265 576683197598 576708122177 317387670557067 317404461781973
19471 61344 816945462234 816950268876 576708122176 576714931083 317404461781972 317409048906414
38493 121271 816937042196 816945462235 576714931082 576726858302 317409048906413 317417084305995
249313 785421 816918480441 816937042197 576726858301 576753150241 317417084305994 317434797680449
131068 412851 816843717235 816918480442 576753150240 576859030972 317434797680448 317506137428852
298647 940307 816634674509 816843717236 576859030971 577154925813 317506137428851 317705554072493
5105 16068 816620689765 816634674510 577154925812 577174712758 317705554072492 317718892011623
315739 993704 816577498283 816620689766 577174712757 577235817753 317718892011622 317760083617538
315635 993217 816513551519 816577498284 577235817752 577326268400 317760083617537 317821063276354
47904 150725 816507703586 816513551520 577326268399 577334539054 317821063276353 317826639498383
237044 745725 816415639506 816507703587 577334539053 577464720627 317826639498382 317914417860651
163479 514177 816355585439 816415639507 577464720626 577549615291 317914417860650 317971668058848
23948 75307 816285718649 816355585440 577549615290 577648358026 317971668058847 318038264626775
40310 126743 816271211704 816285718650 577648358025 577668857515 318038264626774 318052091445084
302732 951807 816254030547 816271211705 577668857514 577693134472 318052091445083 318068466610454
275942 867459 816179889374 816254030548 577693134471 577797878312 318068466610453 318139123603353
140207 440691 816151544975 816179889375 577797878311 577837914673 318139123603352 318166133366717
315347 991115 816135084427 816151544976 577837914672 577861163228 318166133366716 318181818181819
3569 11215 816024481101 816135084428 577861163227 578017340781 318181818181818 318287196453264
298892 938919 815921384716 816024481102 578017340780 578162861106 318287196453263 318385402568312
227443 714312 815872919192 815921384717 578162861105 578231251083 318385402568311 318431562567510
300289 943011 815862822893 815872919193 578231251082 578245496498 318431562567509 318441178049089
243959 766002 815773932533 815862822894 578245496497 578370893977 318441178049088 318525827259723
307869 966484 815732891075 815773932534 578370893976 578428777308 318525827259722 318564905747444
288111 904375 815712304213 815732891076 578428777307 578457808967 318564905747443 318584506821085
260221 816728 815650282127 815712304214 578457808966 578545259479 318584506821084 318643554419034
52763 165564 815560199612 815650282128 578545259478 578672239535 318643554419033 318729304408844
221181 693925 815539707182 815560199613 578672239534 578701119758 318729304408843 318748809220771
297205 932366 815507144735 815539707183 578701119757 578747005942 318748809220770 318779800795293
273533 857986 815447394306 815507144736 578747005941 578831190520 318779800795292 318836663807773
233781 733106 815332913875 815447394307 578831190519 578992434796 318836663807772 318945594149920
29563 92689 815327202637 815332913876 578992434795 579000477236 318945594149919 318951027888628
7739 24263 815301971479 815327202638 579000477235 579036005186 318951027888627 318975032409335
180298 565165 815210920755 815301971480 579036005185 579164186290 318975032409334 319061647143778
10914 34205 815180408266 815210920756 579164186289 579207132190 319061647143777 319090669749136
206897 648372 815155940919 815180408267 579207132189 579241566174 319090669749135 319113941185528
304625 954544 815119145439 815155940920 579241566173 579293344290 319113941185527 319148936170213
94489 296027 815031774311 815119145440 579293344289 579416263892 319148936170212 319232022321594
254757 798010 815014236401 815031774312 579416263891 579440932678 319232022321593 319248698470880
305127 955682 814955324568 815014236402 579440932677 579523786361 319248698470879 319304711534816
128031 400934 814898211242 814955324569 579523786360 579604093596 319304711534815 319359008679019
267974 839091 814891366172 814898211243 579604093595 579613717348 319359008679018 319365515837786
275267 861825 814818579033 814891366173 579613717347 579716036748 319365515837785 319434704628399
16756 52453 814790841199 814818579034 579716036747 579755021623 319434704628398 319461068714471
261978 820007 814745450523 814790841200 579755021622 579818808639 319461068714470 319504208411973
229833 719257 814665388332 814745450524 579818808638 579931293390 319504208411972 319580291285706
83767 262100 814625189519 814665388333 579931293389 579987759010 319580291285705 319618487806400
129249 404350 814566547040 814625189520 579987759009 580070116833 319618487806399 319674204166354
211045 660113 814490316064 814566547041 580070116832 580177149703 319674204166353 319746622269379
173977 544106 814486661858 814490316065 580177149702 580182279680 319746622269378 319750093442822
86977 272013 814480331541 814486661859 580182279679 580191166369 319750093442821 319756106628655
160300 501253 814390886779 814480331542 580191166368 580316709677 319756106628654 319841062863021
210482 658019 814325265393 814390886780 580316709676 580408788822 319841062863020 319903382206220
283103 884950 814314551133 814325265394 580408788821 580423820853 319903382206219 319913556604423
114141 356755 814254099977 814314551134 580423820852 580508622391 319913556604422 319970957980731
187747 586736 814223512336 814254099978 580508622390 580551523948 319970957980730 320000000000000
121171 378649 814205042190 814223512337 580551523947 580577427456 320000000000000 320017536030163
110237 344451 814164433991 814205042191 580577427455 580634372409 320017536030162 320056088372928
253069 790687 814151613514 814164433992 580634372408 580652348839 320056088372927 320068259186890
303097 946901 814098111861 814151613515 580652348838 580727357944 320068259186889 320119046564578
202133 631392 814056747574 814098111862 580727357943 580785340491 320119046564577 320158308865928
259759 810957 813733471206 814056747575 580785340490 581238193720 320158308865927 320465053408526
283043 882893 813478727600 813733471207 581238193719 581594669630 320465053408525 320706640104366
62314 194295 813453719924 813478727601 581594669629 581629646374 320706640104365 320730350040557
319287 995455 813423268172 813453719925 581629646373 581672233131 320730350040556 320759220056127
112894 351939 813385377611 813423268173 581672233130 581725216480 320759220056126 320795140217631
317753 990446 813336943519 813385377612 581725216479 581792932500 320795140217630 320841051950284
154120 480317 813272854454 813336943520 581792932499 581882517530 320841051950283 320901797046290
317927 990600 813184058815 813272854455 581882517529 582006603475 320901797046289 320985947700586
61754 192375 813136570285 813184058816 582006603474 582072949093 320985947700585 321030946389580
303064 943921 813055731528 813136570286 582072949092 582185861585 321030946389579 321107537656410
282081 878459 813052863170 813055731529 582185861584 582189867390 321107537656409 321110255092798
245574 764695 812990486092 813052863171 582189867389 582276969769 321110255092797 321169346577149
278690 867683 812949561815 812990486093 582276969768 582334105084 321169346577148 321208111548394
10338 32183 812912862638 812949561816 582334105083 582385334428 321208111548393 321242871860963
269009 837310 812839391743 812912862639 582385334427 582487873891 321242871860962 321312454122044
256007 796735 812823164209 812839391744 582487873890 582510518125 321312454122043 321327821502201
286751 892386 812817127573 812823164210 582510518124 582518941429 321327821502200 321333538042845
220897 687425 812803939069 812817127574 582518941428 582537343553 321333538042844 321346027001482
163954 510161 812738566973 812803939070 582537343552 582628545262 321346027001481 321407927141944
190332 592145 812696104858 812738566974 582628545261 582687773295 321407927141943 321448130071618
308768 960469 812636638261 812696104859 582687773294 582770704614 321448130071617 321504427479995
181489 564462 812591842387 812636638262 582770704613 582833164538 321504427479994 321546831949465
317777 988198 812538250629 812591842388 582833164537 582907875452 321546831949464 321597558147656
205416 638711 812511445511 812538250630 582907875451 582945238349 321597558147655 321622928115819
28816 89585 812431002589 812511445512 582945238348 583057343691 321622928115818 321699056602831
223472 694583 812354000697 812431002590 583057343690 583164623028 321699056602830 321771918070940
277521 862439 812323733591 812354000698 583164623027 583206783092 321771918070939 321800554879687
278635 865829 812297493288 812323733592 583206783091 583243330351 321800554879686 321825380496478
179141 556605 812254254086 812297493289 583243330350 583303545950 321825380496477 321866285944423
296604 921419 812184752523 812254254087 583303545949 583400315194 321866285944422 321932029491321
221629 688399 812150003388 812184752524 583400315193 583448688401 321932029491320 321964896564940
270813 841085 812116929134 812150003389 583448688400 583494724410 321964896564939 321996177525016
187103 581054 812095699532 812116929135 583494724409 583524270962 321996177525015 322016255053006
217937 676709 812015371342 812095699533 583524270961 583636048153 322016255053005 322092216977221
248225 770576 811937225904 812015371343 583636048152 583744756886 322092216977220 322166104067963
188138 583933 811884403013 811937225905 583744756885 583818221833 322166104067962 322216042514465
315862 980267 811875237743 811884403014 583818221832 583830967266 322216042514464 322224706814128
14733 45718 811804390951 811875237744 583830967265 583929474194 322224706814127 322291676247996
174571 541608 811744810368 811804390952 583929474193 584012296823 322291676247995 322347989342006
14293 44333 811632788398 811744810369 584012296822 584167969677 322347989342005 322453851253930
74591 231303 811573700260 811632788399 584167969676 584250056950 322453851253929 322509681425362
111648 346165 811534341451 811573700261 584250056949 584304725846 322509681425361 322546866749930
212879 659975 811514672951 811534341452 584304725845 584332042237 322546866749929 322565448108725
134515 417011 811506245927 811514672952 584332042236 584343745429 322565448108724 322573409140707
257077 796932 811485184691 811506245928 584343745428 584372993067 322573409140706 322593305208850
202589 627866 811338038284 811485184692 584372993066 584577272594 322593305208849 322732289742486
100699 312008 811311269736 811338038285 584577272593 584614423017 322732289742485 322757569493402
213042 660065 811307981329 811311269737 584614423016 584618986547 322757569493401 322760674922471
267761 829591 811303771788 811307981330 584618986546 584624828314 322760674922470 322764650203658
40982 126953 811202678458 811303771789 584624828313 584765093403 322764650203657 322860108566329
319010 988037 811176378747 811202678459 584765093402 584801575377 322860108566328 322884939444977
7069 21892 811137390556 811176378748 584801575376 584855651970 322884939444976 322921747968689
288239 892505 811066828055 811137390557 584855651969 584953502792 322921747968688 322988358977130
315663 977267 811029676142 811066828056 584953502791 585005012300 322988358977129 323023426952161
40061 124010 810980723556 811029676143 585005012299 585072872402 323023426952160 323069630058121
74982 232061 810888133311 810980723557 585072872401 585201192117 323069630058120 323157008625370
137233 424611 810803373182 810888133312 585201192116 585318622664 323157008625369 323236984937997
306317 947605 810767542214 810803373183 585318622663 585368253745 323236984937996 323270789926065
211721 654915 810747762058 810767542215 585368253744 585395649383 323270789926064 323289450716898
310149 959258 810679228399 810747762059 585395649382 585490553845 323289450716897 323354100859579
163513 505614 810592670112 810679228400 585490553844 585610385120 323354100859578 323435742774204
102531 316990 810558524936 810592670113 585610385119 585657645432 323435742774203 323467945037570
30820 95269 810479887609 810558524937 585657645431 585766465224 323467945037569 323542100209042
248061 766685 810462942788 810479887610 585766465223 585789909751 323542100209041 323558077829881
276853 855564 810392636807 810462942789 585789909750 585887168496 323558077829880 323624365556900
296631 916534 810350358072 810392636808 585887168495 585945643530 323624365556899 323664223843020
295411 912581 810254618541 810350358073 585945643529 586078026488 323664223843019 323754471047914
88463 273229 810224410789 810254618542 586078026487 586119786529 323754471047913 323782942620374
94571 292073 810204469912 810224410790 586119786528 586147350872 323782942620373 323801736552050
138965 429113 810118091397 810204469913 586147350871 586266729391 323801736552049 323883138993325
245977 759450 810107052024 810118091398 586266729390 586281983572 323883138993324 323893541498277
87076 268793 809983198372 810107052025 586281983571 586453082825 323893541498276 324010235759133
45520 140481 809942121543 809983198373 586453082824 586509812152 324010235759132 324048932377920
176889 545855 809921623486 809942121544 586509812151 586538117950 324048932377919 324068241595993
65158 201059 809909337744 809921623487 586538117949 586555082353 324068241595992 324079814452741
235078 725319 809860294417 809909337745 586555082352 586622794926 324079814452740 324126009469109
76235 235164 809749842777 809860294418 586622794925 586775248390 324126009469108 324230031421815
229126 706633 809706680539 809749842778 586775248389 586834807668 324230031421814 324270675451652
307695 948863 809692009258 809706680540 586834807667 586855050370 324270675451651 324284490049570
256362 790453 809610443394 809692009259 586855050369 586967571461 324284490049569 324361286487673
322127 993014 809542620037 809610443395 586967571460 587061109548 324361286487672 324425135416419
31037 95666 809530516223 809542620038 587061109547 587077800043 324425135416418 324436529131945
113608 350131 809453361903 809530516224 587077800042 587184174602 324436529131944 324509151196808
280357 863917 809433616109 809453361904 587184174601 587211393888 324509151196807 324527735452413
18722 57689 809421847962 809433616110 587211393887 587227615189 324527735452412 324538811029553
91370 281519 809375358054 809421847963 587227615188 587291690537 324538811029552 324582562663164
105122 323833 809300175817 809375358055 587291690536 587395288900 324582562663163 324653308915094
270346 832677 809262760873 809300175818 587395288899 587446834925 324653308915093 324688512707028
49195 151504 809215173092 809262760874 587446834924 587512385944 324688512707027 324733284731157
170426 524771 809152826255 809215173093 587512385943 587598250307 324733284731156 324791936744455
266886 821713 809152196785 809152826256 587598250306 587599117118 324791936744454 324792528877145
116767 359475 809080001698 809152196786 587599117117 587698520375 324792528877144 324860437251471
203509 626419 809045207683 809080001699 587698520374 587746418045 324860437251470 324893162176367
254664 783821 809029155269 809045207684 587746418044 587768513894 324893162176366 324908259317438
259059 797275 808981761660 809029155270 587768513893 587833742908 324908259317437 324952830020755
291604 897319 808939923732 808981761661 587833742907 587891316310 324952830020754 324992172817140
295465 908877 808736084303 808939923733 587891316309 588171697676 324992172817139 325183813591931
309426 951311 808568178071 808736084304 588171697675 588402499494 325183813591930 325341619203113
51053 156915 808540781336 808568178072 588402499493 588440145568 325341619203112 325367363367992
14506 44581 808502701383 808540781337 588440145567 588492465420 325367363367991 325403144252544
281827 866015 808446176537 808502701384 588492465419 588570114466 325403144252543 325456251947622
294893 905975 808357415264 808446176538 588570114465 588692015563 325456251947621 325539636464039
212533 652860 808353524795 808357415265 588692015562 588697357690 325539636464038 325543290964585
231133 709904 808267994315 808353524796 588697357689 588814783583 325543290964584 325623627379128
284071 872351 808236496228 808267994316 588814783582 588858018681 325623627379127 325653209582324
312087 958255 808173858479 808236496229 588858018680 588943982456 325653209582323 325712032443020
125435 385098 808152024707 808173858480 588943982455 588973942516 325712032443019 325732534912640
8590 26371 808143356591 808152024708 588973942515 588985836160 325732534912639 325740674273859
216301 664009 808123274054 808143356592 588985836159 589013390283 325740674273858 325759531296575
173018 531075 808062078804 808123274055 589013390282 589097340682 325759531296574 325816988027035
212915 653429 808007530216 808062078805 589097340681 589172157450 325816988027034 325868198889046
232447 713246 807939391122 808007530217 589172157449 589265594000 325868198889045 325932161715899
198793 609842 807848967104 807939391123 589265593999 589389553986 325932161715898 326017031682628
147803 453337 807814100493 807848967105 589389553985 589437341068 326017031682627 326049753072807
187837 576080 807790947859 807814100494 589437341067 589469070060 326049753072806 326071480088710
91055 279237 807762110704 807790947860 589469070059 589508585613 326071480088709 326098540356569
149337 457894 807676294026 807762110705 589508585612 589626156194 326098540356568 326179061008965
282998 867563 807634238131 807676294027 589626156193 589683760500 326179061008964 326218517031964
320155 981401 807625937479 807634238132 589683760499 589695128954 326218517031963 326226304196209
237986 729499 807613554166 807625937480 589695128953 589712088334 326226304196208 326237921249264
71265 218404 807483389099 807613554167 589712088333 589890308727 326237921249263 326360016520134
282153 864499 807446160694 807483389100 589890308726 589941266213 326360016520133 326394931722568
286963 879120 807391122257 807446160695 589941266212 590016589343 326394931722567 326446546116276
311014 952603 807301467820 807391122258 590016589342 590139254799 326446546116275 326530612244898
280978 860431 807249555528 807301467821 590139254798 590210263465 326530612244897 326579282678003
178925 547822 807180685964 807249555529 590210263464 590304447049 326579282678002 326643844543933
293503 898528 807170333789 807180685965 590304447048 590318602324 326643844543932 326653548526297
318401 974679 807129515513 807170333790 590318602323 590374411021 326653548526296 326691809276492
239509 733056 807054968233 807129515514 590374411020 590476314724 326691809276491 326761678589523
210307 643587 807030325658 807054968234 590476314723 590509994385 326761678589522 326784772784072
51356 157151 807010686045 807030325659 590509994384 590536834252 326784772784071 326803177652660
31379 96014 806981350786 807010686046 590536834251 590576920886 326803177652659 326830667416121
58477 178901 806901809397 806981350787 590576920885 590685593181 326830667416120 326905197675369
277389 848483 806862820153 806901809398 590685593180 590738850470 326905197675368 326941726776648
214891 657196 806777692374 806862820154 590738850469 590855104985 326941726776647 327021474461525
279349 854208 806766093746 806777692375 590855104984 590870941900 327021474461524 327032339130139
277691 849103 806748844154 806766093747 590870941899 590894493507 327032339130138 327048496761467
325767 995984 806680388327 806748844155 590894493506 590987944960 327048496761466 327112614260500
274896 840311 806630394374 806680388328 590987944959 591056179116 327112614260499 327159435021040
80678 246599 806623375244 806630394375 591056179115 591065758194 327159435021039 327166008307068
185069 565632 806572640977 806623375245 591065758193 591134988667 327166008307067 327213517606873
278552 851081 806404995855 806572640978 591134988666 591363663628 327213517606872 327370476158025
148365 453119 806276650558 806404995856 591363663627 591538640128 327370476158024 327490608896817
177893 543176 806245329421 806276650559 591538640127 591581328971 327490608896816 327519921759239
260615 795664 806193787240 806245329422 591581328970 591651567576 327519921759238 327568155618385
298627 911594 806151971308 806193787241 591651567575 591708542406 327568155618384 327607284328690
75529 230528 806093110686 806151971309 591708542405 591788726578 327607284328689 327662357536275
323129 986135 806072124623 806093110687 591788726577 591817311259 327662357536274 327681991870379
293307 895010 806004429494 806072124624 591817311258 591909502911 327681991870378 327745321796198
167198 510117 805964445758 806004429495 591909502910 591963944995 327745321796197 327782723732327
19268 58779 805918636568 805964445759 591963944994 592026309578 327782723732326 327825571755774
157974 481859 805881812890 805918636569 592026309577 592076433961 327825571755773 327860012617807
245007 747272 805863518990 805881812891 592076433960 592101333186 327860012617806 327877121919460
315076 960883 805809106976 805863518991 592101333185 592175382058 327877121919459 327928007323436
252986 771351 805702616038 805809106977 592175382057 592320263463 327928007323435 328027582283460
277288 845257 805651012649 805702616039 592320263462 592390450478 328027582283459 328075827680736
179245 546313 805600454923 805651012650 592390450477 592459202838 328075827680735 328123091253104
57469 175126 805525737614 805600454924 592459202837 592560786790 328123091253103 328192932642392
121463 370084 805502339664 805525737615 592560786789 592592592593 328192932642391 328214801816779
319474 973279 805437640135 805502339665 592592592592 592680527648 328214801816778 328275269370472
187955 572527 805405698743 805437640136 592680527647 592723932731 328275269370471 328305118978571
209469 637969 805336883893 805405698744 592723932730 592817428422 328305118978570 328369421635672
267619 814932 805283692247 805336883894 592817428421 592889681981 328369421635671 328419120234045
277423 844706 805270010800 805283692248 592889681980 592908264157 328419120234044 328431902490733
11374 34629 805224779495 805270010801 592908264156 592969691035 328431902490732 328474158880276
302838 921917 805196705892 805224779496 592969691034 593007811770 328474158880275 328500384381062
204494 622383 805055837353 805196705893 593007811769 593199038050 328500384381061 328631960172279
292551 890081 804954930840 805055837354 593199038049 593335958219 328631960172278 328726190377558
291835 887734 804922154706 804954930841 593335958218 593380421706 328726190377557 328756794390232
246092 748485 804857844431 804922154707 593380421705 593467648872 328756794390231 328816837681745
323657 984293 804847205075 804857844432 593467648871 593482077643 328816837681744 328826770473206
222547 676697 804749338986 804847205076 593482077642 593614775256 328826770473205 328918128646477
209778 637759 804724130284 804749338987 593614775255 593648948571 328918128646476 328941658510865
316785 963026 804711602495 804724130285 593648948570 593665930309 328941658510864 328953351597682
124598 378751 804674323163 804711602496 593665930308 593716458962 328953351597681 328988145584409
264690 804481 804606959462 804674323164 593716458961 593807747327 328988145584408 329051012583385
265316 806269 804574079585 804606959463 593807747326 593852296838 329051012583384 329081694985573
139592 424167 804541716042 804574079586 593852296837 593896141719 329081694985572 329111893861254
119373 362680 804478485963 804541716043 593896141718 593981788965 329111893861253 329170889863479
326753 992591 804433266960 804478485964 593981788964 594043027910 329170889863478 329213076917981
280185 851048 804410924390 804433266961 594043027909 594073282282 329213076917980 329233920196063
308771 937739 804329727361 804410924391 594073282281 594183212219 329233920196062 329309661758417
134669 408939 804322196671 804329727362 594183212218 594193406175 329309661758416 329316685939331
254012 771171 804176141466 804322196672 594193406174 594391061084 329316685939330 329452899538247
297257 902157 804083985588 804176141467 594391061083 594515722349 329452899538246 329538828068828
215677 654440 804039375349 804083985589 594515722348 594576053073 329538828068827 329580418918385
94818 287663 803965481050 804039375350 594576053072 594675966624 329580418918384 329649304751202
262703 796896 803947205831 803965481051 594675966623 594700672807 329649304751201 329666339948428
267740 812113 803911062781 803947205832 594700672806 594749529750 329666339948427 329700029020294
90289 273834 803864654433 803911062782 594749529749 594812253869 329700029020293 329743283348313
306651 929939 803841899203 803864654434 594812253868 594843005411 329743283348312 329764490819891
269622 817543 803775355979 803841899204 594843005410 594932918168 329764490819890 329826503170529
241163 731130 803725600405 803775355980 594932918167 595000133826 329826503170528 329872866300738
169074 512501 803667691472 803725600406 595000133825 595078349197 329872866300737 329926821891884
247613 750504 803663113693 803667691473 595078349196 595084531549 329926821891883 329931086925804
198571 601766 803557193344 803663113694 595084531548 595227550626 329931086925803 330029761641145
55343 167675 803489839552 803557193345 595227550625 595318467492 330029761641144 330092498685295
107901 326866 803457088224 803489839553 595318467491 595362668785 330092498685294 330123002466915
72378 219229 803403561186 803457088225 595362668784 595434898098 330123002466914 330172852550761
28696 86907 803362343027 803403561187 595434898097 595490508577 330172852550760 330211236182589
33856 102521 803311771616 803362343028 595490508576 595558727233 330211236182588 330258326156717
276405 836878 803262817460 803311771617 595558727232 595624752748 330258326156716 330303906330246
297489 900604 803224698684 803262817461 595624752747 595676156501 330303906330245 330339395270564
226253 684866 803178336077 803224698685 595676156500 595738667921 330339395270563 330382556179678
278431 842658 803098028233 803178336078 595738667920 595846924174 330382556179677 330457310053808
239724 725353 803021598540 803098028234 595846924173 595949924304 330457310053807 330528444465921
227284 687599 802981054108 803021598541 595949924303 596004552619 330528444465920 330566176089748
194631 588754 802948778245 802981054109 596004552618 596048034570 330566176089747 330596210919050
252413 763467 802910201745 802948778246 596048034569 596099998266 330596210919049 330632106739762
308747 933759 802872691740 802910201746 596099998265 596150518626 330632106739761 330667007912647
239337 723770 802842576526 802872691741 596150518625 596191074503 330667007912646 330695026989778
2339 7072 802743847954 802842576527 596191074502 596324001338 330695026989777 330786873583973
328481 992945 802683588887 802743847955 596324001337 596405110752 330786873583972 330842924641815
177596 536755 802625875176 802683588888 596405110751 596482778040 330842924641814 330896602702301
322087 973335 802595483818 802625875177 596482778039 596523670406 330896602702300 330924866815928
99364 300249 802565832062 802595483819 596523670405 596563563425 330924866815927 330952441687864
92231 278674 802541449657 802565832063 596563563424 596596364037 330952441687863 330975115245996
147247 444839 802462340946 802541449658 596596364036 596702766345 330975115245995 331048673134189
44250 133657 802413614595 802462340947 596702766344 596768289299 331048673134188 331093975581249
264187 797869 802366749926 802413614596 596768289298 596831298285 331093975581248 331137543626663
186974 564603 802318166164 802366749927 596831298284 596896607666 331137543626662 331182706178980
318595 961877 802233221274 802318166165 596896607665 597010769321 331182706178979 331261660407175
100233 302546 802154196581 802233221275 597010769320 597116944079 331261660407174 331335101741860
162977 491852 802114080879 802154196582 597116944078 597170830882 331335101741859 331372379372236
302244 912007 802043110340 802114080880 597170830881 597266145999 331372379372235 331438322740985
331145 999022 801976690082 802043110341 597266145998 597355328565 331438322740984 331500030967422
60917 183753 801943008002 801976690083 597355328564 597400545628 331500030967421 331531320899177
287005 865622 801882827613 801943008003 597400545627 597481322536 331531320899176 331587222753458
136387 411283 801826219646 801882827614 597481322535 597557288875 331587222753457 331639800974847
47044 141847 801797539621 801826219647 597557288874 597595770950 331639800974846 331666437436958
263336 793921 801745863780 801797539622 597595770949 597665098455 331666437436957 331714427916342
225143 678679 801697043768 801745863781 597665098454 597730583134 331714427916341 331759762386628
32991 99439 801672329339 801697043769 597730583133 597763729555 331759762386627 331782710885135
124280 374559 801627475093 801672329340 597763729554 597823879731 331782710885134 331824357696109
76579 230768 801584939609 801627475094 597823879730 597880911714 331824357696108 331863848641276
279613 842528 801563421991 801584939610 597880911713 597909759518 331863848641275 331883825025817
306641 923890 801524122775 801563421992 597909759517 597962440801 331883825025816 331920307500306
322661 972053 801486731907 801524122776 597962440800 598012557207 331920307500305 331955016162225
317320 955841 801433113275 801486731908 598012557206 598084412893 331955016162224 332004784682150
208001 626471 801399987033 801433113276 598084412892 598128799494 332004784682149 332035530031612
293785 884741 801352360136 801399987034 598128799493 598192606863 332035530031611 332079730817864
302571 911102 801322808373 801352360137 598192606862 598232193033 332079730817863 332107154948203
206478 621661 801253695926 801322808374 598232193032 598324756938 332107154948202 332171286194164
200717 604205 801191447761 801253695927 598324756937 598408108262 332171286194163 332229041507832
292312 878391 800000000000 801191447762 598408108261 600000000000 332229041507831 333333333333334
192369 576131 798779039870 800000000000 600000000000 601624505372 333333333333333 334462706111619
264417 790501 798713608494 798779039871 601624505371 601711369018 334462706111618 334523164875114
154527 461914 798685177606 798713608495 601711369017 601749106416 334523164875113 334549433056706
22005 65771 798640768616 798685177607 601749106415 601808044733 334549433056705 334590461437830
334566 999883 798608971493 798640768617 601808044732 601850239387 334590461437829 334619836176373
216281 646304 798559186791 798608971494 601850239386 601916294174 334619836176372 334665825063451
251648 751901 798523388242 798559186792 601916294173 601963784983 334665825063450 334698891834182
261798 782149 798485746822 798523388243 601963784982 602013714231 334698891834181 334733658742421
172175 514351 798467189239 798485746823 602013714230 602038327441 334733658742420 334750798370442
328892 982443 798426583614 798467189240 602038327440 602092177808 334750798370441 334788299557745
270087 806692 798383743962 798426583615 602092177807 602148982708 334788299557744 334827861255326
194545 581013 798362645891 798383743963 602148982707 602176955425 334827861255325 334847343944030
322847 964100 798316195832 798362645892 602176955424 602238533699 334847343944029 334890235151055
327857 978932 798267001568 798316195833 602238533698 602303739162 334890235151054 334935656738370
207937 620806 798242803593 798267001569 602303739161 602335808757 334935656738369 334957997637006
333406 995293 798189150333 798242803594 602335808756 602406905912 334957997637005 335007530103403
325799 972436 798132074719 798189150334 602406905911 602482523651 335007530103402 335060217278468
177119 528598 798104040399 798132074720 602482523650 602519660010 335060217278467 335086094281511
326836 975295 798041368930 798104040400 602519660009 602602666336 335086094281510 335143938703649
53814 160555 797974353756 798041368931 602602666335 602691405902 335143938703648 335205785690166
288169 859639 797941493699 797974353757 602691405901 602734910746 335205785690165 335236109104718
155606 464121 797867323922 797941493700 602734910745 602833089186 335236109104717 335304547318068
280394 836145 797787526291 797867323923 602833089185 602938689167 335304547318067 335378169193525
310816 926713 797748479579 797787526292 602938689166 602990350942 335378169193524 335414190467126
162671 484926 797659331281 797748479580 602990350941 603108274872 335414190467125 335496422696310
165426 493031 797589560330 797659331282 603108274871 603200541488 335496422696309 335560772491835
99032 295113 797562710473 797589560331 603200541487 603236042410 335560772491834 335585534176039
196735 586206 797515552653 797562710474 603236042409 603298386602 335585534176038 335629021796734
63409 188912 797462161531 797515552654 603298386601 603368959200 335629021796733 335678253547110
159641 475541 797406385602 797462161532 603368959199 603442670186 335678253547109 335729679731455
77283 230167 797320550339 797406385603 603442670185 603556078593 335729679731454 335808811888739
163085 485626 797286998350 797320550340 603556078592 603600399487 335808811888738 335839740698499
290623 865328 797258241145 797286998351 603600399486 603638382582 335839740698498 335866248245347
292823 871809 797228917038 797258241146 603638382581 603677110580 335866248245346 335893277064879
317293 944538 797162209162 797228917039 603677110579 603765196317 335893277064878 335954758696148
299096 890201 797092148154 797162209163 603765196316 603857687996 335954758696147 336019323558757
105884 315081 797018469713 797092148155 603857687995 603954931213 336019323558756 336087214122114
321489 956519 796983988796 797018469714 603954931212 604000431790 336087214122113 336118983560599
323817 963343 796940880471 796983988797 604000431789 604057309395 336118983560598 336158699465001
335971 999392 796904634527 796940880472 604057309394 604105126174 336158699465000 336192090868931
276607 822723 796867598736 796904634528 604105126173 604153978787 336192090868930 336226207880533
202176 601271 796820900806 796867598737 604153978786 604215567524 336226207880532 336269222631987
289475 860797 796781897232 796820900807 604215567523 604267000790 336269222631986 336305147397247
243053 722626 796691270902 796781897233 604267000789 604386481375 336305147397246 336388611200118
71893 213692 796595273179 796691270903 604386481374 604513002961 336388611200117 336477008475340
315673 938114 796550797689 796595273180 604513002960 604571605933 336477008475339 336517958028539
77104 229105 796493400615 796550797690 604571605932 604647221755 336517958028538 336570800397890
240049 713174 796446316349 796493400616 604647221754 604709240192 336570800397889 336614144652091
181987 540628 796430368871 796446316350 604709240191 604730243613 336614144652090 336628824635332
84169 250024 796398086815 796430368872 604730243612 604772756759 336628824635331 336658539773234
155219 461018 796335148078 796398086816 604772756758 604855629002 336658539773233 336716469445529
293476 871521 796283966931 796335148079 604855629001 604923006678 336716469445528 336763572916939
28354 84191 796244264342 796283966932 604923006677 604975265199 336763572916938 336800109655494
297123 882095 796162194123 796244264343 604975265198 605083267534 336800109655493 336875628221851
34259 101679 796037699728 796162194124 605083267533 605247040977 336875628221850 336990165110807
41286 122513 796031951795 796037699729 605247040976 605254600743 336990165110806 336995452746760
233147 691784 795972432175 796031951796 605254600742 605332873069 336995452746759 337050203123087
44713 132655 795946119381 795972432176 605332873068 605367471080 337050203123086 337074405822125
200425 594558 795892299863 795946119382 605367471079 605438227253 337074405822124 337123906204217
81203 240849 795828694120 795892299864 605438227252 605521832484 337123906204216 337182401899249
129349 383606 795807107186 795828694121 605521832483 605550202833 337182401899248 337202253187165
155675 461639 795763342529 795807107187 605550202832 605607713530 337202253187164 337242496929707
320534 950379 795704263552 795763342530 605607713529 605685334943 337242496929706 337296818433011
102673 304387 795674009872 795704263553 605685334942 605725077914 337296818433010 337324633860684
47513 140839 795603945480 795674009873 605725077913 605817102710 337324633860683 337389046306193
297313 881150 795548038806 795603945481 605817102709 605890516473 337389046306192 337440437892922
138846 411403 795431720032 795548038807 605890516472 606043215263 337440437892921 337547347805511
269029 796878 795308967403 795431720033 606043215262 606204294250 337547347805510 337660149454031
101603 300881 795254877672 795308967404 606204294249 606275250641 337660149454030 337709847320608
295622 875361 795245004201 795254877673 606275250640 606288201513 337709847320607 337718918639855
281209 832577 795161341556 795245004202 606288201512 606397922898 337718918639854 337795778496267
246376 729325 795122252877 795161341557 606397922897 606449175924 337795778496266 337831685252369
323788 958347 795058594743 795122252878 606449175923 606532629729 337831685252368 337890156624602
107956 319493 795041826948 795058594744 606532629728 606554608756 337890156624601 337905557212630
138044 408495 794981749747 795041826949 606554608755 606633346899 337905557212629 337960732460601
263089 778428 794951246045 794981749748 606633346898 606673319351 337960732460600 337988745202362
193073 571217 794920427217 794951246046 606673319350 606713700515 337988745202361 338017045945101
298105 881848 794857828798 794920427218 606713700514 606795708619 338017045945100 338074525392550
315124 932029 794790661844 794857828799 606795708618 606883682302 338074525392549 338136193375208
125423 370913 794767813926 794790661845 606883682301 606913603363 338136193375207 338157169218663
65028 192289 794721405577 794767813927 606913603362 606974371384 338157169218662 338199772676505
163385 483069 794671007391 794721405578 606974371383 607040352869 338199772676504 338246035272467
130021 384371 794619799130 794671007392 607040352868 607107383278 338246035272466 338293037651580
242231 716025 794605411273 794619799131 607107383277 607126214535 338293037651579 338306243099663
254195 751304 794535314608 794605411274 607126214534 607217945914 338306243099662 338370574805703
329908 974933 794492035248 794535314609 607217945913 607274572107 338370574805702 338410291145381
95357 281728 794357832977 794492035249 607274572106 607450107571 338410291145380 338533427617900
316343 934211 794167979923 794357832978 607450107570 607698296578 338533427617899 338707581106032
328036 968479 794157125870 794167979924 607698296577 607712480890 338707581106031 338717536010157
163632 483047 794087102023 794157125871 607712480889 607803976954 338717536010156 338781754948028
309104 912375 794067987612 794087102024 607803976953 607828948842 338781754948027 338799283549213
330262 974719 794005554569 794067987613 607828948841 607910502717 338799283549212 338856533174420
62154 183407 793942046906 794005554570 607910502716 607993442526 338856533174419 338914762365589
291861 861119 793903898526 793942046907 607993442525 608043254963 338914762365588 338949737197139
270573 798241 793878146001 793903898527 608043254962 608076877789 338949737197138 338973346179521
278527 821642 793845587249 793878146002 608076877788 608119382691 338973346179520 339003193481765
258043 761113 793778901619 793845587250 608119382690 608206424946 339003193481764 339064320801242
209576 618073 793745369875 793778901620 608206424945 608250185205 339064320801241 339095055195804
179874 530387 793653243360 793745369876 608250185204 608370388254 339095055195803 339179487732800
218498 644155 793606361291 793653243361 608370388253 608431543658 339179487732799 339222449690070
116563 343605 793577966182 793606361292 608431543657 608468578967 339222449690069 339248468947861
62023 182820 793558924439 793577966183 608468578966 608493412819 339248468947860 339265916790820
19586 57723 793462359575 793558924440 608493412818 608619325964 339265916790819 339354390525168
181889 535963 793431391306 793462359576 608619325963 608659697441 339354390525167 339382761108782
542 1597 793423557398 793431391307 608659697440 608669909364 339382761108781 339389937671455
36983 108958 793348390203 793423557399 608669909363 608767880034 339389937671454 339458793037193
203446 599293 793309326090 793348390204 608767880033 608818785140 339458793037192 339494573680928
166813 491304 793229506834 793309326091 608818785139 608922777935 339494573680927 339567676983750
185579 546505 793215253900 793229506835 608922777934 608941344449 339567676983749 339580729711003
307392 905131 793150213884 793215253901 608941344448 609026057091 339580729711002 339640289125940
106784 314369 793069462596 793150213885 609026057090 609131207128 339640289125939 339714227381437
175037 515235 793051061905 793069462597 609131207127 609155163493 339714227381436 339731074275941
203150 597963 793038686003 793051061906 609155163492 609171275178 339731074275940 339742404853271
202904 597149 792939309635 793038686004 609171275177 609300624679 339742404853270 339833379414562
24169 71119 792927331561 792939309636 609300624678 609316212539 339833379414561 339844343835307
304637 896313 792853961495 792927331562 609316212538 609411680018 339844343835306 339911500381617
156761 461154 792809171958 792853961496 609411680017 609469947462 339911500381616 339952492989589
108163 318158 792778985194 792809171959 609469947461 609509212920 339952492989588 339980119107493
111145 326848 792623989104 792778985195 609509212919 609710760850 339980119107492 340121946685673
276749 813462 792428540558 792623989105 609710760849 609964759728 340121946685672 340300740545755
299549 880212 792398221069 792428540559 609964759727 610004146909 340300740545754 340328471506920
243383 715122 792377969175 792398221070 610004146908 610030453310 340328471506919 340346993658944
231483 680114 792351458781 792377969176 610030453309 610064886522 340346993658943 340371238873395
268928 790039 792292089249 792351458782 610064886521 610141987830 340371238873394 340425531914894
119255 350306 792280266505 792292089250 610141987829 610157339795 340425531914893 340436343130878
324688 953671 792225836806 792280266506 610157339794 610228009433 340436343130877 340486113356966
302083 887131 792158734304 792225836807 610228009432 610315115056 340486113356965 340547465675249
84358 247707 792140992781 792158734305 610315115055 610338141980 340547465675248 340563685802422
66319 194726 792114077829 792140992782 610338141979 610373072559 340563685802421 340588291844330
317323 931561 792010197196 792114077830 610373072558 610507860340 340588291844329 340683251297488
153638 450949 791975122409 792010197197 610507860339 610553360063 340683251297487 340715310400876
198641 582967 791917999754 791975122410 610553360062 610627449158 340715310400875 340767517956507
334097 980407 791904294342 791917999755 610627449157 610645223188 340767517956506 340780043395900
339769 996936 791831615740 791904294343 610645223187 610739463531 340780043395899 340846460216947
25708 75419 791782255563 791831615741 610739463530 610803454292 340846460216946 340891563355582
182902 536495 791719500476 791782255564 610803454291 610884794839 340891563355581 340948901140000
330039 967855 791606625125 791719500477 610884794838 611031055723 340948901139999 341052018425061
98455 288674 791590320973 791606625126 611031055722 611052177594 341052018425060 341066911581336
207571 608539 791523817185 791590320974 611052177593 611138320537 341066911581335 341127656062109
136411 399871 791502224287 791523817186 611138320536 611166285840 341127656062108 341147377633213
227476 666675 791365659125 791502224288 611166285839 611343106248 341147377633212 341272092123096
216241 633605 791333523190 791365659126 611343106247 611384703011 341272092123095 341301435548432
166883 488929 791285001392 791333523191 611384703010 611447501076 341301435548431 341345738171512
307757 901557 791250108504 791285001393 611447501075 611492653916 341345738171511 341377594905285
289976 849413 791236096467 791250108505 611492653915 611510784572 341377594905284 341390387217677
340981 998757 791203279439 791236096468 611510784571 611553244292 341390387217676 341420346485210
106384 311531 791055735073 791203279440 611553244291 611744083754 341420346485209 341555023539178
280389 820898 791036610174 791055735074 611744083753 611768813658 341555023539177 341572478296916
290127 849311 790970200175 791036610175 611768813657 611854674277 341572478296915 341633084802870
171877 503095 790956681595 790970200176 611854674276 611872149914 341633084802869 341645421243996
316374 926005 790936251719 790956681596 611872149913 611898558354 341645421243995 341664064126334
191398 560095 790804497704 790936251720 611898558353 612068824897 341664064126333 341784279457300
91129 266615 790770091904 790804497705 612068824896 612113275261 341784279457299 341815668034359
251033 734365 790723707613 790770091905 612113275260 612173192992 341815668034358 341857981992722
253790 742319 790657767532 790723707614 612173192991 612258356122 341857981992721 341918130433519
308791 902992 790556590044 790657767533 612258356121 612388992338 341918130433518 342010409356825
59536 174075 790549812284 790556590045 612388992337 612397741911 342010409356824 342016590495834
296538 867025 790547116883 790549812285 612397741910 612401221413 342016590495833 342019048612785
332075 970816 790462545261 790547116884 612401221412 612510379128 342019048612784 342096169924394
313266 915667 790415052175 790462545262 612510379127 612571665436 342096169924393 342139474694193
254504 743813 790367244207 790415052176 612571665435 612633348165 342139474694192 342183063361438
261494 764095 790270680681 790367244208 612633348164 612757905910 342183063361437 342271094824622
337142 984967 790234446094 790270680682 612757905909 612804634615 342271094824621 342304124440988
196217 573213 790219801194 790234446095 612804634614 612823519294 342304124440987 342317473466053
136669 399228 790185286705 790219801195 612823519293 612868022233 342317473466052 342348932696279
78968 230649 790132379387 790185286706 612868022232 612936230814 342348932696278 342397153345053
326187 952597 790085154818 790132379388 612936230813 612997102877 342397153345052 342440191309596
299629 874870 789988946136 790085154819 612997102876 613121085091 342440191309595 342527861087281
20363 59449 789986687015 789988946137 613121085090 613123995893 342527861087280 342529919546343
69527 202980 789983692367 789986687016 613123995892 613127854362 342529919546342 342532648188646
328037 957533 789867493627 789983692368 613127854361 613277541177 342532648188645 342638515621924
291797 851579 789833371586 789867493628 613277541176 613321485951 342638515621923 342669600247299
255063 744293 789784948791 789833371587 613321485950 613383839584 342669600247298 342713709821977
88037 256867 789740861968 789784948792 613383839583 613440600986 342713709821976 342753866786396
272705 795563 789678190529 789740861969 613440600985 613521275428 342753866786395 342810947059572
227803 664475 789632925446 789678190530 613521275427 613579532784 342810947059571 342852170442083
228017 665029 789598699085 789632925447 613579532783 613623577125 342852170442082 342883338839093
13241 38604 789352217376 789598699086 613623577124 613940613515 342883338839092 343107750141626
294841 858986 789054815496 789352217377 613940613514 614322796372 343107750141625 343378409118802
52424 152669 789043849117 789054815497 614322796371 614336881663 343378409118801 343388387023115
155161 451829 789004108196 789043849118 614336881662 614387920820 343388387023114 343424544418097
58976 171729 789003514086 789004108197 614387920819 614388683782 343424544418096 343425084938847
227915 663608 788952609473 789003514087 614388683781 614454050361 343425084938846 343471396115855
323659 942290 788930822247 788952609474 614454050360 614482023910 343471396115854 343491216243563
219053 637685 788883229583 788930822248 614482023909 614543123046 343491216243562 343534509621751
287075 835581 788819835289 788883229584 614543123045 614624493047 343534509621750 343592172292285
117559 342131 788784700678 788819835290 614624493046 614669582765 343592172292284 343624127895837
80531 234340 788727251153 788784700679 614669582764 614743298694 343624127895836 343676375644574
231583 673757 788633772885 788727251154 614743298693 614863214272 343676375644573 343761380106362
204884 596005 788631932636 788633772886 614863214271 614865574599 343761380106361 343763053414617
276549 804473 788629457887 788631932637 614865574598 614868748721 343763053414616 343765303656930
264106 768145 788502306017 788629457888 614868748720 615031798694 343765303656929 343880908973097
253556 737295 788459560440 788502306018 615031798693 615086596790 343880908973096 343919767823843
343661 999134 788373528981 788459560441 615086596789 615196861827 343919767823842 343997969024531
322908 938647 788337571348 788373528982 615196861826 615242938684 343997969024530 344030650891056
203479 591439 788315783485 788337571349 615242938683 615270855403 344030650891055 344050452993231
82986 241195 788290683722 788315783486 615270855402 615303013122 344050452993230 344073264331054
313825 912011 788226981996 788290683723 615303013121 615384615385 344073264331053 344131154255051
119155 346231 788188037446 788226981997 615384615384 615434494993 344131154255050 344166542949942
287629 835714 788176971236 788188037447 615434494992 615448667245 344166542949941 344176598370245
214025 621777 788092335404 788176971237 615448667244 615557041123 344176598370244 344253497951168
107132 311173 788024373724 788092335405 615557041122 615644041973 344253497951167 344315240339757
39647 115137 787955988971 788024373725 615644041972 615731564437 344315240339756 344377360647817
122621 356001 787817958827 787955988972 615731564436 615908161782 344377360647816 344502726768247
195627 567847 787809581277 787817958828 615908161781 615918877490 344502726768246 344510334847496
244805 710586 787807166322 787809581278 615918877489 615921966398 344510334847495 344512527972750
326751 948439 787802795143 787807166323 615921966397 615927557400 344512527972749 344516497609689
98177 284929 787692574369 787802795144 615927557399 616068509408 344516497609688 344616584663204
332239 964007 787632706502 787692574370 616068509407 616145047573 344616584663203 344670941257221
306716 889825 787585222863 787632706503 616145047572 616205742206 344670941257220 344714050174491
18651 54100 787505001007 787585222864 616205742205 616308261659 344714050174490 344786874056693
14248 41319 787411615454 787505001008 616308261658 616427569019 344786874056692 344871636554766
330188 957347 787351366917 787411615455 616427569018 616504521487 344871636554765 344926315495083
173259 502300 787340346728 787351366918 616504521486 616518595351 344926315495082 344936316398146
332127 962794 787284528403 787340346729 616518595350 616589872879 344936316398145 344986969382832
342366 992329 787228053528 787284528404 616589872878 616661975265 344986969382831 345038213812020
117307 339932 787114763231 787228053529 616661975264 616806573817 345038213812019 345140998500396
96577 279807 787082201285 787114763232 616806573816 616848124274 345140998500395 345170537667134
256153 742080 787055915151 787082201286 616848124273 616881663227 345170537667133 345194382557678
159755 462773 787016084140 787055915152 616881663226 616932478724 345194382557677 345230512584125
326719 946186 786860580352 787016084141 616932478723 617130802252 345230512584124 345371546631788
205431 594806 786853417355 786860580353 617130802251 617139935182 345371546631787 345378042309881
329197 953143 786848010633 786853417356 617139935181 617146828690 345378042309880 345382945285315
248974 720827 786809311681 786848010634 617146828689 617196165779 345382945285314 345418037472287
320724 928423 786738158085 786809311682 617196165778 617286862498 345418037472286 345482554175283
308980 894333 786729399839 786738158086 617286862497 617298024806 345482554175282 345490495013488
153653 444692 786649328821 786729399840 617298024805 617400059496 345490495013487 345563088142340
255402 738929 786483867031 786649328822 617400059495 617610821553 345563088142339 345713069650408
23691 68522 786417875803 786483867032 617610821552 617694847491 345713069650407 345772876467787
51122 147843 786389503688 786417875804 617694847490 617730967728 345772876467786 345798587850877
338059 977598 786373718163 786389503689 617730967727 617751062631 345798587850876 345812892537356
271156 784055 786318338822 786373718164 617751062630 617821551932 345812892537355 345863074069533
63075 182359 786272879012 786318338823 617821551931 617879405491 345863074069532 345904263984911
234319 677401 786262758682 786272879013 617879405490 617892283743 345904263984910 345913433361786
344080 994679 786246842029 786262758683 617892283742 617912537014 345913433361785 345927854131930
282231 815836 786218151288 786246842030 617912537013 617949042062 345927854131929 345953847583350
75409 217955 786151003766 786218151289 617949042061 618034464475 345953847583349 346014678026064
282748 816865 785878724256 786151003767 618034464474 618380651996 346014678026063 346261279445288
122139 352733 785871084209 785878724257 618380651995 618390361345 346261279445287 346268197527086
298756 862781 785864995779 785871084210 618390361344 618398098646 346268197527085 346273710558790
279679 807625 785811131645 785864995780 618398098645 618466543463 346273710558789 346322481982122
338705 977923 785747251073 785811131646 618466543462 618547700206 346322481982121 346380317726339
110523 319076 785737878312 785747251074 618547700205 618559606332 346380317726338 346388803106831
319427 922148 785725281731 785737878313 618559606331 618575607059 346388803106830 346400206899794
91138 263039 785546901235 785725281732 618575607058 618802121813 346400206899793 346561673280020
82623 238400 785521900636 785546901236 618802121812 618833857850 346561673280019 346584299878467
330947 954844 785491672227 785521900637 618833857849 618872226604 346584299878466 346611656738462
6544 18879 785454383716 785491672228 618872226603 618919551397 346611656738461 346645401328151
135416 390623 785407232544 785454383717 618919551396 618979385010 346645401328150 346688068540963
113429 327147 785332650824 785407232545 618979385009 619074008136 346688068540962 346755551605290
262833 757915 785269165627 785332650825 619074008135 619154534438 346755551605289 346812988404225
264987 764017 785222922239 785269165628 619154534437 619213180085 346812988404224 346854822649997
309077 891042 785186236178 785222922240 619213180084 619259698766 346854822649996 346888008777846
248188 715451 785165755458 785186236179 619259698765 619285666277 346888008777845 346906534804043
277135 798838 785130111524 785165755459 619285666276 619330855019 346906534804042 346938775510205
137857 397335 785096266338 785130111525 619330855018 619373758390 346938775510204 346969387628828
228295 657908 785025464339 785096266339 619373758389 619463493952 346969387628827 347033421274238
330839 953282 784983041129 785025464340 619463493951 619517251689 347033421274237 347071785789108
133898 385743 784882765533 784983041130 619517251688 619644288580 347071785789107 347162458254694
198118 570583 784754810012 784882765534 619644288579 619806331173 347162458254693 347278140221401
160733 462794 784684243784 784754810013 619806331172 619895666671 347278140221400 347341928315494
253782 730633 784676597406 784684243785 619895666670 619905345583 347341928315493 347348839830821
252481 726816 784608688497 784676597407 619905345582 619991295047 347348839830820 347410218858051
341253 982213 784558746009 784608688498 619991295046 620054492815 347410218858050 347455355112682
305788 879943 784440298599 784558746010 620054492814 620204335629 347455355112681 347562390355737
311160 895247 784425926901 784440298600 620204335628 620222512656 347562390355736 347575376094791
79909 229901 784415591570 784425926902 620222512655 620235584033 347575376094790 347584714548912
67880 195287 784401719475 784415591571 620235584032 620253127750 347584714548911 347597248411189
125215 360207 784352322522 784401719476 620253127749 620315592384 347597248411188 347641877982071
284527 818375 784283129618 784352322523 620315592383 620403072684 347641877982070 347704387484796
332824 957185 784267919604 784283129619 620403072683 620422299953 347704387484795 347718127494063
65827 189282 784148397976 784267919605 620422299952 620573355818 347718127494062 347826086956522
23699 68131 784107416013 784148397977 620573355817 620625136579 347826086956521 347863100062065
5600 16097 784045824461 784107416014 620625136578 620702944366 347863100062064 347918722633050
233373 670715 783984093561 784045824462 620702944365 620780912274 347918722633049 347974465979811
326263 937556 783942863887 783984093562 620780912273 620832977669 347974465979810 348011693780059
48084 138133 783748792760 783942863888 620832977668 621077957946 348011693780058 348186897429736
200203 574985 783745876512 783748792761 621077957945 621081637992 348186897429735 348189529780640
224291 644162 783744032442 783745876513 621081637991 621083965025 348189529780639 348191194323868
263985 758153 783735845130 783744032443 621083965024 621094296431 348191194323867 348198584519154
100751 289286 783567133028 783735845131 621094296430 621307128591 348198584519153 348350850991026
266390 764689 783538334759 783567133029 621307128590 621343446061 348350850991025 348376838305781
235774 676743 783497679089 783538334760 621343446060 621394711003 348376838305780 348413523767109
109420 314027 783435941352 783497679090 621394711002 621472546294 348413523767108 348469228349535
143191 410874 783360112705 783435941353 621472546293 621568124844 348469228349534 348537639938771
239560 687303 783330970604 783360112706 621568124843 621604850764 348537639938770 348563929528184
328081 941185 783288903050 783330970605 621604850763 621657859565 348563929528183 348601877407832
300899 863142 783273289194 783288903051 621657859564 621677532516 348601877407831 348615961603844
175283 502739 783184370922 783273289195 621677532515 621789547309 348615961603843 348696162577422
140487 402854 783110847498 783184370923 621789547308 621882143602 348696162577421 348762470080920
118180 338823 783037182970 783110847499 621882143601 621974895061 348762470080919 348828897681012
226594 649535 782977688549 783037182971 621974895060 622049788388 348828897681011 348882542043321
323684 927749 782957196595 782977688550 622049788387 622075580858 348882542043320 348901017951933
154733 443448 782889454888 782957196596 622075580857 622160832442 348901017951932 348962091135898
343901 985438 782843313932 782889454889 622160832441 622218889003 348962091135897 349003686493613
193159 553444 782823254756 782843313933 622218889002 622244125576 349003686493612 349021768655633
337733 967633 782804867764 782823254757 622244125575 622267256895 349021768655632 349038342976381
260722 746941 782772337255 782804867765 622267256894 622308177697 349038342976380 349067665394778
274043 784979 782681275804 782772337256 622308177696 622422702434 349067665394777 349149739149131
32233 92309 782601054175 782681275805 622422702433 622523565822 349149739149130 349222033928069
66838 191377 782543822155 782601054176 622523565821 622595507860 349222033928068 349273605574643
77269 221195 782429168910 782543822156 622595507859 622739588944 349273605574642 349376906418183
308483 882948 782425751422 782429168911 622739588943 622743882757 349376906418182 349379985258657
251095 718686 782424219562 782425751423 622743882756 622745807407 349379985258656 349381365318070
193915 555021 782420198754 782424219563 622745807406 622750859157 349381365318069 349384987665430
311762 892205 782323233019 782420198755 622750859156 622872666825 349384987665429 349472337724934
145571 416522 782280144548 782323233020 622872666824 622926781770 349472337724933 349511149341611
238111 681179 782177961341 782280144549 622926781769 623055083273 349511149341610 349603180371154
206195 589784 782160497555 782177961342 623055083272 623077006528 349603180371153 349618907714563
153205 438194 782139756460 782160497556 623077006527 623103042333 349618907714562 349637585982667
314093 898246 782059551443 782139756461 623103042332 623203705057 349637585982666 349709808828609
339343 970283 782001134159 782059551444 623203705056 623277005973 349709808828608 349762407006860
259958 743215 781973239595 782001134160 623277005972 623312002577 349762407006859 349787521342239
337807 965709 781940936313 781973239596 623312002576 623352526359 349787521342238 349816603713366
266947 763064 781898594784 781940936314 623352526358 623405636383 349816603713365 349854721366894
292808 836907 781866380692 781898594785 623405636382 623446038357 349854721366893 349883720301351
335360 958403 781795919679 781866380693 623446038356 623534393576 349883720301350 349947144164515
283726 810731 781760283721 781795919680 623534393575 623579071808 349947144164514 349979218587808
302856 865271 781685465767 781760283722 623579071807 623672857041 349979218587807 350046553683714
92869 265301 781674582012 781685465768 623672857040 623686498039 350046553683713 350056348299950
115179 329000 781603911014 781674582013 623686498038 623775060649 350056348299949 350119943491642
208591 595766 781598532235 781603911015 623775060648 623781800318 350119943491641 350124783463559
289811 827679 781544635704 781598532236 623781800317 623849326682 350124783463558 350173278950615
230429 658029 781528328401 781544635705 623849326681 623869755564 350173278950614 350187951332337
325111 928321 781470448436 781528328402 623869755563 623942255518 350187951332336 350240025628873
57851 165165 781421908847 781470448437 623942255517 624003045164 350240025628872 350283693079587
299176 854051 781380617329 781421908848 624003045163 624054749891 350283693079586 350320837568185
277760 792837 781345063119 781380617330 624054749890 624099264813 350320837568184 350352819188933
41941 119706 781314128061 781345063120 624099264812 624137992188 350352819188932 350380644466402
5251 14978 780868809443 781314128062 624137992187 624695047555 350380644466401 350781059358213
48795 139007 780324743227 780868809444 624695047554 625374523872 350781059358212 351269916486163
236231 672480 780294919747 780324743228 625374523871 625411734954 351269916486162 351296702594581
106102 302023 780277843579 780294919748 625411734953 625433039437 351296702594580 351312039124900
153757 437651 780252733676 780277843580 625433039436 625464364765 351312039124899 351334590270599
113833 323989 780222094411 780252733677 625464364764 625502584641 351334590270598 351362106224837
56643 161206 780203854120 780222094412 625502584640 625525336031 351362106224836 351378486560505
351189 999398 780154729658 780203854121 625525336030 625586602951 351378486560504 351422599691880
307809 875885 780146550984 780154729659 625586602950 625596802252 351422599691879 351429943734470
275040 782563 780078441809 780146550985 625596802251 625681727897 351429943734469 351491099044057
144185 410206 780071696171 780078441810 625681727896 625690138034 351491099044056 351497155636570
156483 445147 779996152353 780071696172 625690138033 625784309738 351497155636569 351564978896263
327295 930931 779966806347 779996152354 625784309737 625820885714 351564978896262 351591323771841
260967 742177 779894740683 779966806348 625820885713 625910691277 351591323771840 351656014802393
210602 598837 779830119559 779894740684 625910691276 625991201718 351656014802392 351714017443400
276347 785681 779796144218 779830119560 625991201717 626033524232 351714017443399 351744510889830
219341 623557 779766667392 779796144219 626033524231 626070239210 351744510889829 351770965643994
337365 958984 779714908444 779766667393 626070239209 626134699206 351770965643993 351817415381848
282312 802367 779644586667 779714908445 626134699205 626222259650 351817415381847 351880518357880
230757 655762 779620360119 779644586668 626222259649 626252420424 351880518357879 351902256491311
212513 603882 779599831653 779620360120 626252420423 626277975413 351902256491310 351920675801723
313938 891967 779508934793 779599831654 626277975412 626391108317 351920675801722 352002227169939
171630 487501 779378307748 779508934794 626391108316 626553631712 352002227169938 352119405403265
349142 991541 779375670806 779378307749 626553631711 626556911825 352119405403264 352121770632477
147344 418445 779373509018 779375670807 626556911824 626559600869 352121770632476 352123709661381
321835 913867 779274046181 779373509019 626559600868 626683301955 352123709661380 352212917003448
50035 142048 779213450312 779274046182 626683301954 626758644817 352212917003447 352267258718427
56713 160983 779158587464 779213450313 626758644816 626826846570 352267258718426 352316455084902
181864 516185 779143331346 779158587465 626826846569 626845809764 352316455084901 352330134801046
155725 441933 779049011483 779143331347 626845809763 626963027384 352330134801045 352414702089127
328673 932603 779025111097 779049011484 626963027383 626992724264 352414702089126 352436129401726
99499 282313 779011685262 779025111098 626992724263 627009405212 352436129401725 352448165689790
61583 174726 778997106499 779011685263 627009405211 627027517790 352448165689789 352461235321172
162249 460312 778963839215 778997106500 627027517789 627068845659 352461235321171 352491057904173
319021 904938 778869044172 778963839216 627068845658 627186584702 352491057904172 352576029559853
312376 885931 778823793462 778869044173 627186584701 627242774959 352576029559852 352616587018669
303018 859265 778753909083 778823793463 627242774958 627329537873 352616587018668 352679218113962
345809 980433 778684123980 778753909084 627329537872 627416157794 352679218113961 352741754049860
26725 75757 778615093029 778684123981 627416157793 627501822234 352741754049859 352803608095451
311230 882141 778596184749 778615093030 627501822233 627525283231 352803608095450 352820549493772
349253 989824 778544872156 778596184750 627525283230 627588943529 352820549493771 352866522151464
96768 274205 778461538461 778544872157 627588943528 627692307693 352866522151463 352941176470589
333587 945105 778413039475 778461538462 627692307692 627752451190 352941176470588 352984620139191
300383 850922 778358928056 778413039476 627752451189 627819543432 352984620139190 353033087711715
101793 288310 778281237157 778358928057 627819543431 627915850962 353033087711714 353102668937319
251938 713451 778229438035 778281237158 627915850961 627980048867 353102668937318 353149056828154
345317 977783 778197788929 778229438036 627980048866 628019268260 353149056828153 353177398019999
263335 745608 778188482930 778197788930 628019268259 628030799432 353177398019998 353185731130307
286302 810533 778096688140 778188482931 628030799431 628144524696 353185731130306 353267923440074
330552 935627 778037015971 778096688141 628144524695 628218434765 353267923440073 353321347711770
9679 27391 777941180203 778037015972 628218434764 628337107088 353321347711769 353407139720801
45924 129937 777883806338 777941180204 628337107087 628408134764 353407139720800 353458495163214
309160 874629 777845611967 777883806339 628408134763 628455411261 353458495163213 353492680708880
316741 895935 777759471116 777845611968 628455411260 628562013718 353492680708879 353569773599539
345909 978310 777740841960 777759471117 628562013717 628585064051 353569773599538 353586444780653
22307 63081 777655328756 777740841961 628585064050 628690853804 353586444780652 353662964711453
248661 703084 777635528521 777655328757 628690853803 628715344796 353662964711452 353680681280501
277486 784561 777630026941 777635528522 628715344795 628722149443 353680681280500 353685603817008
307891 870511 777620291608 777630026942 628722149442 628734190322 353685603817007 353694314409611
150823 426363 777511072023 777620291609 628734190321 628869249432 353694314409610 353792029388090
201949 570788 777476779386 777511072024 628869249431 628911645237 353792029388089 353822706732379
344809 974433 777402256622 777476779387 628911645236 629003761038 353822706732378 353889367864524
1943 5490 777342232596 777402256623 629003761037 629077939068 353889367864523 353943054708211
273820 773601 777315352562 777342232597 629077939067 629111152874 353943054708210 353967095353340
304425 859961 777244870707 777315352563 629111152873 629198228668 353967095353339 354030127777212
163554 461915 777137503880 777244870708 629198228667 629330835145 354030127777211 354126134736337
332822 939755 777065631588 777137503881 629330835144 629419577233 354126134736336 354190394572045
250649 707662 777059571608 777065631589 629419577232 629427058659 354190394572044 354195812405487
347744 981699 776990464439 777059571609 629427058658 629512365383 354195812405486 354257593374958
309689 874128 776932827660 776990464440 629512365382 629583498278 354257593374957 354309115390557
294376 830713 776806732857 776932827661 629583498277 629739072782 354309115390556 354421818162035
343255 968458 776778183564 776806732858 629739072781 629774287773 354421818162034 354447332592036
298871 843179 776755748719 776778183565 629774287772 629801958422 354447332592035 354467381841941
173167 488507 776722750070 776755748720 629801958421 629842654577 354467381841940 354496870460628
293629 828137 776568618025 776722750071 629842654576 630032682881 354496870460627 354634589673384
306570 864461 776562848473 776568618026 630032682880 630039794276 354634589673383 354639744277179
75871 213938 776561986371 776562848474 630039794275 630040856868 354639744277178 354640514488517
315350 889209 776560821378 776561986372 630040856867 630042292787 354640514488516 354641555304615
317297 894582 776458094390 776560821379 630042292786 630168888201 354641555304614 354733325931350
274217 773009 776443767370 776458094391 630168888200 630186540726 354733325931349 354746123857279
305483 860937 776264466764 776443767371 630186540725 630407390217 354746123857278 354906266500142
281845 794079 776204147047 776264466765 630407390216 630481658819 354906266500141 354960132182441
52025 146561 776178349743 776204147048 630481658818 630513417296 354960132182440 354983167871060
98328 276971 776114000116 776178349744 630513417295 630592625095 354983167871059 355040625237562
345304 972515 776064093962 776114000117 630592625094 630654043087 355040625237561 355085182584496
326338 919025 776049858380 776064093963 630654043086 630671560567 355085182584495 355097891869874
153958 433551 776024260639 776049858381 630671560566 630703057627 355097891869873 355120744464885
308351 868234 775964665160 776024260640 630703057626 630776377509 355120744464884 355173945677501
306767 863442 775718380278 775964665161 630776377508 631079229969 355173945677500 355393758930129
56147 157984 775711678699 775718380279 631079229968 631087467417 355393758930128 355399739150535
248485 699166 775706594645 775711678700 631087467416 631093716514 355399739150534 355404275918358
317153 892331 775669553375 775706594646 631093716513 631139242930 355404275918357 355437328826016
68695 193247 775579049650 775669553376 631139242929 631250455638 355437328826015 355518080573094
13489 37941 775562003711 775579049651 631250455637 631271398370 355518080573093 355533288643328
2129 5988 775537045155 775562003712 631271398369 631302060500 355533288643327 355555555555556
296252 833103 775435860081 775537045156 631302060499 631426343210 355555555555555 355645820503159
77511 217936 775405278895 775435860082 631426343209 631463897195 355645820503158 355673098813656
320936 902255 775335274183 775405278896 631463897194 631549849661 355673098813655 355735538433107
142117 399480 775291673298 775335274184 631549849660 631603373420 355735538433106 355774424517876
327509 920487 775234985517 775291673299 631603373419 631672951163 355774424517875 355824978842546
344603 968369 775158273304 775234985518 631672951162 631767086297 355824978842545 355893384718082
255794 718677 775090826043 775158273305 631767086296 631849832939 355893384718081 355953522866536
9623 27033 775048636709 775090826044 631849832938 631901583108 355953522866535 355991137391702
334154 938623 775018687806 775048636710 631901583107 631938314673 355991137391701 356017837453718
344627 967990 775006419497 775018687807 631938314672 631953360414 356017837453717 356028774584456
345539 970439 774925983489 775006419498 631953360413 632051991622 356028774584455 356100478273990
316991 890105 774865020771 774925983490 632051991621 632126727472 356100478273989 356154817450224
130546 366515 774804303843 774865020772 632126727471 632201147378 356154817450223 356208933012380
208662 585697 774683616446 774804303844 632201147377 632349028946 356208933012379 356316485420594
319922 897841 774667491409 774683616447 632349028945 632368783032 356316485420593 356330854141934
338600 950233 774661200142 774667491410 632368783031 632376489913 356330854141933 356336460086847
10722 30089 774646858806 774661200143 632376489912 632394057643 356336460086846 356349239007046
158673 445210 774532127586 774646858807 632394057642 632534570863 356349239007045 356451461784842
28981 81297 774461281052 774532127587 632534570862 632621311806 356451461784841 356514576317318
48701 136600 774443055621 774461281053 632621311805 632643622903 356514576317317 356530811680886
254194 712943 774418323092 774443055622 632643622902 632673897722 356530811680885 356552842972707
148499 416452 774354402964 774418323093 632673897721 632752130467 356552842972706 356609778412637
288217 808154 774294993138 774354402965 632752130466 632824828528 356609778412636 356662691928355
342821 961179 774284922451 774294993139 632824828527 632837150351 356662691928354 356671660984660
44765 125498 774223724230 774284922452 632837150350 632912019826 356671660984659 356726162085235
85900 240787 774177295867 774223724231 632912019825 632968810104 356726162085234 356767506594810
89771 251613 774144648054 774177295868 632968810103 633008739188 356767506594809 356796577934973
6497 18205 773957299203 774144648055 633008739187 633237790258 356796577934972 356963378172433
342130 958159 773717326506 773957299204 633237790257 633530976879 356963378172432 357176968060681
342371 958480 773661003915 773717326507 633530976878 633599756172 357176968060680 357227088363124
220805 618107 773659418176 773661003916 633599756171 633601692444 357227088363123 357228499423478
338123 946451 773603064327 773659418177 633601692443 633670497076 357228499423477 357278643581892
59206 165707 773570131191 773603064328 633670497075 633710700658 357278643581891 357307945997037
281679 788288 773520415568 773570131192 633710700657 633771383622 357307945997036 357352178220454
332079 929228 773478440465 773520415569 633771383621 633822610938 357352178220453 357389521335626
320138 895679 773398842202 773478440466 633822610937 633919735361 357389521335625 357460330002951
348096 973795 773392104960 773398842203 633919735360 633927954886 357460330002950 357466322936880
179151 501166 773387471449 773392104961 633927954885 633933607727 357466322936879 357470444520547
234242 655179 773267790496 773387471450 633933607726 634079588208 357470444520546 357576893690460
337235 943061 773224444918 773267790497 634079588207 634132444984 357576893690459 357615442760830
267689 748516 773200050216 773224444919 634132444983 634162189307 357615442760829 357637137010430
229694 642205 773138264093 773200050217 634162189306 634237514339 357637137010429 357692080297576
184835 516718 773098810564 773138264094 634237514338 634285605310 357692080297575 357727161921432
198977 556208 773073370482 773098810565 634285605309 634316611679 357727161921431 357749781953680
258365 722167 773042492505 773073370483 634316611678 634354242345 357749781953679 357777236036590
261002 729431 772955543868 773042492506 634354242344 634460185673 357777236036589 357854537225358
163481 456821 772928297309 772955543869 634460185672 634493378389 357854537225357 357878758746861
257651 719933 772921198490 772928297310 634493378388 634502025942 357878758746860 357885069275234
344855 963449 772802122051 772921198491 634502025941 634647051638 357885069275233 357990913787256
278391 777575 772726254525 772802122052 634647051637 634739423361 357990913787255 358058341912473
334369 933787 772681004959 772726254526 634739423360 634794505786 358058341912472 358098554680574
56673 158255 772650951688 772681004960 634794505785 634831085294 358098554680573 358125261314524
76090 212441 772550178424 772650951689 634831085293 634953716280 358125261314523 358214804865924
351363 980861 772540842073 772550178425 634953716279 634965075677 358214804865923 358223100198868
334652 934155 772502045809 772540842074 634965075676 635012274858 358223100198867 358257569495585
234628 654867 772443811045 772502045810 635012274857 635083111710 358257569495584 358309305915149
318938 890099 772425485990 772443811046 635083111709 635105399593 358309305915148 358325585257245
264578 738341 772390330686 772425485991 635105399592 635148153633 358325585257244 358356814881914
340213 949251 772289675009 772390330687 635148153632 635270539121 358356814881913 358446222464808
39121 109132 772226805399 772289675010 635270539120 635346961135 358446222464807 358502060344938
17277 48190 772190087514 772226805400 635346961134 635391586932 358502060344937 358534669281873
62291 173718 772098370779 772190087515 635391586931 635503033699 358534669281872 358616115322484
274079 764227 772054508797 772098370780 635503033698 635556319649 358616115322483 358655061959399
61253 170759 771930235617 772054508798 635556319648 635707252862 358655061959398 358765396110375
183707 511958 771779788708 771930235618 635707252861 635889894355 358765396110374 358898943540674
254619 709402 771730961251 771779788709 635889894354 635949151621 358898943540673 358942280475295
357264 995299 771710341335 771730961252 635949151620 635974173278 358942280475294 358960580880300
254149 707977 771668435882 771710341336 635974173277 636025019212 358960580880299 358997770874965
268212 747077 771629151369 771668435883 636025019211 636072678832 358997770874964 359032632952589
30477 84878 771548739620 771629151370 636072678831 636170214951 359032632952588 359103986654696
262707 731554 771539366312 771548739621 636170214950 636181582750 359103986654695 359112303596926
141461 393910 771521784628 771539366313 636181582749 636202904618 359112303596925 359127903555812
191791 533981 771422480636 771521784629 636202904617 636323311194 359127903555811 359216007558490
151695 422269 771373278540 771422480637 636323311193 636382954796 359216007558489 359259656056264
212613 591773 771324375886 771373278541 636382954795 636442226100 359259656056263 359303036058009
338408 941733 771227467126 771324375887 636442226099 636559654667 359303036058008 359388992368996
124888 347499 771223025002 771227467127 636559654666 636565036510 359388992368995 359392932185333
313514 872341 771220930778 771223025003 636565036509 636567573734 359392932185332 359394789589721
304012 845759 771085947354 771220930779 636567573733 636731074940 359394789589720 359514497808778
321907 895346 771042788822 771085947355 636731074939 636783336627 359514497808777 359552767807519
305047 848322 770961751627 771042788823 636783336626 636881446997 359552767807518 359624620018558
292213 812440 770851864926 770961751628 636881446996 637014444373 359624620018557 359722039425577
349237 970800 770808070346 770851864927 637014444372 637067436532 359722039425576 359760861269827
178599 496405 770753936877 770808070347 637067436531 637132928664 359760861269826 359808844919084
47032 130711 770736224011 770753936878 637132928663 637154355708 359808844919083 359824544767128
148685 413169 770645272310 770736224012 637154355707 637264359796 359824544767127 359905154217427
248339 689943 770563632017 770645272311 637264359795 637363074717 359905154217426 359977502751659
131852 366267 770538243626 770563632018 637363074716 637393767706 359977502751658 360000000000000
343486 954039 770462629032 770538243627 637393767705 637485166309 360000000000000 360066999356647
149283 414563 770394321124 770462629033 637485166308 637567714035 360066999356646 360127518726560
5577 15485 770332305374 770394321125 637567714034 637642642314 360127518726559 360182458613754
71101 197389 770275747452 770332305375 637642642313 637710963437 360182458613753 360232559449707
284083 788578 770242737772 770275747453 637710963436 637750832935 360232559449706 360261798750326
81223 225441 770190455771 770242737773 637750832934 637813971186 360261798750325 360308106456018
268293 744544 770106255021 770190455772 637813971185 637915633902 360308106456017 360382678775509
32043 88909 770062147516 770106255022 637915633901 637968877739 360382678775508 360421739221839
297756 826091 770021560905 770062147517 637968877738 638017864751 360421739221838 360457679636347
275767 764979 769949384175 770021560906 638017864750 638104964570 360457679636346 360521589077369
24451 67818 769911184140 769949384176 638104964569 638151054639 360521589077368 360555411117139
105195 291722 769810091305 769911184141 638151054638 638273000623 360555411117138 360644909732724
107188 297193 769757960393 769810091306 638273000622 638335869595 360644909732723 360691057127739
262746 728411 769712466528 769757960394 638335869594 638390725865 360691057127738 360731326663946
195829 542788 769594379933 769712466529 638390725864 638533076963 360731326663945 360835841367584
267341 740864 769561694130 769594379934 638533076962 638572469598 360835841367583 360864767651536
325591 902220 769532663254 769561694131 638572469597 638607453907 360864767651535 360890458349499
312657 866240 769430252332 769532663255 638607453906 638730840649 360890458349498 360981078404613
239705 664021 769409884309 769430252333 638730840648 638755375654 360981078404612 360999099935866
176143 487921 769391546724 769409884310 638755375653 638777463464 360999099935865 361015324531525
217256 601725 769301178465 769391546725 638777463463 638886294119 361015324531524 361095274164985
107673 298180 769288962828 769301178466 638886294118 638901003028 361095274164984 361106080719512
354741 982360 769277845744 769288962829 638901003027 638914388668 361106080719511 361115915289366
360892 999281 769197010376 769277845745 638914388667 639011705079 361115915289365 361187420807835
360706 998659 769190373051 769197010377 639011705078 639019694536 361187420807834 361193291727630
265993 736357 769111172899 769190373052 639019694535 639115016036 361193291727629 361263342759769
249382 690303 769108451632 769111172900 639115016035 639118290794 361263342759768 361265749538207
20863 57745 769041511453 769108451633 639118290793 639198837344 361265749538206 361324950943693
204190 565113 769039218360 769041511454 639198837343 639201596230 361324950943692 361326978845659
347502 961081 768480131525 769039218361 639201596229 639873649599 361326978845658 361821226143268
244201 674835 768374908491 768480131526 639873649598 640000000001 361821226143267 361914205481341
279220 771467 768330504400 768374908492 639999999999 640053307162 361914205481340 361953438889765
232865 643337 768306012782 768330504401 640053307161 640082706158 361953438889764 361975077577334
73933 204245 768290492795 768306012783 640082706157 640101334697 361975077577333 361988789344314
214597 592820 768279777973 768290492796 640101334696 640114195092 361988789344313 361998255629439
175977 486122 768271935889 768279777974 640114195091 640123607223 361998255629438 362005183835338
332001 917110 768265947811 768271935890 640123607222 640130794006 362005183835337 362010474045409
345356 953989 768261225765 768265947812 640130794005 640136461222 362010474045408 362014645739764
340943 941789 768257406635 768261225766 640136461221 640141044732 362014645739763 362018019734888
235670 650961 768221279597 768257406636 640141044731 640184399665 362018019734887 362049935181331
168075 464213 768188537323 768221279598 640184399664 640223688351 362049935181330 362078859146509
123574 341289 768185431063 768188537324 640223688350 640227415456 362078859146508 362081603098903
348008 961127 768181673651 768185431064 640227415455 640231923811 362081603098902 362084922240071
335290 925993 768177036367 768181673652 640231923810 640237487811 362084922240070 362089018600447
354819 979915 768171169172 768177036368 640237487810 640244527390 362089018600446 362094201371347
151607 418691 768163507967 768171169173 640244527389 640253719261 362094201371346 362100968816053
120231 332033 768153081439 768163507968 640253719260 640266228592 362100968816052 362110178870801
179682 496199 768138062703 768153081440 640266228591 640284246743 362110178870800 362123445136008
216694 598381 768114561303 768138062704 640284246742 640312439919 362123445136007 362144203736493
126301 348741 768072563394 768114561304 640312439918 640362816973 362144203736492 362181298567786
22451 61981 767976073369 768072563395 640362816972 640478532609 362181298567785 362266516077564
355339 980337 767523778066 767976073370 640478532608 641020475573 362266516077563 362665828616752
337435 930243 767358963592 767523778067 641020475572 641217764098 362665828616751 362811277904955
335955 925903 767292991266 767358963593 641217764097 641296706333 362811277904954 362869489949553
334379 921473 767281767980 767292991267 641296706332 641310134432 362869489949552 362879392551159
32967 90847 767269396406 767281767981 641310134431 641324935847 362879392551158 362890308150422
277861 765630 767206350898 767269396407 641324935846 641400354803 362890308150421 362945931286436
74596 205525 767189392151 767206350899 641400354802 641420639340 362945931286435 362960892696802
105301 290110 767170516967 767189392152 641420639339 641443214865 362960892696801 362977544445356
233903 644347 767101876105 767170516968 641443214864 641525300885 362977544445355 363038096195234
206995 570157 767076870152 767101876106 641525300884 641555200492 363038096195233 363060153934205
361686 996181 767048708589 767076870153 641555200491 641588870424 363060153934204 363084994377933
169395 466501 766973429853 767048708590 641588870423 641678858853 363084994377932 363151390966713
349714 962955 766936804902 766973429854 641678858852 641722632674 363151390966712 363183692191541
199001 547907 766894947417 766936804903 641722632673 641772654159 363183692191540 363220606350230
27269 75068 766811695453 766894947418 641772654158 641872124115 363220606350229 363294020390782
358259 986076 766757672993 766811695454 641872124114 641936656460 363294020390781 363341654756662
322079 886368 766694757431 766757672994 641936656459 642011798122 363341654756661 363397126425293
188640 519043 766601811799 766694757432 642011798121 642122778093 363397126425292 363479066875078
207069 569630 766520481180 766601811800 642122778092 642219862611 363479066875077 363550759502861
132055 363194 766423357664 766520481181 642219862610 642335766424 363550759502860 363636363636364
242777 667594 766370514024 766423357665 642335766423 642398813227 363636363636363 363682935219869
166566 457969 766318530715 766370514025 642398813226 642460823306 363682935219868 363728745485791
362791 997349 766258225608 766318530716 642460823305 642532747560 363728745485790 363781885481874
360617 991220 766191543125 766258225609 642532747559 642612261977 363781885481873 363840640318763
69947 192229 766117410563 766191543126 642612261976 642700640448 363840640318762 363905953592328
47663 130967 766059704264 766117410564 642700640447 642769421723 363905953592327 363956790458762
312687 859106 766034499137 766059704265 642769421722 642799460277 363956790458761 363978993949783
342151 939961 765974253829 766034499138 642799460276 642871248751 363978993949782 364032061824191
339601 932821 765915229169 765974253830 642871248750 642941569450 364032061824190 364084050485362
303813 834421 765878156520 765915229170 642941569449 642985730297 364084050485361 364116701892441
252647 693811 765816532801 765878156521 642985730296 643059124877 364116701892440 364170972992592
358688 984811 765704864789 765816532802 643059124876 643192086424 364170972992591 364269306410906
309482 849467 765578526729 765704864790 643192086423 643342458891 364269306410905 364380541081059
287063 787810 765577471525 765578526730 643342458890 643343714583 364380541081058 364381470061689
231202 634455 765511748462 765577471526 643343714582 643421916759 364381470061688 364439328890794
201067 551699 765486270790 765511748463 643421916758 643452227622 364439328890793 364461756665513
293169 804335 765430754943 765486270791 643452227621 643518266552 364461756665512 364510624248435
49244 135085 765362085905 765430754944 643518266551 643599935876 364510624248434 364571065059980
102281 280544 765339607397 765362085906 643599935875 643626666126 364571065059979 364590848938463
129114 354115 765295253234 765339607398 643626666125 643679404189 364590848938462 364629884439722
272957 748524 765226087431 765295253235 643679404188 643761629110 364629884439721 364690751905870
247551 678766 765188192538 765226087432 643761629109 643806671292 364690751905869 364724097981467
94079 257924 765118557557 765188192539 643806671291 643889425975 364724097981466 364785369921637
125412 343789 765100027880 765118557558 643889425974 643911443707 364785369921636 364801673296575
302627 829519 765053219939 765100027881 643911443706 643967057124 364801673296574 364842855642459
134919 369737 764911198117 765053219940 643967057123 644135745783 364842855642458 364967793546778
116654 319569 764757451209 764911198118 644135745782 644318276025 364967793546777 365103020578031
280883 769320 764751704055 764757451210 644318276024 644325097404 365103020578030 365108074933672
292972 802379 764703667774 764751704056 644325097403 644382107521 365108074933671 365150319165660
230305 630683 764664356092 764703667775 644382107520 644428756747 365150319165659 365184888855022
177908 487151 764627863081 764664356093 644428756746 644472056027 365184888855021 365216978326891
44905 122949 764592015016 764627863082 644472056026 644514585229 365216978326890 365248499224517
327327 896101 764522322775 764592015017 644514585228 644597252537 365248499224516 365309774898411
234962 643129 764449137516 764522322776 644597252536 644684043661 365309774898410 365374115894180
253111 692675 764365432416 764449137517 644684043660 644783285863 365374115894179 365447698087788
207469 567678 764315804925 764365432417 644783285862 644842112723 365447698087787 365491320160741
362900 992881 764291483507 764315804926 644842112722 644870939210 365491320160740 365512697441358
64244 175759 764267482611 764291483508 644870939209 644899383643 365512697441357 365533792352102
106240 290627 764220419978 764267482612 644899383642 644955153239 365533792352101 365575154858634
110163 301304 764116611046 764220419979 644955153238 645078138463 365575154858633 365666381929013
148667 406547 764080616149 764116611047 645078138462 645120773208 365666381929012 365698011361666
26819 73332 764029915846 764080616150 645120773207 645180817827 365698011361665 365742560276550
340855 931832 763921502445 764029915847 645180817826 645309180240 365742560276549 365837810438271
200243 547331 763885625546 763921502446 645309180239 645351649169 365837810438270 365869328385977
324194 886055 763850546345 763885625547 645351649168 645393169199 365869328385976 365900144168018
276240 754909 763794182395 763850546346 645393169198 645459872447 365900144168017 365949654947949
178731 488380 763754517805 763794182396 645459872446 645506805953 365949654947948 365984494687852
234723 641311 763707940790 763754517806 645506805952 645561911186 365984494687851 366025403784439
199546 545143 763666947698 763707940791 645561911185 645610403412 366025403784438 366061406465654
339748 928079 763632358861 763666947699 645610403411 645651314953 366061406465653 366091783079296
110980 303131 763585539510 763632358862 645651314952 645706685617 366091783079295 366132898660330
50931 139072 763386285369 763585539511 645706685616 645942241467 366132898660329 366307851447855
256657 700474 763165513634 763386285370 645942241466 646203063131 366307851447854 366501646120693
42466 115865 763140206181 763165513635 646203063130 646232950035 366501646120692 366523857699226
59737 162976 763106539054 763140206182 646232950034 646272705638 366523857699225 366553405209188
166251 453535 763075378185 763106539055 646272705637 646309498002 366553405209187 366580752018698
35205 96028 763004568024 763075378186 646309498001 646393091836 366580752018697 366642891095846
166457 453992 762984182297 763004568025 646393091835 646417154447 366642891095845 366660779454240
232771 634825 762964181321 762984182298 646417154446 646440761417 366660779454239 366678329750140
335818 915763 762895600573 762964181322 646440761416 646521695402 366678329750139 366738504078825
346133 943690 762785587631 762895600574 646521695401 646651488286 366738504078824 366835021129445
131739 359111 762756963467 762785587632 646651488285 646685251636 366835021129444 366860131622011
311529 849167 762747613075 762756963468 646685251635 646696280142 366860131622010 366868334039606
288607 786660 762729190687 762747613076 646696280141 646718007847 366868334039605 366884494375582
17401 47423 762621652280 762729190688 646718007846 646844815604 366884494375581 366978820875375
287758 784107 762600313007 762621652281 646844815603 646869973489 366978820875374 366997536942693
65750 179137 762509135372 762600313008 646869973488 646977448196 366997536942692 367077500598743
101723 277076 762388670440 762509135373 646977448195 647119397936 367077500598742 367183135473499
90236 245745 762364719619 762388670441 647119397935 647147613980 367183135473498 367204135883873
176047 479385 762294079169 762364719620 647147613979 647230821936 367204135883872 367266070734996
320314 872107 762245192139 762294079170 647230821935 647288395586 367266070734995 367308929808697
331886 903545 762230413718 762245192140 647288395585 647305798216 367308929808696 367321885478847
66622 181365 762196874175 762230413719 647305798215 647345290396 367321885478846 367351287408483
171837 467650 761976473109 762196874176 647345290395 647604705379 367351287408482 367544467966325
114649 311923 761951400283 761976473110 647604705378 647634205093 367544467966324 367566440815518
365229 993635 761946531994 761951400284 647634205092 647639932665 367566440815517 367570707114952
365804 995185 761939317759 761946531995 647639932664 647648420096 367570707114951 367577029224317
237751 646802 761934228448 761939317760 647648420095 647654407473 367577029224316 367581489146836
325002 884161 761932207382 761934228449 647654407472 647656785152 367581489146835 367583260262577
236375 643048 761927523756 761932207383 647656785151 647662295138 367583260262576 367587364635974
275723 750068 761904761904 761927523757 647662295137 647689071845 367587364635973 367607311046904
231894 630635 761658757624 761904761905 647689071844 647978346039 367607311046903 367822850613983
323359 879069 761613736778 761658757625 647978346038 648031261553 367822850613982 367862289004261
355932 967559 761605403377 761613736779 648031261552 648041055448 367862289004260 367869588845013
60140 163469 761539389695 761605403378 648041055447 648118629529 367869588845012 367927412420948
346939 942839 761436004868 761539389696 648118629528 648240087075 367927412420947 368017961074258
337361 916692 761431323323 761436004869 648240087074 648245586073 368017961074257 368022061086900
311051 845192 761426734977 761431323324 648245586072 648250975520 368022061086899 368026079453869
36907 100275 761354198214 761426734978 648250975519 648336166554 368026079453868 368089602427105
337597 917155 761349763939 761354198215 648336166553 648341373777 368089602427104 368093485490505
335270 910713 761243230486 761349763940 648341373776 648466455600 368093485490504 368186769649409
363998 988507 761144321303 761243230487 648466455599 648582548446 368186769649408 368273366696646
189917 515660 761086036225 761144321304 648582548445 648650942698 368273366696645 368324391514267
335787 911659 761084147770 761086036226 648650942697 648653158486 368324391514266 368326044673531
308540 837613 761015091093 761084147771 648653158485 648734176014 368326044673530 368386494411673
350284 950659 760837063268 761015091094 648734176013 648942958323 368386494411672 368542309711436
298042 808703 760835004526 760837063269 648942958322 648945372037 368542309711435 368544111383503
358201 971934 760833951959 760835004527 648945372036 648946606083 368544111383502 368545032517540
316564 858955 760832883457 760833951960 648946606082 648947858807 368545032517539 368545967594640
113574 308167 760830697178 760832883458 648947858806 648950422014 368545967594639 368547880868461
297764 807761 760645654518 760830697179 648950422013 649167303754 368547880868460 368709798071564
349639 948272 760641261510 760645654519 649167303753 649172451116 368709798071563 368713641618876
11603 31466 760564502201 760641261511 649172451115 649262379929 368713641618875 368780796793550
120757 327423 760496875457 760564502202 649262379928 649341591475 368780796793549 368839956791237
232717 630858 760383204751 760496875458 649341591474 649474696915 368839956791236 368939384993692
135007 365930 760376888064 760383204752 649474696914 649482092207 368939384993691 368944909814392
98115 265933 760373678193 760376888065 649482092206 649485850124 368944909814391 368947717276745
225685 611692 760363835529 760373678194 649485850123 649497373066 368947717276744 368956325934995
292360 792273 760231447170 760363835530 649497373065 649652327583 368956325934994 369072106186036
187063 506787 760131911304 760231447171 649652327582 649768787661 369072106186035 369159142838669
359210 973037 760121344351 760131911305 649768787660 649781149204 369159142838668 369168382219269
218621 592191 760110503683 760121344352 649781149203 649793830527 369168382219268 369177860802605
340787 923013 760033588447 760110503684 649793830526 649883793021 369177860802604 369245108324205
332173 899535 759972292924 760033588448 649883793020 649955470773 369245108324204 369298694862937
169749 459641 759951494214 759972292925 649955470772 649979789257 369298694862936 369316876852982
349177 945367 759861917010 759951494215 649979789256 650084507644 369316876852981 369395178882965
223200 604217 759842402048 759861917011 650084507643 650107317333 369395178882964 369412236331676
224009 606349 759781039873 759842402049 650107317332 650179030305 369412236331675 369465868521665
338053 914958 759762912468 759781039874 650179030304 650200212887 369465868521664 369481711587412
359501 972937 759719229082 759762912469 650200212886 650251253719 369481711587411 369519888725297
79312 214631 759702416554 759719229083 650251253718 650270896074 369519888725296 369534581504303
361934 979395 759670453024 759702416555 650270896073 650308236763 369534581504302 369562514188245
265225 717322 759256602365 759670453025 650308236762 650791373456 369562514188244 369924076215482
236229 638296 758869280902 759256602366 650791373455 651242976548 369924076215481 370262294997269
13018 35157 758824415930 758869280903 651242976547 651295252392 370262294997268 370301461869720
339154 915855 758795511273 758824415931 651295252391 651328927710 370301461869719 370326694339757
290573 784614 758767796512 758795511274 651328927709 651361213902 370326694339756 370350887247673
320554 865507 758734137415 758767796513 651361213901 651400421186 370350887247672 370380268016569
152885 412759 758694107468 758734137416 651400421185 651447044121 370380268016568 370415208281080
225222 607997 758653914172 758694107469 651447044120 651493851476 370415208281079 370450289409306
343712 927757 758594260866 758653914173 651493851475 651563310340 370450289409305 370502352270083
19112 51581 758544580745 758594260867 651563310339 651621146850 370502352270082 370545708072896
362788 979015 758501989584 758544580746 651621146849 651670723446 370545708072895 370582875257254
165222 445817 758451327429 758501989585 651670723445 651729686236 370582875257253 370627083086856
317358 856241 758419483098 758451327430 651729686235 651766743288 370627083086855 370654869075621
220378 594541 758386775719 758419483099 651766743287 651804800853 370654869075620 370683407002704
370549 999555 758316719971 758386775720 651804800852 651886303133 370683407002703 370744528405399
202346 545727 758229757376 758316719972 651886303132 651987450055 370744528405398 370820393249937
343737 926915 758185196311 758229757377 651987450054 652039268829 370820393249936 370859264539307
326721 880936 758139067550 758185196312 652039268828 652092903085 370859264539306 370899501137243
63694 171719 758092216845 758139067551 652092903084 652147368897 370899501137242 370940365157242
300841 810945 758010873782 758092216846 652147368896 652241914651 370940365157241 371011308506253
62009 167125 757959619447 758010873783 652241914650 652301475767 371011308506252 371056006378245
6155 16587 757918964805 757959619448 652301475766 652348712567 371056006378244 371091458495497
292930 789301 757840095482 757918964806 652348712566 652440334191 371091458495496 371160230027111
331823 893966 757792949934 757840095483 652440334190 652495091958 371160230027110 371201336301964
304955 821512 757768802353 757792949935 652495091957 652523135360 371201336301963 371222389705769
138957 374312 757744258196 757768802354 652523135359 652551637168 371222389705768 371243788238288
364055 980578 757693937793 757744258197 652551637167 652610064764 371243788238287 371287657499005
198775 535313 757608690461 757693937794 652610064763 652709025629 371287657499004 371361969914404
158199 425981 757577144603 757608690462 652709025628 652745639568 371361969914403 371389467353692
359192 967089 757517041487 757577144604 652745639567 652815388802 371389467353691 371441854269818
16821 45280 757409961600 757517041488 652815388801 652939622070 371441854269817 371535177526132
210738 567161 757338186614 757409961601 652939622069 653022871801 371535177526131 371597724772001
44173 118866 757286729922 757338186615 653022871800 653082543546 371597724772000 371642562607851
260228 700147 757209440831 757286729923 653082543545 653172153966 371642562607850 371709904800397
331966 893023 757156729179 757209440832 653172153965 653233256547 371709904800396 371755829004447
5252 14127 757123349926 757156729180 653233256546 653271944138 371755829004446 371784908648843
60009 161398 757071297446 757123349927 653271944137 653332266602 371784908648842 371830253872425
355421 955852 757056145416 757071297447 653332266601 653349824127 371830253872424 371843452943197
241339 648972 756974733918 757056145417 653349824126 653444146205 371843452943196 371914367116357
25783 69317 756874959657 756974733919 653444146204 653559710695 371914367116356 372001266852644
74828 201145 756854349921 756874959658 653559710694 653583577674 372001266852643 372019215880125
342425 920416 756823007769 756854349922 653583577673 653619870347 372019215880124 372046510920909
53554 143939 756791140210 756823007770 653619870346 653656767806 372046510920908 372074262468895
128223 344608 756769596199 756791140211 653656767805 653681710214 372074262468894 372093023255814
167441 449939 756658119601 756769596200 653681710213 653810744819 372093023255813 372190090674521
357083 959352 756606178986 756658119602 653810744818 653870851101 372190090674520 372235313141017
290057 779165 756534614858 756606178987 653870851100 653953650132 372235313141016 372297616340804
357373 959882 756507761803 756534614859 653953650131 653984714142 372297616340803 372320993031256
211397 567729 756428543082 756507761804 653984714141 654076340507 372320993031255 372389951804608
36227 97275 756363172452 756428543083 654076340506 654151932932 372389951804607 372446851079377
7135 19156 756314214901 756363172453 654151932931 654208535819 372446851079376 372489461320832
135601 364013 756251122804 756314214902 654208535818 654281467915 372489461320831 372544369890634
53415 143378 756245779878 756251122805 654281467914 654287643485 372544369890633 372549019607844
271353 728303 756168682462 756245779879 654287643484 654376744439 372549019607843 372616110840373
347747 933171 756088751548 756168682463 654376744438 654469097653 372616110840372 372685661288623
329960 885329 756061291787 756088751549 654469097652 654500819756 372685661288622 372709553372092
204288 548105 756044389229 756061291788 654500819755 654520344615 372709553372091 372724259493905
362893 973516 755950004453 756044389230 654520344614 654629353732 372724259493904 372806373798430
81364 218245 755940808738 755950004454 654629353731 654639972569 372806373798429 372814373531549
286601 768709 755895241187 755940808739 654639972568 654692587671 372814373531548 372854013333565
318825 855071 755872799975 755895241188 654692587670 654718496957 372854013333564 372873534441392
218384 585553 755689082789 755872799976 654718496956 654930538418 372873534441391 373033326252247
5529 14819 755530911321 755689082790 654930538417 655112999442 373033326252246 373170871111994
246442 660363 755482967759 755530911322 655112999441 655168287866 373170871111993 373212557397906
119061 319007 755457140670 755482967760 655168287865 655198068228 373212557397905 373235012719985
229174 613975 755393321456 755457140671 655198068227 655271645884 373235012719984 373290497276782
371937 996365 755385439558 755393321457 655271645883 655280731979 373290497276781 373297349523261
371647 995506 755322467302 755385439559 655280731978 655353317219 373297349523260 373352093091631
291233 779983 755249564245 755322467303 655353317218 655437331641 373352093091630 373415464667581
318344 852489 755218729871 755249564246 655437331640 655472859889 373415464667580 373442266045457
284566 761961 755165707386 755218729872 655472859888 655533946023 373442266045456 373488351136176
371704 995121 755078065367 755165707387 655533946022 655634894741 373488351136175 373564519822555
84000 224849 755033118392 755078065368 655634894740 655686655447 373564519822554 373603579655954
343719 919961 754987392200 755033118393 655686655446 655739306141 373603579655953 373643314507473
17997 48161 754893511066 754987392201 655739306140 655847380837 373643314507472 373724887978123
280106 749479 754871874365 754893511067 655847380836 655872284285 373724887978122 373743686855617
148376 396995 754862451668 754871874366 655872284284 655883129118 373743686855616 373751873540774
352633 943396 754772218466 754862451669 655883129117 655986964986 373751873540773 373830265878430
36028 96371 754733912698 754772218467 655986964985 656031036631 373830265878429 373863542433761
60766 162511 754605522163 754733912699 656031036630 656178714925 373863542433760 373975065412818
140575 375848 754500017928 754605522164 656178714924 656300025100 373975065412817 374066696148973
119965 320672 754411790877 754500017929 656300025099 656401439506 374066696148972 374143312829161
114509 306047 754384987625 754411790878 656401439505 656432243607 374143312829160 374166587286467
323856 865459 754304719431 754384987626 656432243606 656524478024 374166587286466 374236283327272
310937 830792 754236815560 754304719432 656524478023 656602487091 374236283327271 374295238399845
338031 903068 754193582012 754236815561 656602487090 656652146004 374295238399844 374332771899882
263825 704738 754133198136 754193582013 656652146003 656721493077 374332771899881 374385191371986
354160 945921 754081595886 754133198137 656721493076 656780744805 374385191371985 374429984525516
374428 999943 754036991531 754081595887 656780744804 656831953701 374429984525515 374468700986045
374468 999953 753998053327 754036991532 656831953700 656876651723 374468700986044 374502497580788
103104 275281 753909502749 753998053328 656876651722 656978280968 374502497580787 374579349697189
116856 311933 753818332084 753909502750 656978280967 657082888390 374579349697188 374658467395749
316019 843441 753772729907 753818332085 657082888389 657135200433 374658467395748 374698037679592
312334 833527 753736590456 753772729908 657135200432 657176652208 374698037679591 374729395385519
56331 150298 753584419383 753736590457 657176652207 657351141219 374729395385518 374861417535735
98037 261524 753569057158 753584419384 657351141218 657368751990 374861417535734 374874744342701
248071 661734 753556389485 753569057159 657368751989 657383273187 374874744342700 374885733432176
325669 868583 753424657534 753556389486 657383273186 657534246576 374885733432175 375000000000000
186091 496185 753324155800 753424657535 657534246575 657649387050 375000000000000 375087165071107
335968 895699 753316943211 753324155801 657649387049 657657648836 375087165071106 375093420149460
359996 959741 753308615065 753316943212 657657648835 657667188226 375093420149459 375100642621800
19361 51611 753233509819 753308615066 657667188225 657753205758 375100642621799 375165773454579
197127 525227 752882990533 753233509820 657753205757 658154391132 375165773454578 375469666079314
150978 402049 752763633939 752882990534 658154391131 658290901820 375469666079313 375573117260255
42629 113497 752711217458 752763633940 658290901819 658350835887 375573117260254 375618544189618
54071 143947 752681758939 752711217459 658350835886 658384515128 375618544189617 375644073300774
312155 830968 752662884795 752681758940 658384515127 658406091900 375644073300773 375660429402210
7966 21205 752649759280 752662884796 658406091899 658421096150 375660429402209 375671803600819
169363 450822 752640103125 752649759281 658421096149 658432134064 375671803600818 375680171239403
33878 90177 752632701351 752640103126 658432134063 658440594782 375680171239402 375686585257474
292347 778117 752576694706 752632701352 658440594781 658504607869 375686585257473 375735116104950
32685 86983 752512146805 752576694707 658504607868 658578369604 375735116104949 375791044189736
161111 428720 752502113016 752512146806 658578369603 658589834348 375791044189735 375799737675569
22914 60973 752488385548 752502113017 658589834347 658605518968 375799737675568 375811631277461
277022 737113 752468464635 752488385549 658605518967 658628278872 375811631277460 375828890597572
335730 893273 752436937599 752468464636 658628278871 658664296085 375828890597571 375856204552671
369711 983585 752379491224 752436937600 658664296084 658729915205 375856204552670 375905971567716
117393 312244 752241837413 752379491225 658729915204 658887105690 375905971567715 376025210459566
64426 171279 751961678235 752241837414 658887105689 659206822224 376025210459565 376267831889606
215415 572489 751938255831 751961678236 659206822223 659233539360 376267831889605 376288112417782
45191 120089 751881764282 751938255832 659233539359 659297969464 376288112417781 376337023939406
11389 30262 751859704857 751881764283 659297969463 659323125798 376337023939405 376356122564982
167402 444755 751777984387 751859704858 659323125797 659416304160 376356122564981 376426870320434
34134 90677 751759112871 751777984388 659416304159 659437818309 376426870320433 376443206981390
87498 232429 751742395121 751759112872 659437818308 659456876056 376443206981389 376457678875941
240143 637825 751637773079 751742395122 659456876055 659576120005 376457678875940 376548239676575
316962 841745 751625689070 751637773080 659576120004 659589890409 376548239676574 376558698884337
372380 988891 751615193395 751625689071 659589890408 659601850405 376558698884336 376567783204336
158134 419863 751465919600 751615193396 659601850404 659771908829 376567783204335 376696972201767
43000 114147 751442215816 751465919601 659771908828 659798905947 376696972201766 376717484589544
349485 927709 751440225050 751442215817 659798905946 659801173216 376717484589543 376719207300416
265613 705067 751437869265 751440225051 659801173215 659803856183 376719207300415 376721245875397
373804 992119 751317435494 751437869266 659803856182 659940990637 376721245875396 376825455660768
338377 897960 751310192077 751317435495 659940990636 659949236897 376825455660767 376831722833236
373848 991949 751193320467 751310192078 659949236896 660082264029 376831722833235 376932835634904
374207 992736 751164898449 751193320468 660082264028 660114607729 376932835634903 376957423206124
309071 819894 751148344759 751164898450 660114607728 660133444210 376957423206123 376971743247945
358369 950632 751129866403 751148344760 660133444209 660154469649 376971743247944 376987727931646
102917 272957 750998051933 751129866404 660154469648 660304419184 376987727931645 377101744033471
304614 807751 750970313931 750998051934 660304419183 660335965698 377101744033470 377125734482324
231697 614354 750939084885 750970313932 660335965697 660371479390 377125734482323 377152743399208
97354 258089 750804441327 750939084886 660371479389 660524557366 377152743399207 377269180825675
179381 475449 750761897623 750804441328 660524557365 660572912764 377269180825674 377305968138545
134025 355196 750713516922 750761897624 660572912763 660627894893 377305968138544 377347800486065
181960 482177 750658012465 750713516923 660627894892 660690962797 377347800486064 377395789521514
373652 990007 750593690379 750658012466 660690962796 660764036524 377395789521513 377451398434039
291800 772989 750491265287 750593690380 660764036523 660880367940 377451398434038 377539940384112
349942 926849 750442625738 750491265288 660880367939 660935598584 377539940384111 377581983473852
349001 924301 750438632629 750442625739 660935598583 660940132431 377581983473851 377585434936096
306221 810924 750358994835 750438632630 660940132430 661030543069 377585434936095 377654266935842
159769 423017 750277892257 750358994836 661030543068 661122594070 377654266935841 377724358511333
367813 973741 750260529242 750277892258 661122594069 661142298042 377724358511332 377739363366610
226226 598859 750208809520 750260529243 661142298041 661200984663 377739363366609 377784057002444
138183 365740 750131228595 750208809521 661200984662 661288998764 377784057002443 377851093654167
358052 947579 750111103818 750131228596 661288998763 661311826546 377851093654166 377868482236761
147907 391369 749986950523 750111103819 661311826545 661452624188 377868482236760 377975746613138
178329 471775 749940369997 749986950524 661452624187 661505435691 377975746613137 378015986734348
377827 999383 749837855365 749940369998 661505435690 661621637087 378015986734347 378104539833952
91035 240743 749751493516 749837855366 661621637086 661719500975 378104539833951 378179131966202
244259 645859 749720643812 749751493517 661719500974 661754453133 378179131966201 378205775574763
324839 858831 749655507820 749720643813 661754453132 661828240251 378205775574762 378262027749207
377083 996798 749580767786 749655507821 661828240250 661912888955 378262027749206 378326568936658
182373 482000 749486609372 749580767787 661912888954 662019503015 378326568936657 378407870896222
376609 995231 749473211781 749486609373 662019503014 662034670408 378407870896221 378419438462297
307321 812075 749427472549 749473211782 662034670407 662086447066 378419438462296 378458928680427
317623 839182 749352717497 749427472550 662086447065 662171054019 378458928680426 378523466076883
198765 525092 749329085481 749352717498 662171054018 662197796472 378523466076882 378543866884587
364501 962853 749283602242 749329085482 662197796471 662249260785 378543866884586 378583129651417
315538 833395 749203774473 749283602243 662249260784 662339568738 378583129651416 378652034944689
174749 461474 749148887361 749203774474 662339568737 662401648976 378652034944688 378699408473205
101996 269331 749144502695 749148887362 662401648975 662406607818 378699408473204 378703192787462
350973 926714 749085864475 749144502696 662406607817 662472918423 378703192787461 378753800415416
170077 448998 748996562490 749085864476 662472918422 662573882204 378753800415415 378830865887808
198130 522913 748844011676 748996562491 662573882203 662746290957 378830865887807 378962495529513
297606 785299 748822961172 748844011677 662746290956 662770075382 378962495529512 378980657331312
354971 936582 748762225055 748822961173 662770075381 662838691033 378980657331311 379033056373168
356057 939234 748623332956 748762225056 662838691032 662995554551 379033056373167 379152869605896
246651 650516 748601975626 748623332957 662995554550 663019669458 379152869605895 379171291522582
160315 422797 748588180173 748601975627 663019669457 663035245297 379171291522581 379183190653028
309328 815759 748571410786 748588180174 663035245296 663054177993 379183190653027 379197654669833
186942 492967 748524043805 748571410787 663054177992 663107650270 379197654669832 379238508397245
308407 813150 748440748440 748524043806 663107650269 663201663202 379238508397244 379310344827587
90621 238895 748385847623 748440748441 663201663201 663263615071 379310344827586 379357689249017
123637 325897 748346939228 748385847624 663263615070 663307514316 379357689249016 379391240624524
291743 768916 748277544007 748346939229 663307514315 663385798110 379391240624523 379451077652772
325759 858413 748187660156 748277544008 663385798109 663487170328 379451077652771 379528574334029
230064 606113 748085092153 748187660157 663487170327 663602814113 379528574334028 379616997531140
105974 279157 748074638375 748085092154 663602814112 663614598559 379616997531139 379626009090435
295391 778093 748054780418 748074638376 663614598558 663636983217 379626009090434 379643127120789
78571 206945 747990278118 748054780419 663636983216 663709683401 379643127120788 379698726994830
200477 527973 747962485148 747990278119 663709683400 663741004316 379698726994829 379722682812333
355479 936064 747877538267 747962485149 663741004315 663836717691 379722682812332 379795897113272
313141 824485 747863522009 747877538268 663836717690 663852508053 379795897113271 379807976820199
314725 828597 747815209189 747863522010 663852508052 663906930906 379807976820198 379849613057119
290223 763999 747759692682 747815209190 663906930905 663969458635 379849613057118 379897454675192
160631 422796 747694498926 747759692683 663969458634 664042872318 379897454675191 379953631899150
248796 654773 747649759427 747694498927 664042872317 664093244378 379953631899149 379992181382552
366949 965412 747409318683 747649759428 664093244377 664363838830 379992181382551 380199322349037
345403 908272 747208366755 747409318684 664363838829 664589840917 380199322349036 380372400660421
344269 905053 747178042271 747208366756 664589840916 664623933626 380372400660420 380398515517774
255187 670810 747136939570 747178042272 664623933625 664670138888 380398515517773 380433910951092
284547 747904 747078070893 747136939571 664670138887 664736305606 380433910951091 380484602651863
39627 104138 746986743694 747078070894 664736305605 664838931431 380484602651862 380563237717666
361929 950984 746939232848 746986743695 664838931430 664892308898 380563237717665 380604142602927
273207 717755 746853545425 746939232849 664892308897 664988557561 380604142602926 380677910464577
197543 518919 746844593870 746853545426 664988557560 664998610981 380677910464576 380685616404604
137896 362223 746825903477 746844593871 664998610980 665019601136 380685616404603 380701705769160
303335 796724 746765204687 746825903478 665019601135 665087760426 380701705769159 380753955162515
281299 738765 746729650563 746765204688 665087760425 665127678697 380753955162514 380784558435830
198607 521532 746659843227 746729650564 665127678696 665206042149 380784558435829 380844641690033
368417 967324 746619393260 746659843228 665206042148 665251442395 380844641690032 380879454883690
54223 142349 746534653465 746619393261 665251442394 665346534654 380879454883689 380952380952381
376627 988622 746513271675 746534653466 665346534653 665370524755 380952380952380 380970780780868
58759 154233 746502217374 746513271676 665370524754 665382926935 380970780780867 380980293248288
339570 891271 746467499970 746502217375 665382926934 665421874819 380980293248287 381010167569478
293102 769169 746344230999 746467499971 665421874818 665560131659 381010167569477 381116231178160
3633 9532 746295434468 746344231000 665560131658 665614846959 381116231178159 381158212877642
226792 594979 746252971008 746295434469 665614846958 665662454448 381158212877641 381194744117374
362073 949762 746182673637 746252971009 665662454447 665741254216 381194744117373 381255217032016
232278 609217 746141301283 746182673638 665741254215 665787622684 381255217032015 381290805156703
124843 327414 746119625079 746141301284 665787622683 665811914186 381290805156702 381309450179179
35565 93263 746046404945 746119625080 665811914185 665893956774 381309450179178 381372427953645
244151 640112 745937661625 746046404946 665893956773 666015769309 381372427953644 381465950329877
19657 51525 745848878396 745937661626 666015769308 666115193188 381465950329876 381542298093513
75847 198774 745775026981 745848878397 666115193187 666197875358 381542298093512 381605799751501
23885 62589 745749955758 745775026982 666197875357 666225940269 381605799751500 381627356237867
109939 288049 745656100617 745749955759 666225940268 666330983531 381627356237866 381708048506612
268039 702157 745589762491 745656100618 666330983530 666405211615 381708048506611 381765077874645
211353 553616 745582430680 745589762492 666405211614 666413414527 381765077874644 381771380608550
255821 670055 745536674490 745582430681 666413414526 666464602954 381771380608549 381810713400260
212417 556228 745355992499 745536674491 666464602953 666666666667 381810713400259 381966011250106
107213 280666 745288600963 745355992500 666666666666 666742005033 381966011250105 382023926967723
345761 905059 745271097743 745288600964 666742005032 666761569731 382023926967722 382038968382793
196511 514357 745241313525 745271097744 666761569730 666794859470 382038968382792 382064562821408
105421 275917 745216918212 745241313526 666794859469 666822123816 382064562821407 382085525791840
111116 290811 745206304272 745216918213 666822123815 666833985391 382085525791839 382094646207977
51156 133879 745179341718 745206304273 666833985390 666864115602 382094646207976 382117814289874
41359 108211 744971765830 745179341719 666864115601 667095996178 382117814289873 382296154723149
376781 985550 744950446844 744971765831 667095996177 667119803144 382296154723148 382314468786494
27196 71135 744948474490 744950446845 667119803143 667122005599 382314468786493 382316163113832
306161 800717 744849758590 744948474491 667122005598 667232221290 382316163113831 382400959168236
128215 335284 744835335723 744849758591 667232221289 667248321586 382400959168235 382413347508654
67557 176656 744817044699 744835335724 667248321585 667268738910 382413347508653 382429058070149
94065 245917 744635289950 744817044700 667268738909 667471561162 382429058070148 382585154047120
40863 106804 744605301411 744635289951 667471561161 667505015045 382585154047119 382610906034132
365653 955640 744569440646 744605301412 667505015044 667545015753 382610906034131 382641699550035
353310 923299 744525794160 744569440647 667545015752 667593695169 382641699550034 382679177002288
57449 150114 744471514881 744525794161 667593695168 667654224528 382679177002287 382725781895479
357392 933713 744381793197 744471514882 667654224527 667754255663 382725781895478 382802812014332
335965 877599 744334978936 744381793198 667754255662 667806438373 382802812014331 382843001164920
175742 459041 744328046587 744334978937 667806438372 667814165067 382843001164919 382848952278728
370777 968375 744242283694 744328046588 667814165066 667909741778 382848952278727 382922572179875
331869 866579 744144569329 744242283695 667909741777 668018607479 382922572179874 383006442944059
17281 45118 744117954483 744144569330 668018607478 668048254107 383006442944058 383029285599392
106097 276973 744048711529 744117954484 668048254106 668125373618 383029285599391 383088711456997
58359 152332 744013058567 744048711530 668125373617 668165075922 383088711456996 383119307873682
64402 168083 743927678686 744013058568 668165075921 668260135640 383119307873681 383192573755595
238827 623251 743920778044 743927678687 668260135639 668267817566 383192573755594 383198495011197
242981 634073 743901734020 743920778045 668267817565 668289016909 383198495011196 383214835945929
155651 406139 743829936890 743901734021 668289016908 668368928801 383214835945928 383276439210557
146389 381932 743808800815 743829936891 668368928800 668392450459 383276439210556 383294573433784
60949 158999 743727485114 743808800816 668392450458 668482930138 383294573433783 383364336367816
201855 526499 743665225031 743727485115 668482930137 668552191740 383364336367815 383417746791020
327422 853857 743561260607 743665225032 668552191739 668667818670 383417746791019 383506925610521
378683 987357 743502803789 743561260608 668667818669 668732817168 383506925610520 383557064384308
284991 742990 743465339572 743502803790 668732817167 668774467856 383557064384307 383589195996942
215883 562781 743439281051 743465339573 668774467855 668803435540 383589195996941 383611544610837
379288 988569 743294146247 743439281052 668803435539 668964731623 383611544610836 383736005230413
296708 773057 743118548262 743294146248 668964731622 669159789011 383736005230412 383886563353873
64262 167391 743078908107 743118548263 669159789010 669203807764 383886563353872 383920546942077
89540 233209 743016151156 743078908108 669203807763 669273486044 383920546942076 383974345619102
171703 447116 742901728829 743016151157 669273486043 669400493952 383974345619101 384072425242729
163909 426757 742883116325 742901728830 669400493951 669421149561 384072425242728 384088378211075
354306 922385 742810656923 742883116326 669421149560 669501551874 384088378211074 384150480841843
126146 328363 742773731376 742810656924 669501551873 669542518424 384150480841842 384182126669416
372551 969653 742707186103 742773731377 669542518423 669616334711 384182126669415 384239153915223
315563 821250 742688444175 742707186104 669616334710 669637121798 384239153915222 384255214427715
353132 918941 742627159012 742688444176 669637121797 669705086361 384255214427714 384307729221911
356587 927809 742569723568 742627159013 669705086360 669768770278 384307729221910 384356942060242
231429 602105 742547379773 742569723569 669768770277 669793541916 384356942060241 384376086234500
203159 528487 742453579967 742547379774 669793541915 669897515739 384376086234499 384456448906598
246542 641231 742393117548 742453579968 669897515738 669964520715 384456448906597 384508245565847
278938 725401 742343763667 742393117549 669964520714 670019206101 384508245565846 384550523307909
194299 505220 742268041237 742343763668 670019206100 670103092784 384550523307908 384615384615385
384233 998907 742179209961 742268041238 670103092783 670201477395 384615384615384 384691467767539
321576 835861 742102642751 742179209962 670201477394 670286257969 384691467767538 384757041014674
155963 405298 741977359148 742102642752 670286257968 670424938761 384757041014673 384864324004713
281206 730637 741945758156 741977359149 670424938760 670459910774 384864324004712 384891382314107
176003 457243 741873676581 741945758157 670459910773 670539669219 384891382314106 384953098627665
213749 555227 741820470289 741873676582 670539669218 670598531060 384953098627664 384998650835598
157246 408429 741812542422 741820470290 670598531059 670607300814 384998650835597 385005438002241
289744 752541 741776460948 741812542423 670607300813 670647211269 385005438002240 385036327166458
325115 844261 741655124277 741776460949 670647211268 670781392582 385036327166457 385140194078069
187227 486091 741588701998 741655124278 670781392581 670854825628 385140194078068 385197047303778
337229 875453 741569779345 741588701999 670854825627 670875742864 385197047303777 385213243144007
211163 548151 741535779123 741569779346 670875742863 670913323970 385213243144006 385242343000663
258369 670634 741492616938 741535779124 670913323969 670961026459 385242343000662 385279282801857
287545 746299 741456741491 741492616939 670961026458 671000671012 385279282801856 385309985039672
358256 929623 741298409320 741456741492 671000671011 671175586818 385309985039671 385445471737965
282235 732164 741216353244 741298409321 671175586817 671266204782 385445471737964 385515679042978
296974 770319 741204373525 741216353245 671266204781 671279432627 385515679042977 385525928393730
366413 950413 741194176270 741204373526 671279432626 671290691924 385525928393729 385534652637995
210980 547163 741067265391 741194176271 671290691923 671430791792 385534652637994 385643223060916
332375 861804 740996379876 741067265392 671430791791 671509020796 385643223060915 385703858180055
62897 163069 740986951435 740996379877 671509020795 671519424739 385703858180054 385711922875117
130967 339544 740981229847 740986951436 671519424738 671525738162 385711922875116 385716816843964
384959 998028 740974630707 740981229848 671525738161 671533019775 385716816843963 385722461390531
220903 572557 740750380727 740974630708 671533019774 671780375906 385722461390530 385914249017884
383225 992997 740719034740 740750380728 671780375905 671814938486 385914249017883 385941053712820
303569 786535 740680812651 740719034741 671814938485 671857078380 385941053712819 385973737112910
182518 472833 740597308323 740680812652 671857078379 671949125236 385973737112909 386045136357710
28843 74711 740560305136 740597308324 671949125235 671989906514 386045136357709 386076773398706
352605 913259 740516984702 740560305137 671989906513 672037644309 386076773398705 386113809985799
321637 832954 740455314081 740516984703 672037644308 672105592782 386113809985798 386166532024051
256967 665399 740412503202 740455314082 672105592781 672152754292 386166532024050 386203128887275
98861 255937 740254069604 740412503203 672152754291 672327236124 386203128887274 386338551287572
331667 858363 740122435354 740254069605 672327236123 672472141197 386338551287571 386451049382082
378367 979023 740068565307 740122435355 672472141196 672531425767 386451049382081 386497083606083
286639 741609 740039263730 740068565308 672531425766 672563668464 386497083606082 386522121933066
24397 63118 740020844377 740039263731 672563668463 672583935199 386522121933065 386537860952231
295269 763813 739940073395 740020844378 672583935198 672672793997 386537860952230 386606874731851
365669 945761 739862611673 739940073396 672672793996 672757992036 386606874731850 386673055401922
248693 643149 739845827507 739862611674 672757992035 672776449886 386673055401921 386687394508565
42881 110890 739819758169 739845827508 672776449885 672805116971 386687394508564 386709665648543
379593 981547 739773753070 739819758170 672805116970 672855700926 386709665648542 386748966489763
149439 386354 739670792427 739773753071 672855700925 672968883998 386748966489762 386836915884742
380377 983076 739463762725 739670792428 672968883997 673196363341 386836915884741 387013732488480
232095 599692 739440483736 739463762726 673196363340 673221932955 387013732488479 387033611813023
374033 966321 739357364131 739440483737 673221932954 673313216939 387033611813022 387104588639366
12302 31779 739342381478 739357364132 673313216938 673329668847 387104588639365 387117381843067
181783 469575 739330632257 739342381479 673329668846 673342569727 387117381843066 387127413982464
300366 775801 739233513059 739330632258 673342569726 673449191231 387127413982463 387210334997403
139767 360946 739201202108 739233513060 673449191230 673484656694 387210334997402 387237920417998
36806 95047 739196337274 739201202109 673484656693 673489996184 387237920417997 387242073680432
362577 936299 739189747738 739196337275 673489996183 673497228531 387242073680431 387247699341655
233164 601981 739001987082 739189747739 673497228530 673703245568 387247699341654 387407979158240
216001 557526 738955843913 739001987083 673703245567 673753857686 387407979158239 387447363913206
195227 503863 738925108291 738955843914 673753857685 673787566179 387447363913205 387473596743998
307910 794627 738886717102 738925108292 673787566178 673829666378 387473596743997 387506362404092
311669 804231 738815701452 738886717103 673829666377 673907530221 387506362404091 387566968516124
362905 936316 738766024783 738815701453 673907530220 673961987523 387566968516123 387609360843103
84621 218300 738702930785 738766024784 673961987522 674031141750 387609360843102 387663199857187
369513 953131 738655746991 738702930786 674031141749 674082849089 387663199857186 387703460132944
69657 179651 738581560163 738655746992 674082849088 674164133567 387703460132943 387766757116087
57591 148504 738485493928 738581560164 674164133566 674269364022 387766757116086 387848714514042
329213 848742 738403987325 738485493929 674269364021 674358622324 387848714514041 387918244113869
216076 556985 738356179931 738403987326 674358622323 674410966368 387918244113868 387959023675877
346105 892079 738317010526 738356179932 674410966367 674453847174 387959023675876 387992433537417
320573 826151 738224299909 738317010527 674453847173 674555322434 387992433537416 388071506346556
251335 647641 738209882892 738224299910 674555322433 674571099885 388071506346555 388083801918141
382029 984358 738172705694 738209882893 674571099884 674611782115 388083801918140 388115507684604
318345 820144 738074348707 738172705695 674611782114 674719390400 388115507684603 388199383358411
286007 736716 738028812002 738074348708 674719390399 674769199545 388199383358410 388238212672423
178475 459683 737985471921 738028812003 674769199544 674816599703 388238212672422 388275167200395
367575 946603 737904781486 737985471922 674816599702 674904832891 388275167200394 388343964571423
371904 957661 737899562590 737904781487 674904832890 674910538908 388343964571422 388348414048515
362062 932245 737833801232 737899562591 674910538907 674982430705 388348414048514 388404478164389
226382 582833 737805412031 737833801233 674982430704 675013462072 388404478164388 388428679872836
310743 799942 737739172150 737805412032 675013462071 675085856670 388428679872835 388485146383608
319534 822453 737672912354 737739172151 675085856669 675158258766 388485146383607 388541625967023
330709 851098 737612260356 737672912355 675158258765 675224520713 388541625967022 388593322065040
112491 289474 737585211852 737612260357 675224520712 675254067190 388593322065039 388616375521093
177517 456782 737564483900 737585211853 675254067189 675276707795 388616375521092 388634041528317
375011 964861 737483806399 737564483901 675276707794 675364816450 388634041528316 388702797667550
315067 810548 737470126184 737483806400 675364816449 675379754646 388702797667549 388714455844100
78151 201037 737411615049 737470126185 675379754645 675443639389 388714455844099 388764316721131
60349 155225 737365361918 737411615050 675443639388 675494132501 388764316721130 388803729662761
345058 887281 737154140200 737365361919 675494132500 675724628518 388803729662760 388983690554519
137426 353201 736911023995 737154140201 675724628517 675989750451 388983690554518 389190776678532
302890 778237 736888883329 736911023996 675989750450 676013885675 389190776678531 389209633479264
351413 902859 736858764696 736888883330 676013885674 676046715021 389209633479263 389235284273703
301358 774191 736811606921 736858764697 676046715020 676098111154 389235284273702 389275444992849
369037 947975 736777888889 736811606922 676098111153 676134855220 389275444992848 389304158894074
376101 966040 736735074483 736777888890 676134855219 676181506718 389304158894073 389340617721203
68132 174981 736670786644 736735074484 676181506717 676251544992 389340617721202 389395359323282
311341 799534 736652658103 736670786645 676251544991 676271292685 389395359323281 389410795261441
362969 932081 736636034303 736652658104 676271292684 676289400306 389410795261440 389424949700182
87815 225473 736529888427 736636034304 676289400305 676404999577 389424949700181 389515322531547
363776 933719 736333265278 736529888428 676404999576 676619037897 389515322531546 389682701718234
108561 278587 736329341858 736333265279 676619037896 676623307549 389682701718233 389686041257530
38473 98728 736327520755 736329341859 676623307548 676625289343 389686041257529 389687591341308
358493 919948 736325784644 736327520756 676625289342 676627178636 389687591341307 389689069078737
331754 851327 736322544669 736325784645 676627178635 676630704455 389689069078736 389691826862447
26242 67329 736167617100 736322544670 676630704454 676799260884 389691826862446 389823686501677
191927 492309 736104170766 736167617101 676799260883 676868266195 389823686501676 389877679917978
368214 944425 736094783643 736104170767 676868266194 676878474687 389877679917977 389885668146365
279706 717277 735931011761 736094783644 676878474686 677056530821 389885668146364 390025021866351
566 1451 735811619407 735931011762 677056530820 677186282160 390025021866350 390126598179190
151643 388693 735790315977 735811619408 677186282159 677209429139 390126598179189 390144721343750
383349 982507 735720728912 735790315978 677209429138 677285027924 390144721343749 390203917393842
126428 323997 735698222836 735720728913 677285027923 677309474993 390203917393841 390223061867072
18268 46813 735673722250 735698222837 677309474992 677336086733 390223061867071 390243902439025
343204 879337 735545105159 735673722251 677336086732 677475754752 390243902439024 390353297495942
128636 329507 735460489233 735545105160 677475754751 677567611960 390353297495941 390425259556996
227543 582777 735411503308 735460489234 677567611959 677620779494 390425259556995 390466917040404
317723 813651 735355995928 735411503309 677620779493 677681015856 390466917040403 390514117821252
6195 15863 735315287170 735355995929 677681015855 677725186527 390514117821251 390548732865491
247136 632761 735270704213 735315287171 677725186526 677773554755 390548732865490 390586640521671
366058 937173 735243731242 735270704214 677773554754 677802814740 390586640521670 390609574053264
12004 30725 735050716875 735243731243 677802814739 678012126456 390609574053263 390773664343752
29737 76085 734896530803 735050716876 678012126455 678179245490 390773664343751 390904721664303
331323 847547 734860781403 734896530804 678179245489 678217982625 390904721664302 390935105510578
320319 819352 734844871700 734860781404 678217982624 678235220654 390935105510577 390948627002540
301560 771347 734835873451 734844871701 678235220653 678244969822 390948627002539 390956274423964
293199 749927 734803444627 734835873452 678244969821 678280102734 390956274423963 390983834412845
110692 283101 734769482102 734803444628 678280102733 678316893621 390983834412844 391012696856122
22774 58243 734759481344 734769482103 678316893620 678327726527 391012696856121 391021195630709
371013 948812 734741132545 734759481345 678327726526 678347601269 391021195630708 391036788453288
179057 457881 734696494276 734741132546 678347601268 678395947290 391036788453287 391074720867552
183543 469192 734426229508 734696494277 678395947289 678688524591 391074720867551 391304347826087
81697 208770 734376708125 734426229509 678688524590 678742109025 391304347826086 391346416176480
272041 695138 734372525409 734376708126 678742109024 678746634558 391346416176479 391349969290508
198221 506458 734285695607 734372525410 678746634557 678840568342 391349969290507 391423725664241
263645 673544 734272068275 734285695608 678840568341 678855308406 391423725664240 391435300621926
311565 795941 734255515246 734272068276 678855308405 678873212265 391435300621925 391449360429571
246493 629612 734136634628 734255515247 678873212264 679001768552 391449360429570 391550328268400
380002 970467 734099439586 734136634629 679001768551 679041981618 391550328268399 391581916305436
306972 783887 734051289950 734099439587 679041981617 679094031576 391581916305435 391622805802528
159197 406467 733962906461 734051289951 679094031575 679189555234 391622805802527 391697857377606
208900 533297 733924446727 733962906462 679189555233 679231114200 391697857377605 391730513680358
154999 395653 733867012422 733924446728 679231114199 679293167991 391730513680357 391779278989637
61636 157315 733818455210 733867012423 679293167990 679345622487 391779278989636 391820504877523
297419 759022 733760674018 733818455211 679345622486 679408031499 391820504877522 391869559437928
240284 613127 733690768692 733760674019 679408031498 679483521460 391869559437927 391928903198953
351909 897806 733604483274 733690768693 679483521459 679576678617 391928903198952 392002146494816
230390 587699 733561461013 733604483275 679576678616 679623118292 392002146494815 392038663512036
388987 992194 733541059923 733561461014 679623118291 679645137853 392038663512035 392055979269997
188152 479885 733490892988 733541059924 679645137852 679699279023 392055979269996 392098557755202
165847 422945 733430296619 733490892989 679699279022 679764665160 392098557755201 392149985197231
373923 953455 733366930573 733430296620 679764665159 679833027398 392149985197230 392203759865654
108161 275754 733287917838 733366930574 679833027397 679918252110 392203759865653 392270808047546
96454 245881 733268156838 733287917839 679918252109 679939563614 392270808047545 392287575890132
253231 645498 733231077590 733268156839 679939563613 679979548852 392287575890131 392319037918941
266796 680005 733171827117 733231077591 679979548851 680043433849 392319037918940 392369309960090
302543 771048 733149116916 733171827118 680043433848 680067917465 392369309960089 392388578009409
384377 979500 733071167510 733149116917 680067917464 680151941382 392388578009408 392454709380890
385056 981121 733046073862 733071167511 680151941381 680178986441 392454709380889 392475997435357
375787 957400 732971014985 733046073863 680178986440 680259870337 392475997435356 392539669997050
371857 947269 732930345725 732971014986 680259870336 680303688301 392539669997049 392574167783858
58662 149407 732793491626 732930345726 680303688300 680451099368 392574167783857 392690244195601
380992 970075 732664617568 732793491627 680451099367 680589860462 392690244195600 392799537522025
69199 176162 732629167071 732664617569 680589860461 680628021431 392799537522024 392829599296654
253411 645048 732566813914 732629167072 680628021430 680695132311 392829599296653 392882471742850
314289 799906 732507974705 732566813915 680695132310 680758449815 392882471742849 392932361497530
207628 528361 732428216215 732507974706 680758449814 680844261261 392932361497529 392999984003583
303179 771446 732425970655 732428216216 680844261260 680846676948 392999984003582 393001887803363
3190 8117 732424902010 732425970656 680846676947 680847826549 393001887803362 393002793805418
382739 973790 732335726094 732424902011 680847826548 680943745317 393002793805417 393078394135098
38733 98531 732273642884 732335726095 680943745316 681010507949 393078394135097 393131022195018
153745 391077 732270630974 732273642885 681010507948 681013746567 393131022195017 393133575313856
359609 914642 732186738163 732270630975 681013746566 681103942478 393133575313855 393204686002603
127276 323669 732129636460 732186738164 681103942477 681165321649 393204686002602 393253084128805
120643 306772 732099137619 732129636461 681165321648 681198100921 393253084128804 393278933131161
391579 995645 732068807533 732099137620 681198100920 681230695900 393278933131160 393304638324120
303122 770575 731911755940 732068807534 681230695899 681399428761 393304638324119 393437729389783
377974 960685 731901253048 731911755941 681399428760 681410710061 393437729389782 393446629166317
387546 984995 731893974431 731901253049 681410710060 681418527919 393446629166316 393452796752515
374967 953011 731888632971 731893974432 681418527918 681424264998 393452796752514 393457322846795
150347 382116 731884546164 731888632972 681424264997 681428654436 393457322846794 393460785792004
142360 361803 731853836333 731884546165 681428654435 681461636664 393460785792003 393486807238790
67273 170942 731721570919 731853836334 681461636663 681603655104 393486807238789 393598870944027
173961 441941 731649341820 731721570920 681603655103 681681186930 393598870944026 393660061807321
360389 915442 731607960149 731649341821 681681186929 681725599231 393660061807320 393695117439502
385553 979253 731545573624 731607960150 681725599230 681792544481 393695117439501 393747964169166
314585 798883 731467411604 731545573625 681792544480 681876400649 393747964169165 393814169460057
385723 979382 731398717156 731467411605 681876400648 681950083615 393814169460056 393872351213460
355429 902382 731383853068 731398717157 681950083614 681966025159 393872351213459 393884940043698
78381 198988 731352717608 731383853069 681966025158 681999415284 393884940043697 393911308970873
228035 578828 731238045956 731352717609 681999415283 682122364497 393911308970872 394008418478130
23602 59899 731187189847 731238045957 682122364496 682176878385 394008418478129 394051482350040
343621 871897 731055268242 731187189848 682176878384 682318250361 394051482350039 394163180620228
317417 805173 730916049026 731055268243 682318250360 682467383306 394163180620227 394281041931230
84228 213611 730858176336 730916049027 682467383305 682529359137 394281041931229 394330031464989
317026 803861 730742168779 730858176337 682529359136 682653559844 394330031464988 394428224005750
377323 956608 730717947167 730742168780 682653559843 682679486792 394428224005749 394448724536011
389819 988198 730656826025 730717947168 682679486791 682744903008 394448724536010 394500453666092
2517 6380 730624560983 730656826026 682744903007 682779430628 394500453666091 394527759527031
345955 876792 730526939324 730624560984 682779430627 682883878065 394527759527030 394610371295923
188631 477980 730452098912 730526939325 682883878064 682963931108 394610371295922 394673699166023
178743 452846 730365481101 730452098913 682963931107 683056559896 394673699166022 394746986897099
337779 855637 730313340914 730365481102 683056559895 683112307079 394746986897098 394791099927290
251541 637121 730271413518 730313340915 683112307078 683157128776 394791099927289 394826570813181
393298 996061 730208156769 730271413519 683157128775 683224741786 394826570813180 394880083712604
106280 269097 730041615372 730208156770 683224741785 683402692287 394880083712603 395020955689466
3481 8812 730021398632 730041615373 683402692286 683424288082 395020955689465 395038054801807
200753 508178 730005803685 730021398633 683424288081 683440945939 395038054801806 395051244615682
221108 559631 729899835937 730005803686 683440945938 683554115999 395051244615681 395140864111427
373969 946418 729898402418 729899835938 683554115998 683555646709 395140864111426 395142076409498
174632 441941 729884940521 729898402419 683555646708 683570020993 395142076409497 395153460776452
339847 859806 729632723262 729884940522 683570020992 683839227557 395153460776451 395366726334008
366323 926500 729592564906 729632723263 683839227556 683882072608 395366726334007 395400677872488
337514 853585 729576178861 729592564907 683882072607 683899553471 395400677872487 395414530929166
112701 285008 729537204140 729576178862 683899553470 683941128882 395414530929165 395447479964088
247241 625194 729500844958 729537204141 683941128881 683979909943 395447479964087 395478216698078
326499 825568 729486975693 729500844959 683979909942 683994701949 395478216698077 395489940982989
244445 618061 729456000863 729486975694 683994701948 684027735406 395489940982988 395516124760721
261602 661327 729325380776 729456000864 684027735405 684167003703 395516124760720 395626532350970
209199 528701 729187266737 729325380777 684167003702 684314204170 395626532350969 395743258889610
120361 304131 729162311497 729187266738 684314204169 684340794847 395743258889609 395764348029480
239221 604423 729115615176 729162311498 684340794846 684390546184 395764348029479 395803808708297
146574 370303 729073032878 729115615177 684390546183 684435908417 395803808708296 395839791264918
318203 803813 729008751413 729073032879 684435908416 684504375707 395839791264917 395894107040925
183481 463435 728958621893 729008751414 684504375706 684557760578 395894107040924 395936462509191
385865 974448 728848072093 728958621894 684557760577 684675461665 395936462509190 396029860989906
157063 396558 728763353835 728848072094 684675461664 684765634437 396029860989905 396101428756861
276634 698377 728743445085 728763353836 684765634436 684786821752 396101428756860 396118246289364
349359 881861 728642041765 728743445086 684786821751 684894718167 396118246289363 396203899719368
335929 847856 728627668902 728642041766 684894718166 684910008768 396203899719367 396216039514704
335765 847418 728615384615 728627668903 684910008767 684923076924 396216039514703 396226415094340
75051 189395 728519133372 728615384616 684923076923 685025453769 396226415094339 396307706719800
79957 201741 728454722316 728519133373 685025453768 685093947963 396307706719799 396362102586355
344440 869003 728454330505 728454722317 685093947962 685094364572 396362102586354 396362433464519
312830 789193 728383680172 728454330506 685094364571 685169478639 396362433464518 396422094525927
126187 318313 728378517614 728383680173 685169478638 685174966763 396422094525926 396426453915676
148913 375567 728199992692 728378517615 685174966762 685364699005 396426453915675 396577191241095
16157 40734 728035709037 728199992693 685364699004 685539208483 396577191241094 396715880868217
324339 817535 728007068958 728035709038 685539208482 685569622685 396715880868216 396740056796983
386777 974853 727973612171 728007068959 685569622684 685605148743 396740056796982 396768297798886
840 2117 727927148143 727973612172 685605148742 685654480767 396768297798885 396807516742528
343025 864428 727890219011 727927148144 685654480766 685693684577 396807516742527 396838686295886
343138 864629 727836053617 727890219012 685693684576 685751178675 396838686295885 396884401873172
350578 883281 727788971792 727836053618 685751178674 685801146498 396884401873171 396924136971123
212183 534537 727734161474 727788971793 685801146497 685859307893 396924136971122 396970392312329
105766 266423 727698959890 727734161475 685859307892 685896656775 396970392312328 397000098221607
269574 678991 727648323784 727698959891 685896656774 685950374951 397000098221606 397042827239036
263591 663844 727589406185 727648323785 685950374950 686012868690 397042827239035 397092541915842
366555 923023 727513774895 727589406186 686012868689 686093074836 397092541915841 397156355454928
258332 650393 727425254710 727513774896 686093074835 686186927017 397156355454927 397231038012060
388994 979231 727393652509 727425254711 686186927016 686220426896 397231038012059 397257698555750
8807 22169 727372897395 727393652510 686220426895 686242426651 397257698555749 397275207735978
182557 459488 727301643668 727372897396 686242426650 686317943171 397275207735977 397335315279691
376626 947875 727297171200 727301643669 686317943170 686322682683 397335315279690 397339087983974
1649 4150 727272727272 727297171201 686322682682 686348585025 397339087983973 397359707119514
272790 686389 727111507538 727272727273 686348585024 686519377444 397359707119513 397495688290719
28754 72335 727073825966 727111507539 686519377443 686559284837 397495688290718 397527467855751
150278 378025 727057019796 727073825967 686559284836 686577082318 397527467855750 397541641328489
78767 198126 727013152549 727057019797 686577082317 686623532964 397541641328488 397578635663524
141182 355087 726966432110 727013152550 686623532963 686672998293 397578635663523 397618034447639
379347 954029 726946881441 726966432111 686672998292 686693695590 397618034447638 397634520765236
357917 900070 726899193370 726946881442 686693695589 686744175569 397634520765235 397674732957374
297978 749183 726750856328 726899193371 686744175568 686901152151 397674732957373 397799803969057
288933 726317 726737008745 726750856329 686901152150 686915802788 397799803969056 397811478706978
114167 286962 726652498796 726737008746 686915802787 687005200849 397811478706977 397882724710048
189572 476449 726646654466 726652498797 687005200848 687011382405 397882724710047 397887651551251
86537 217490 726642131160 726646654467 687011382404 687016166638 397887651551250 397891464733314
326791 821276 726606629506 726642131161 687016166637 687053714026 397891464733313 397921392333669
55177 138646 726490420025 726606629507 687053714025 687176592742 397921392333668 398019348830803
46559 116974 726468416954 726490420026 687176592741 687199853877 398019348830802 398037894656783
357582 898331 726436138316 726468416955 687199853876 687233975403 398037894656782 398065100787950
271093 680949 726328218366 726436138317 687233975402 687348033536 398065100787949 398156055275181
342084 859139 726293399809 726328218367 687348033535 687384824820 398156055275180 398185398203867
306857 770602 726248632404 726293399810 687384824819 687432123145 398185398203866 398223123969352
89604 224981 726128751923 726248632405 687432123144 687558750676 398223123969351 398324140021230
394107 989335 726054404892 726128751924 687558750675 687637259852 398324140021229 398386781958979
385701 968053 725952683905 726054404893 687637259851 687744647911 398386781958978 398472480922489
313195 785913 725861160604 725952683906 687744647910 687841242967 398472480922488 398549581314658
272811 684469 725805081466 725861160605 687841242966 687900417007 398549581314657 398596819764696
320584 804139 725637497792 725805081467 687900417006 688077191744 398596819764695 398737969372707
185996 466455 725623851173 725637497793 688077191743 688091583010 398737969372706 398749462428551
106466 266985 725571595013 725623851174 688091583009 688146685315 398749462428550 398793470698638
311222 780341 725489102499 725571595014 688146685314 688233653750 398793470698637 398862938486682
51773 129798 725463698509 725489102500 688233653749 688260431920 398862938486681 398884330347634
321322 805511 725415681748 725463698510 688260431919 688311040645 398884330347633 398924762261726
341138 855045 725306290925 725415681749 688311040644 688426310032 398924762261725 399016866542518
389353 975711 725238474315 725306290926 688426310031 688497752628 399016866542517 399073961587181
258945 648848 725214096278 725238474316 688497752627 688523430654 399073961587180 399094484642901
168769 422843 725131554100 725214096279 688523430653 688610360979 399094484642900 399163970621349
79289 198610 724999433594 725131554101 688610360978 688749461915 399163970621348 399275181487761
347207 869462 724856212084 724999433595 688749461914 688900190015 399275181487760 399395720749537
183802 460167 724787680915 724856212085 688900190014 688972290875 399395720749536 399453392726764
358221 896746 724753841419 724787680916 688972290874 689007887726 399453392726763 399481868762435
386766 968117 724702747326 724753841420 689007887725 689061628606 399481868762434 399524862863377
346441 867093 724659468550 724702747327 689061628605 689107143077 399524862863376 399561278990227
280689 702418 724558061689 724659468551 689107143076 689213765998 399561278990226 399646600081550
312959 783033 724489680387 724558061690 689213765997 689285646893 399646600081549 399704129709724
293124 733327 724456711382 724489680388 689285646892 689320298072 399704129709723 399731865416916
181951 455163 724415734917 724456711383 689320298071 689363360648 399731865416915 399766336324042
312837 782321 724137931034 724415734918 689363360647 689655172414 399766336324041 400000000000000
394760 986621 723868899703 724137931035 689655172413 689937545030 400000000000000 400226226686147
66736 166739 723830677304 723868899704 689937545029 689977644996 400226226686146 400258363004737
152599 381239 723800090292 723830677305 689977644995 690009731304 400258363004736 400284078872750
71712 179141 723737544966 723800090293 690009731303 690075333573 400284078872749 400336661220776
391523 977891 723646597935 723737544967 690075333572 690170704462 400336661220775 400413115593656
388637 970551 723608232033 723646597936 690170704461 690210929017 400413115593655 400445365825476
273459 682855 723563353628 723608232034 690210929016 690257975895 400445365825475 400483088968902
317948 793887 723534334884 723563353629 690257975894 690288393531 400483088968901 400507480215953
287907 718811 723475351737 723534334885 690288393530 690350212160 400507480215952 400557055523407
371851 928218 723355544143 723475351738 690350212159 690475746683 400557055523406 400657745309100
126461 315598 723248331581 723355544144 690475746682 690588047149 400657745309099 400747840280536
277375 692096 723182910638 723248331582 690588047148 690656555576 400747840280535 400802811652550
385697 962291 723162969920 723182910639 690656555575 690677434796 400802811652549 400819566606171
84491 210784 723110475283 723162969921 690677434795 690732394301 400819566606170 400863673112313
242827 605706 723026102949 723110475284 690732394300 690820710788 400863673112312 400934559032697
186067 464066 722990691153 723026102950 690820710787 690857771547 400934559032696 400964308799576
58572 146075 722972134595 722990691154 690857771546 690877190678 400964308799575 400979897936293
319973 797928 722912722848 722972134596 690877190677 690939357068 400979897936292 401029807200576
262556 654677 722872686114 722912722849 690939357067 690981244080 401029807200575 401063438783867
386337 963271 722862254724 722872686115 690981244079 690992156754 401063438783866 401072201134273
280309 698813 722744592479 722862254725 690992156753 691115224867 401072201134272 401171031320272
241411 601741 722705247183 722744592480 691115224866 691156368483 401171031320271 401204076909023
77397 192899 722641857147 722705247184 691156368482 691222645968 401204076909022 401257314803596
213057 530935 722572566339 722641857148 691222645967 691295079090 401257314803595 401315504843258
271771 677165 722522671970 722572566340 691295079089 691347227150 401315504843257 401357403533563
95183 237134 722447205651 722522671971 691347227149 691426087913 401357403533562 401420772516998
363405 905269 722417687313 722447205652 691426087912 691456929286 401420772516997 401445557821763
92779 231091 722329610826 722417687314 691456929285 691548937765 401445557821762 401519507890963
78857 196392 722308010198 722329610827 691548937764 691571499127 401519507890962 401537643110884
221500 551621 722293310774 722308010199 691571499126 691586851531 401537643110883 401549984084515
381625 950303 722215984198 722293310775 691586851530 691667602371 401549984084514 401614901218265
89703 223352 722199892651 722215984199 691667602370 691684404230 401614901218264 401628409791983
360519 897641 722197576651 722199892652 691684404229 691686822398 401628409791982 401630354016800
369244 919221 722049977814 722197576652 691686822397 691840899007 401630354016799 401754250991380
290516 723099 722023935839 722049977815 691840899006 691868077075 401754250991379 401776109306883
117143 291552 721988205115 722023935840 691868077074 691905363236 401776109306882 401806099008232
398765 992398 721955954730 721988205116 691905363235 691939014242 401806099008231 401833166720071
245581 611139 721936145151 721955954731 691939014241 691959682586 401833166720070 401849792475989
306738 763249 721853254438 721936145152 691959682585 692046153849 401849792475988 401919357567170
231011 574727 721782371472 721853254439 692046153848 692120082234 401919357567169 401978841055275
168518 419213 721763927537 721782371473 692120082233 692139316111 401978841055274 401994318176187
127082 316115 721721960117 721763927538 692139316110 692183077144 401994318176186 402029533906878
343644 854737 721681574526 721721960118 692183077143 692225183730 402029533906877 402063421001529
401017 997318 721605299772 721681574527 692225183729 692304695450 402063421001528 402127418834527
251090 624389 721582152294 721605299773 692304695449 692328821797 402127418834526 402146839680842
392739 976586 721562559991 721582152295 692328821796 692349241365 402146839680841 402163277393868
213563 531008 721512806830 721562559992 692349241364 692401090106 402163277393867 402205018375766
389743 968998 721495236724 721512806831 692401090105 692419398475 402205018375765 402219758558194
360987 897386 721387321030 721495236725 692419398474 692531828190 402219758558193 402310287596955
91064 226325 721270126724 721387321031 692531828189 692653884921 402310287596954 402408590125351
286988 713129 721207381958 721270126725 692653884920 692719215996 402408590125350 402461216037380
401185 996807 721186227842 721207381959 692719215995 692741239404 402461216037379 402478957940137
4901 12176 721104710287 721186227843 692741239403 692826094198 402478957940136 402547323272402
315235 783044 721035469636 721104710288 692826094197 692898153791 402547323272401 402605388450721
60340 149857 720927809047 721035469637 692898153790 693010168859 402605388450720 402695665219103
187399 465333 720869280094 720927809048 693010168858 693071050482 402695665219102 402744739823236
269419 668932 720833064901 720869280095 693071050481 693108716252 402744739823235 402775103749715
321167 797365 720808445023 720833064902 693108716251 693134320016 402775103749714 402795745232373
191543 475525 720790619770 720808445024 693134320015 693152856484 402795745232372 402810689760658
399788 992381 720679255690 720790619771 693152856483 693268642316 402810689760657 402904050840694
268417 666143 720588687231 720679255691 693268642315 693362779384 402904050840693 402979971057869
292999 727068 720571759014 720588687232 693362779383 693380371882 402979971057868 402994160661435
28463 70627 720547049034 720571759015 693380371881 693406049965 402994160661434 403014872713373
328569 815167 720416564991 720547049035 693406049964 693541615829 403014872713372 403124237432849
397099 984955 720320213491 720416564992 693541615828 693641687066 403124237432848 403204985691640
388477 963392 720239594496 720320213492 693641687065 693725397056 403204985691639 403272543705237
350299 868526 720112323224 720239594497 693725397055 693857508384 403272543705236 403379185774451
221785 549798 720077891646 720112323225 693857508383 693893241041 403379185774450 403408034258741
395600 980629 720062354236 720077891647 693893241040 693909364407 403408034258740 403421051973675
308420 764419 719945920747 720062354237 693909364406 694030165915 403421051973674 403518597615611
353114 874995 719844295420 719945920748 694030165914 694135570585 403518597615610 403603728798276
360241 892452 719726453785 719844295421 694135570584 694257755969 403603728798275 403702434442519
154577 382874 719665119731 719726453786 694257755968 694321334428 403702434442518 403753804424520
327095 810096 719618961972 719665119732 694321334427 694369173834 403753804424519 403792461695481
193499 479107 719423527647 719618961973 694369173833 694571657835 403792461695480 403956120563438
343673 850754 719407483552 719423527648 694571657834 694588275606 403956120563437 403969554774223
315381 780700 719401460617 719407483553 694588275605 694594513700 403969554774222 403974597910456
391001 967880 719396361611 719401460618 694594513699 694599794774 403974597910455 403978867399066
373175 923741 719388198166 719396361612 694599794773 694608249547 403978867399065 403985702756186
2801 6932 719191390084 719388198167 694608249546 694812020930 403985702756185 404150477332891
393725 974151 719138886505 719191390085 694812020929 694866362631 404150477332890 404194430179466
248713 615308 719104198376 719138886506 694866362630 694902260665 404194430179465 404223467850632
30529 75516 718988376049 719104198377 694902260664 695022096848 404223467850631 404320416898281
122159 302104 718891997256 718988376050 695022096847 695121785215 404320416898280 404401082979014
72601 179513 718815471969 718891997257 695121785214 695200918625 404401082979013 404465127270619
243087 600994 718792068906 718815471970 695200918624 695225115828 404465127270618 404484712493365
354815 877156 718740824824 718792068907 695225115827 695278093091 404484712493364 404527595463047
85585 211549 718655053080 718740824825 695278093090 695366748330 404527595463046 404599368024833
208321 514854 718602141766 718655053081 695366748329 695421427517 404599368024832 404643640674867
91463 226019 718540283091 718602141767 695421427516 695485342459 404643640674866 404695397193228
403651 997303 718427463970 718540283092 695485342458 695601882555 404695397193227 404789784345875
352487 870782 718418288639 718427463971 695601882554 695611358842 404789784345874 404797460222542
338820 836977 718378767037 718418288640 695611358841 695652173914 404797460222541 404830522383856
324261 800896 718277703615 718378767038 695652173913 695756523857 404830522383855 404915062560659
90911 224510 718240222789 718277703616 695756523856 695795215828 404915062560658 404946413544869
141094 348415 718208685757 718240222790 695795215827 695827768707 404946413544868 404972791997924
120904 298533 718158564145 718208685758 695827768706 695879498724 404972791997923 405014713569200
166375 410749 718067675246 718158564146 695879498723 695973285239 405014713569199 405090727953443
91859 226752 718026888174 718067675247 695973285238 696015364672 405090727953442 405124837953328
105306 259927 717998215738 718026888175 696015364671 696044942656 405124837953327 405148815801438
347030 856463 717900393451 717998215739 696044942655 696145836074 405148815801437 405230616820151
19486 48081 717795588793 717900393452 696145836073 696253899601 405230616820150 405318248656654
33679 83092 717787065157 717795588794 696253899600 696262686846 405318248656653 405325375285480
125960 310747 717738140020 717787065158 696262686845 696313120916 405325375285479 405366280629535
240835 594052 717632026025 717738140021 696313120915 696422483283 405366280629534 405454994277344
6629 16349 717600373933 717632026026 696422483282 696455097857 405454994277343 405481454490772
9883 24373 717580691628 717600373934 696455097856 696475377169 405481454490771 405497907937229
286262 705935 717557528853 717580691629 696475377168 696499241052 405497907937228 405517270514336
335753 827910 717496271771 717557528854 696499241051 696562344658 405517270514335 405568475522073
404693 997771 717427837975 717496271772 696562344657 696632828180 405568475522072 405625676244131
47029 115940 717412171221 717427837976 696632828179 696648962236 405625676244130 405638770884057
337276 831405 717337632579 717412171222 696648962235 696725714242 405638770884056 405701069506930
307167 757081 717279380859 717337632580 696725714241 696785684264 405701069506929 405749752794807
321191 791559 717230609020 717279380860 696785684263 696835887053 405749752794806 405790511415006
314429 774794 717153549299 717230609021 696835887052 696915193354 405790511415005 405854906591041
399355 983966 717135133310 717153549300 696915193353 696934143641 405854906591040 405870295307693
319031 786035 717126782643 717135133311 696934143640 696942736253 405870295307692 405877273185281
397763 979936 717055341535 717126782644 696942736252 697016238818 405877273185280 405936967759067
404804 997147 716994918814 717055341536 697016238817 697078393292 405936967759066 405987452643794
114904 283003 716924433038 716994918815 697078393291 697150885614 405987452643793 406046342051181
268231 660566 716886046597 716924433039 697150885613 697190358650 406046342051180 406078411570648
372756 917915 716858570585 716886046598 697190358649 697218609748 406078411570647 406101365419828
63461 156250 716741173125 716858570586 697218609747 697339293851 406101365419827 406199434583717
367557 904858 716730080756 716741173126 697339293850 697350694658 406199434583716 406208700176037
400714 986469 716725930909 716730080757 697350694657 697354959804 406208700176036 406212166571146
382899 942605 716722423678 716725930910 697354959803 697358564439 406212166571145 406215096174107
404255 995169 716716820087 716722423679 697358564438 697364323582 406215096174106 406219776856141
217809 536101 716564192106 716716820088 697364323581 697521152792 406219776856140 406347258086007
161251 396822 716543261642 716564192107 697521152791 697542654033 406347258086006 406364738727987
99698 245323 716471188104 716543261643 697542654032 697616683155 406364738727986 406424930397419
406083 999097 716411089444 716471188105 697616683154 697678400785 406424930397418 406475118387958
401465 987626 716363546722 716411089445 697678400784 697727216702 406475118387957 406514819097630
245709 604399 716316587251 716363546723 697727216701 697775427217 406514819097629 406554031115020
321863 791642 716262870035 716316587252 697775427216 697830567551 406554031115019 406598883966923
363289 893452 716229588144 716262870036 697830567550 697864726911 406598883966922 406626672638104
379539 933347 716190538938 716229588145 697864726910 697904801485 406626672638103 406659275674582
372373 915621 716119303681 716190538939 697904801484 697977895707 406659275674581 406718748637680
11395 28016 716087875339 716119303682 697977895706 698010139463 406718748637679 406744986368617
300599 738987 716023870234 716087875340 698010139462 698075796210 406744986368616 406798418319485
337991 830836 716000139620 716023870235 698075796209 698100136130 406798418319484 406818228047531
154211 379046 715948447235 716000139621 698100136129 698153150034 406818228047530 406861378124883
152577 374977 715863198964 715948447236 698153150033 698240560530 406861378124882 406932534569666
396402 974041 715781948377 715863198965 698240560529 698323852076 406932534569665 407000349161969
380279 934275 715708207565 715781948378 698323852075 698399428425 407000349161968 407061891611316
373839 918290 715608679262 715708207566 698399428424 698501408849 407061891611315 407144949364977
205646 505075 715574205880 715608679263 698501408848 698536724789 407144949364976 407173716178458
365169 896824 715558600476 715574205881 698536724788 698552710456 407173716178457 407186738046473
407169 999914 715517179144 715558600477 698552710455 698595137651 407186738046472 407221301042002
386941 950098 715414102267 715517179145 698595137650 698700695776 407221301042001 407307305479263
247371 607309 715376179205 715414102268 698700695775 698739523876 407307305479262 407338945442736
51129 125509 715294117647 715376179206 698739523875 698823529412 407338945442735 407407407407408
401097 984491 715274455956 715294117648 698823529411 698843653943 407407407407407 407423809942591
200087 491059 715187202401 715274455957 698843653942 698932947802 407423809942590 407496596769491
328788 806809 715139421492 715187202402 698932947801 698981836551 407496596769490 407536453183663
248541 609784 715014409039 715139421493 698981836550 699109715900 407536453183662 407640724308210
207249 508408 715008774384 715014409040 699109715899 699115478697 407640724308209 407645423824363
343047 841531 715006669013 715008774385 699115478696 699117631924 407645423824362 407647179778143
402037 986233 715002051773 715006669014 699117631923 699122354070 407647179778142 407651030706438
362999 890356 714882304463 715002051774 699122354069 699244800314 407651030706437 407750898410447
337214 826969 714834025585 714882304464 699244800313 699294155464 407750898410446 407791159395216
165706 406307 714730147006 714834025586 699294155463 699400326681 407791159395215 407877780595077
361176 885445 714668765993 714730147007 699400326680 699463047569 407877780595076 407928960648468
400749 982298 714568159719 714668765994 699463047568 699565826149 407928960648467 408012841124578
141426 346601 714510426493 714568159720 699565826148 699624792609 408012841124577 408060972856888
406187 995373 714476381560 714510426494 699624792608 699659560210 408060972856887 408089354705805
172554 422783 714358581375 714476381561 699659560209 699779834817 408089354705804 408187553303544
110596 270911 714238995708 714358581376 699779834816 699901890989 408187553303543 408287229925571
235833 577600 714212839142 714238995709 699901890988 699928582360 408287229925570 408309030464257
363483 890176 714169436106 714212839143 699928582359 699972868425 408309030464256 408345204202626
390256 955607 714072839144 714169436107 699972868424 700071410927 408345204202625 408425706853528
199139 487549 714016450584 714072839145 700071410926 700128922625 408425706853527 408472697205403
392498 960815 713938248596 714016450585 700128922624 700208666893 408472697205402 408537861539620
217383 532031 713811050418 713938248597 700208666892 700338335592 408537861539619 408643844034489
113128 276837 713808759938 713811050419 700338335591 700340670129 408643844034488 408645752372814
398413 974958 713807394531 713808759939 700340670128 700342061791 408645752372813 408646889974201
392025 959204 713684088491 713807394532 700342061790 700467716483 408646889974200 408749617964298
340704 833465 713610635437 713684088492 700467716482 700542547595 408749617964297 408810807488976
140230 343003 713563970368 713610635438 700542547594 700590079999 408810807488975 408849679447640
394976 965991 713487191128 713563970369 700590079998 700668272505 408849679447639 408913633047582
17200 42061 713448160609 713487191129 700668272504 700708014885 408913633047581 408946142050212
370345 905587 713425117833 713448160610 700708014884 700731475848 408946142050211 408965334145360
407500 996327 713336431514 713425117834 700731475847 700821757278 408965334145359 409039196498070
285737 698495 713249903838 713336431515 700821757277 700909819217 409039196498069 409111255541975
29903 73091 713228571151 713249903839 700909819216 700931526822 409111255541974 409129020274525
18641 45561 713193109380 713228571152 700931526821 700967608904 409129020274524 409158550232912
290038 708815 713124382013 713193109381 700967608903 701037528082 409158550232911 409215778749866
392215 958416 713084157205 713124382014 701037528081 701078444072 409215778749865 409249271918744
209914 512893 713023679810 713084157206 701078444071 701139951814 409249271918743 409299626197385
76172 186085 712927129903 713023679811 701139951813 701238124640 409299626197384 409380009457244
299648 731955 712926292385 712927129904 701238124639 701238976117 409380009457243 409380706708816
21147 51656 712924887227 712926292386 701238976116 701240404692 409380706708815 409381876531818
315167 769788 712832058729 712924887228 701240404691 701334767460 409381876531817 409459155020626
169509 413960 712778150769 712832058730 701334767459 701389554946 409459155020625 409504029830158
54195 132338 712740828094 712778150770 701389554945 701427481617 409504029830157 409535097261126
123433 301379 712679263866 712740828095 701427481616 701490033326 409535097261125 409586341193862
66227 161688 712652459189 712679263867 701490033325 701517264515 409586341193861 409608651627110
377927 922639 712636615872 712652459190 701517264514 701533358949 409608651627109 409621838308662
406311 991847 712566819448 712636615873 701533358948 701604252996 409621838308661 409679928997652
230218 561909 712501980293 712566819449 701604252995 701670099176 409679928997651 409733890675849
208676 509287 712483784370 712501980294 701670099175 701688575516 409733890675848 409749033491786
349171 852132 712453503652 712483784371 701688575515 701719320764 409749033491785 409774232857527
373843 912268 712403236911 712453503653 701719320763 701770352779 409774232857526 409816062975938
72097 175920 712373751080 712403236912 701770352778 701800284106 409816062975937 409840599146605
289754 706957 712325066937 712373751081 701800284105 701849698307 409840599146604 409881109526337
288129 702905 712251481193 712325066938 701849698306 701924374515 409881109526336 409942337456773
126595 308811 712249170721 712251481194 701924374514 701926718972 409942337456772 409944259850983
189115 461317 712245294644 712249170722 701926718971 701930652028 409944259850982 409947484874457
269651 657723 712175450482 712245294645 701930652027 702001515476 409947484874456 410005595675245
314247 766414 712134764276 712175450483 702001515475 702042788945 410005595675244 410039445254622
16537 40329 712103813967 712134764277 702042788944 702074182785 410039445254621 410065194094690
122882 299649 712052669754 712103813968 702074182784 702126053851 410065194094689 410107741574997
389599 949974 712034174065 712052669755 702126053850 702144810537 410107741574996 410123127898359
362299 883381 712023230125 712034174066 702144810536 702155908443 410123127898358 410132231903811
351497 856984 711966448453 712023230126 702155908442 702213483406 410132231903810 410179465865316
88730 216309 711916540759 711966448454 702213483405 702264080666 410179465865315 410220979787919
117305 285951 711900559273 711916540760 702264080665 702280281446 410220979787918 410234273037038
114993 280303 711873944850 711900559274 702280281445 702307259426 410234273037037 410256410256411
403498 983467 711814386977 711873944851 702307259425 702367623465 410256410256410 410305947191193
188519 459414 711716485364 711814386978 702367623464 702466828015 410305947191192 410387370817629
252624 615569 711707669716 711716485365 702466828014 702475759630 410387370817628 410394702353503
9877 24065 711622575651 711707669717 702475759629 702561961555 410394702353502 410465468000326
118135 287787 711552588847 711622575652 702561961554 702632843885 410465468000325 410523666326485
106967 260557 711532418399 711552588848 702632843884 702653269805 410523666326484 410540438644662
253517 617466 711445792957 711532418400 702653269804 702740979084 410540438644661 410612466942006
290251 706846 711407609874 711445792958 702740979083 702779633039 410612466942005 410644214144858
241931 589123 711362495650 711407609875 702779633038 702825298195 410644214144857 410681722884990
348541 848620 711282338179 711362495651 702825298194 702906420084 410681722884989 410748363610646
54343 132301 711271777926 711282338180 702906420083 702917106013 410748363610645 410757142774858
287687 700335 711205146195 711271777927 702917106012 702984523319 410757142774857 410812534593822
248015 603681 711144254683 711205146196 702984523318 703046121554 410812534593821 410863151735564
369945 900397 711130758029 711144254684 703046121553 703059773408 410863151735563 410874370710002
53593 130427 711059023561 711130758030 703059773407 703132323970 410874370710001 410933997183909
398696 970185 711024301129 711059023562 703132323969 703167436108 410933997183908 410962857537213
11389 27712 710989803206 711024301130 703167436107 703202317784 410962857537212 410991530437972
314237 764531 710922967003 710989803207 703202317783 703269887730 410991530437971 411047078852777
395753 962781 710911263293 710922967004 703269887729 703281718604 411047078852776 411056805628536
20905 50854 710858393803 710911263294 703281718603 703335157631 411056805628535 411100743449987
305277 742544 710804560361 710858393804 703335157630 703389562738 411100743449986 411145480340079
267561 650764 710795970531 710804560362 703389562737 703398243015 411145480340078 411152618506793
392759 955205 710735591525 710795970532 703398243014 703459251797 411152618506792 411202792109784
157307 382541 710703674736 710735591526 703459251796 703491497259 411202792109783 411229313204696
8027 19519 710677157940 710703674737 703491497258 703518284896 411229313204695 411251346655092
280225 681357 710620577203 710677157941 703518284895 703575436791 411251346655091 411298359300795
277627 674993 710608143671 710620577204 703575436790 703587994602 411298359300794 411308689955801
85479 207803 710517552196 710608143672 703587994601 703679478187 411308689955800 411383956442032
340414 827413 710431527111 710517552197 703679478186 703766328611 411383956442031 411455423648999
295765 718767 710349731864 710431527112 703766328610 703848888925 411455423648998 411523371981437
9267 22517 710271862161 710349731865 703848888924 703927469149 411523371981436 411588054929704
406295 987066 710197642197 710271862162 703927469148 704002350151 411588054929703 411649702221436
270192 656317 710126821396 710197642198 704002350150 704073786995 411649702221435 411708522540706
283654 688921 710059171597 710126821397 704073786994 704142011835 411708522540705 411764705882353
387787 941707 709994484599 710059171598 704142011834 704207236429 411764705882352 411818425597315
354118 859835 709932570031 709994484600 704207236428 704269654330 411818425597314 411869840175230
4668 11333 709873253478 709932570032 704269654329 704329442801 411869840175229 411919094802848
167851 407462 709816374852 709873253479 704329442800 704386764493 411919094802847 411966322730458
334217 811228 709761786944 709816374853 704386764492 704441768917 411966322730457 412011646473339
156316 379377 709709354160 709761786945 704441768916 704494593747 412011646473338 412055178871032
136302 330769 709658951395 709709354161 704494593746 704545365966 412055178871031 412097024023654
73804 179085 709610463042 709658951396 704545365965 704594202887 412097024023653 412137278121588
404479 981372 709563782101 709610463043 704594202886 704641213051 412137278121587 412176030182453
23627 57320 709518809402 709563782102 704641213050 704686497036 412176030182452 412213362707210
284189 689392 709475452894 709518809403 704686497035 704730148170 412213362707209 412249352265564
118645 287787 709433627023 709475452895 704730148169 704772253178 412249352265563 412284070019404
203978 494731 709393252164 709433627024 704772253177 704812892748 412284070019403 412317582191781
399631 969193 709354254122 709393252165 704812892747 704852142054 412317582191780 412349950487933
767 1860 709316563673 709354254123 704852142053 704890071216 412349950487932 412381232473972
3034 7357 709280116155 709316563674 704890071215 704926745717 412381232473971 412411481918121
247075 599077 709244851100 709280116156 704926745716 704962226781 412411481918120 412440749098749
314362 762173 709210711898 709244851101 704962226780 704996571714 412440749098748 412469081082916
156608 378883 707106781186 709210711899 704996571713 707106781187 412469081082915 414213562373096
